ISO-10303-21;
HEADER;
FILE_DESCRIPTION (( 'STEP AP214' ),
    '1' );
FILE_NAME ('Wired Barrel Jack 5.68mm.STEP',
    '2026-02-09T19:21:04',
    ( '' ),
    ( '' ),
    'SwSTEP 2.0',
    'SolidWorks 2025',
    '' );
FILE_SCHEMA (( 'AUTOMOTIVE_DESIGN' ));
ENDSEC;

DATA;
#1 = CIRCLE ( 'NONE', #1498, 0.2240000000000000324 ) ;
#2 = AXIS2_PLACEMENT_3D ( 'NONE', #592, #643, #4432 ) ;
#3 = CARTESIAN_POINT ( 'NONE',  ( -0.2240000000000000324, -0.07231223745764317479, -1.220999999999999863 ) ) ;
#4 = ORIENTED_EDGE ( 'NONE', *, *, #1637, .T. ) ;
#5 = CIRCLE ( 'NONE', #1030, 0.2149999999999999967 ) ;
#6 = EDGE_LOOP ( 'NONE', ( #2733, #2755, #188, #3923 ) ) ;
#7 = DIRECTION ( 'NONE',  ( 1.000000000000000000, 0.000000000000000000, 0.000000000000000000 ) ) ;
#8 = ORIENTED_EDGE ( 'NONE', *, *, #1270, .F. ) ;
#9 = VECTOR ( 'NONE', #3374, 39.37007874015748143 ) ;
#10 = CARTESIAN_POINT ( 'NONE',  ( 0.000000000000000000, 0.000000000000000000, -0.7300000000000000933 ) ) ;
#11 = CARTESIAN_POINT ( 'NONE',  ( 0.1549259135372738627, -0.04912736350806327923, -1.399000000000000021 ) ) ;
#12 = CARTESIAN_POINT ( 'NONE',  ( -0.1487688718478926142, 0.1000559349366347411, -1.007999999999999785 ) ) ;
#13 = ORIENTED_EDGE ( 'NONE', *, *, #4310, .T. ) ;
#14 = AXIS2_PLACEMENT_3D ( 'NONE', #1244, #876, #1276 ) ;
#15 = EDGE_LOOP ( 'NONE', ( #4532, #2642, #799, #1170 ) ) ;
#16 = CARTESIAN_POINT ( 'NONE',  ( -0.1504193919682266789, 0.000000000000000000, -1.458000000000000185 ) ) ;
#17 = FACE_BOUND ( 'NONE', #2162, .T. ) ;
#18 = DIRECTION ( 'NONE',  ( 1.000000000000000000, 0.000000000000000000, 0.000000000000000000 ) ) ;
#19 = DIRECTION ( 'NONE',  ( -1.000000000000000000, -7.105427357601001859E-15, 0.000000000000000000 ) ) ;
#20 = DIRECTION ( 'NONE',  ( 1.000000000000000000, 0.000000000000000000, -0.000000000000000000 ) ) ;
#21 = DIRECTION ( 'NONE',  ( -0.000000000000000000, -0.000000000000000000, -1.000000000000000000 ) ) ;
#22 = AXIS2_PLACEMENT_3D ( 'NONE', #1679, #1302, #2439 ) ;
#23 = ORIENTED_EDGE ( 'NONE', *, *, #2571, .T. ) ;
#24 = ORIENTED_EDGE ( 'NONE', *, *, #1872, .T. ) ;
#25 = ADVANCED_FACE ( 'NONE', ( #4208, #816 ), #3474, .F. ) ;
#26 = ORIENTED_EDGE ( 'NONE', *, *, #4116, .T. ) ;
#27 = EDGE_CURVE ( 'NONE', #4883, #4167, #4530, .T. ) ;
#28 = CARTESIAN_POINT ( 'NONE',  ( 0.000000000000000000, 0.000000000000000000, -0.6690000000000001501 ) ) ;
#29 = EDGE_CURVE ( 'NONE', #4145, #2532, #744, .T. ) ;
#30 = VERTEX_POINT ( 'NONE', #2476 ) ;
#31 = ADVANCED_FACE ( 'NONE', ( #4364 ), #4337, .F. ) ;
#32 = CARTESIAN_POINT ( 'NONE',  ( 0.000000000000000000, 0.000000000000000000, -0.6540000000000000258 ) ) ;
#33 = AXIS2_PLACEMENT_3D ( 'NONE', #1249, #1281, #2761 ) ;
#34 = DIRECTION ( 'NONE',  ( -0.000000000000000000, -0.000000000000000000, -1.000000000000000000 ) ) ;
#35 = CARTESIAN_POINT ( 'NONE',  ( -0.1174778889207216126, 0.1091717148729781511, -1.449004253555845390 ) ) ;
#36 = ORIENTED_EDGE ( 'NONE', *, *, #2293, .T. ) ;
#37 = EDGE_CURVE ( 'NONE', #4677, #3927, #160, .T. ) ;
#38 = ORIENTED_EDGE ( 'NONE', *, *, #2571, .F. ) ;
#39 = CARTESIAN_POINT ( 'NONE',  ( 0.1174588720341970399, 0.1092467498743630860, -1.448428178383922349 ) ) ;
#40 = CARTESIAN_POINT ( 'NONE',  ( 0.1174588720341970399, 0.1092467498743630860, -1.448428178383922349 ) ) ;
#41 = TOROIDAL_SURFACE ( 'NONE', #2641, 0.2149999999999999967, 0.005000000000000000104 ) ;
#42 = TOROIDAL_SURFACE ( 'NONE', #2645, 0.2190000000000000002, 0.005000000000000000104 ) ;
#43 = LINE ( 'NONE', #3813, #2193 ) ;
#44 = CARTESIAN_POINT ( 'NONE',  ( -0.2240000000000000324, -0.1504621848739496892, -1.131999999999999895 ) ) ;
#45 = CARTESIAN_POINT ( 'NONE',  ( -0.2240000000000000324, -0.09549711140722307035, -1.042999999999999705 ) ) ;
#46 = PLANE ( 'NONE',  #3884 ) ;
#47 = CIRCLE ( 'NONE', #2413, 0.005000000000000014849 ) ;
#48 = EDGE_CURVE ( 'NONE', #869, #4434, #4227, .T. ) ;
#49 =( BOUNDED_CURVE ( )  B_SPLINE_CURVE ( 3, ( #2275, #2327, #1191, #3428 ),
 .UNSPECIFIED., .F., .T. ) 
 B_SPLINE_CURVE_WITH_KNOTS ( ( 4, 4 ),
 ( 4.682665705525906219, 4.710445167544855316 ),
 .UNSPECIFIED. ) 
 CURVE ( )  GEOMETRIC_REPRESENTATION_ITEM ( )  RATIONAL_B_SPLINE_CURVE ( ( 1.000000000000000000, 0.9999356928247078447, 0.9999356928247078447, 1.000000000000000000 ) ) 
 REPRESENTATION_ITEM ( '' )  );
#50 = CIRCLE ( 'NONE', #3693, 0.1792857142857142982 ) ;
#51 = CARTESIAN_POINT ( 'NONE',  ( 0.000000000000000000, 0.000000000000000000, -1.310000000000000053 ) ) ;
#52 = LINE ( 'NONE', #3, #9 ) ;
#53 = ORIENTED_EDGE ( 'NONE', *, *, #1789, .T. ) ;
#54 = EDGE_LOOP ( 'NONE', ( #4259, #372, #2825, #2859 ) ) ;
#55 = EDGE_CURVE ( 'NONE', #394, #1160, #1223, .T. ) ;
#56 = ORIENTED_EDGE ( 'NONE', *, *, #1270, .T. ) ;
#57 = DIRECTION ( 'NONE',  ( -1.000000000000000000, 0.000000000000000000, 0.000000000000000000 ) ) ;
#58 = ORIENTED_EDGE ( 'NONE', *, *, #2083, .F. ) ;
#59 = FACE_OUTER_BOUND ( 'NONE', #3963, .T. ) ;
#60 = EDGE_CURVE ( 'NONE', #1354, #1734, #3751, .T. ) ;
#61 = DIRECTION ( 'NONE',  ( -0.000000000000000000, -0.000000000000000000, -1.000000000000000000 ) ) ;
#62 = DIRECTION ( 'NONE',  ( -0.000000000000000000, -0.000000000000000000, -1.000000000000000000 ) ) ;
#63 = ORIENTED_EDGE ( 'NONE', *, *, #646, .F. ) ;
#64 = AXIS2_PLACEMENT_3D ( 'NONE', #2285, #4150, #1549 ) ;
#65 = VERTEX_POINT ( 'NONE', #1360 ) ;
#66 = DIRECTION ( 'NONE',  ( -1.000000000000000000, 0.000000000000000000, 0.000000000000000000 ) ) ;
#67 = CARTESIAN_POINT ( 'NONE',  ( -0.1549940823588926986, -0.05368618703747504717, -1.363999999999999879 ) ) ;
#68 = AXIS2_PLACEMENT_3D ( 'NONE', #342, #755, #4126 ) ;
#69 = CARTESIAN_POINT ( 'NONE',  ( 0.1141040155944287871, -0.1015316563870041627, -1.458000000000000185 ) ) ;
#70 = DIRECTION ( 'NONE',  ( -1.000000000000000000, 1.224646799147346798E-16, 0.000000000000000000 ) ) ;
#71 = CARTESIAN_POINT ( 'NONE',  ( 0.02339240769683319232, 0.1854999999999999705, -0.8630000000000002114 ) ) ;
#72 = CARTESIAN_POINT ( 'NONE',  ( 0.1101443975884642545, 0.1226357439655118703, -1.345635256006715519 ) ) ;
#73 = CARTESIAN_POINT ( 'NONE',  ( 0.000000000000000000, 0.000000000000000000, -0.6540000000000000258 ) ) ;
#74 = ORIENTED_EDGE ( 'NONE', *, *, #2474, .F. ) ;
#75 = DIRECTION ( 'NONE',  ( 0.000000000000000000, -0.000000000000000000, -1.000000000000000000 ) ) ;
#76 = DIRECTION ( 'NONE',  ( -1.000000000000000000, 0.000000000000000000, 0.000000000000000000 ) ) ;
#77 = EDGE_CURVE ( 'NONE', #3748, #1345, #2096, .T. ) ;
#78 = ORIENTED_EDGE ( 'NONE', *, *, #3971, .F. ) ;
#79 = ORIENTED_EDGE ( 'NONE', *, *, #128, .F. ) ;
#80 = AXIS2_PLACEMENT_3D ( 'NONE', #1640, #3925, #161 ) ;
#81 = CIRCLE ( 'NONE', #706, 0.03999999999999998002 ) ;
#82 = DIRECTION ( 'NONE',  ( -0.000000000000000000, 0.000000000000000000, -1.000000000000000000 ) ) ;
#83 = FACE_OUTER_BOUND ( 'NONE', #1409, .T. ) ;
#84 = ORIENTED_EDGE ( 'NONE', *, *, #4414, .F. ) ;
#85 = AXIS2_PLACEMENT_3D ( 'NONE', #4381, #4746, #2919 ) ;
#86 = AXIS2_PLACEMENT_3D ( 'NONE', #3940, #3358, #4446 ) ;
#87 = CIRCLE ( 'NONE', #4356, 0.2240000000000000324 ) ;
#88 = LINE ( 'NONE', #1917, #916 ) ;
#89 = CARTESIAN_POINT ( 'NONE',  ( -0.2240000000000000324, 0.1272773109243697798, -1.310000000000000053 ) ) ;
#90 =( BOUNDED_CURVE ( )  B_SPLINE_CURVE ( 3, ( #3136, #71, #2000, #2024 ),
 .UNSPECIFIED., .F., .T. ) 
 B_SPLINE_CURVE_WITH_KNOTS ( ( 4, 4 ),
 ( 0.000000000000000000, 0.5262724020848228434 ),
 .UNSPECIFIED. ) 
 CURVE ( )  GEOMETRIC_REPRESENTATION_ITEM ( )  RATIONAL_B_SPLINE_CURVE ( ( 1.000000000000000000, 0.9770526470511896600, 0.9770526470511896600, 1.000000000000000000 ) ) 
 REPRESENTATION_ITEM ( '' )  );
#91 = VERTEX_POINT ( 'NONE', #3552 ) ;
#92 = ORIENTED_EDGE ( 'NONE', *, *, #3509, .F. ) ;
#93 = DIRECTION ( 'NONE',  ( -1.000000000000000000, 0.000000000000000000, 0.000000000000000000 ) ) ;
#94 = FACE_OUTER_BOUND ( 'NONE', #1190, .T. ) ;
#96 = CIRCLE ( 'NONE', #2944, 0.2190000000000000002 ) ;
#95 = DIRECTION ( 'NONE',  ( 0.000000000000000000, 0.000000000000000000, -1.000000000000000000 ) ) ;
#97 = ADVANCED_FACE ( 'NONE', ( #2499 ), #3623, .F. ) ;
#98 = CARTESIAN_POINT ( 'NONE',  ( -0.2190000000000000002, 2.712592660111387510E-17, -0.7020000000000000684 ) ) ;
#99 = CARTESIAN_POINT ( 'NONE',  ( -0.2240000000000000324, 0.1854999999999999982, -0.8630000000000002114 ) ) ;
#100 = EDGE_CURVE ( 'NONE', #1983, #2346, #3255, .T. ) ;
#101 = CARTESIAN_POINT ( 'NONE',  ( -0.1140929253262023130, 0.1015071617568093082, -1.458000000000000185 ) ) ;
#102 = CARTESIAN_POINT ( 'NONE',  ( 0.2190000000000000002, 0.000000000000000000, -0.6970000000000000639 ) ) ;
#103 = AXIS2_PLACEMENT_3D ( 'NONE', #581, #227, #3640 ) ;
#104 = ORIENTED_EDGE ( 'NONE', *, *, #2749, .F. ) ;
#105 = CARTESIAN_POINT ( 'NONE',  ( -0.2190000000000000002, 0.000000000000000000, -0.5550000000000000488 ) ) ;
#106 = FACE_OUTER_BOUND ( 'NONE', #1717, .T. ) ;
#107 = EDGE_LOOP ( 'NONE', ( #4686, #3597, #3614, #1320 ) ) ;
#108 = ORIENTED_EDGE ( 'NONE', *, *, #4562, .T. ) ;
#109 = EDGE_CURVE ( 'NONE', #4067, #4821, #4847, .T. ) ;
#110 = ORIENTED_EDGE ( 'NONE', *, *, #3333, .F. ) ;
#111 = DIRECTION ( 'NONE',  ( 1.000000000000000000, 0.000000000000000000, 0.000000000000000000 ) ) ;
#112 = ORIENTED_EDGE ( 'NONE', *, *, #3304, .T. ) ;
#113 = DIRECTION ( 'NONE',  ( -1.000000000000000000, 0.000000000000000000, 0.000000000000000000 ) ) ;
#114 = DIRECTION ( 'NONE',  ( 0.000000000000000000, -1.000000000000000000, 0.000000000000000000 ) ) ;
#115 = ORIENTED_EDGE ( 'NONE', *, *, #1460, .T. ) ;
#116 = EDGE_LOOP ( 'NONE', ( #1336, #2612, #841, #4008 ) ) ;
#117 = DIRECTION ( 'NONE',  ( -1.000000000000000000, 0.000000000000000000, 0.000000000000000000 ) ) ;
#118 = CARTESIAN_POINT ( 'NONE',  ( 0.08733377858618662781, -0.1504621848739496892, -1.131999999999999895 ) ) ;
#119 = CIRCLE ( 'NONE', #33, 0.005000000000000014849 ) ;
#120 = CARTESIAN_POINT ( 'NONE',  ( -0.1174588720341970399, -0.1092467498743630860, -1.448428178383922349 ) ) ;
#121 = CARTESIAN_POINT ( 'NONE',  ( 0.000000000000000000, 0.000000000000000000, -1.096999999999999753 ) ) ;
#122 = PLANE ( 'NONE',  #2168 ) ;
#123 = DIRECTION ( 'NONE',  ( 0.000000000000000000, 0.000000000000000000, 1.000000000000000000 ) ) ;
#124 = EDGE_CURVE ( 'NONE', #4771, #3965, #1663, .T. ) ;
#125 = LINE ( 'NONE', #3591, #788 ) ;
#126 = AXIS2_PLACEMENT_3D ( 'NONE', #2741, #154, #3892 ) ;
#127 = ADVANCED_FACE ( 'NONE', ( #4009 ), #4308, .T. ) ;
#128 = EDGE_CURVE ( 'NONE', #1044, #3472, #3924, .T. ) ;
#129 = CARTESIAN_POINT ( 'NONE',  ( -0.2240000000000000324, -0.1854999999999999982, -0.8630000000000002114 ) ) ;
#130 = CARTESIAN_POINT ( 'NONE',  ( -0.2240000000000000324, 0.000000000000000000, -0.5550000000000000488 ) ) ;
#131 = VERTEX_POINT ( 'NONE', #4678 ) ;
#132 = ORIENTED_EDGE ( 'NONE', *, *, #503, .T. ) ;
#133 = AXIS2_PLACEMENT_3D ( 'NONE', #2054, #1193, #3984 ) ;
#134 = AXIS2_PLACEMENT_3D ( 'NONE', #28, #792, #1913 ) ;
#135 = VERTEX_POINT ( 'NONE', #1290 ) ;
#136 = ORIENTED_EDGE ( 'NONE', *, *, #3376, .T. ) ;
#137 = DIRECTION ( 'NONE',  ( -0.000000000000000000, -0.000000000000000000, -1.000000000000000000 ) ) ;
#138 = ORIENTED_EDGE ( 'NONE', *, *, #3914, .F. ) ;
#139 = CARTESIAN_POINT ( 'NONE',  ( -0.2240000000000000324, 0.1504621848739496059, -1.131999999999999895 ) ) ;
#140 = DIRECTION ( 'NONE',  ( 0.000000000000000000, -1.000000000000000000, 0.000000000000000000 ) ) ;
#141 = VERTEX_POINT ( 'NONE', #1715 ) ;
#142 = EDGE_CURVE ( 'NONE', #598, #4343, #2171, .T. ) ;
#143 = ORIENTED_EDGE ( 'NONE', *, *, #3070, .T. ) ;
#144 = FACE_OUTER_BOUND ( 'NONE', #2142, .T. ) ;
#145 = CARTESIAN_POINT ( 'NONE',  ( 0.09431023057885465355, -0.1434285714285715441, -1.185999999999999943 ) ) ;
#146 = FACE_OUTER_BOUND ( 'NONE', #3284, .T. ) ;
#147 = DIRECTION ( 'NONE',  ( -0.000000000000000000, -0.000000000000000000, 1.000000000000000000 ) ) ;
#148 = FACE_OUTER_BOUND ( 'NONE', #2998, .T. ) ;
#149 = CARTESIAN_POINT ( 'NONE',  ( 0.2190000000000000002, 0.000000000000000000, -0.7680000000000001270 ) ) ;
#150 = CARTESIAN_POINT ( 'NONE',  ( -0.07624201275173772552, -0.1598480311855852154, -1.059940921865507590 ) ) ;
#151 = ADVANCED_FACE ( 'NONE', ( #3202 ), #41, .F. ) ;
#152 = AXIS2_PLACEMENT_3D ( 'NONE', #247, #4372, #2889 ) ;
#153 = AXIS2_PLACEMENT_3D ( 'NONE', #4514, #61, #1126 ) ;
#154 = DIRECTION ( 'NONE',  ( -0.000000000000000000, -0.000000000000000000, -1.000000000000000000 ) ) ;
#155 = CARTESIAN_POINT ( 'NONE',  ( -0.2240000000000000324, 0.000000000000000000, 0.000000000000000000 ) ) ;
#156 = EDGE_LOOP ( 'NONE', ( #4160, #4388 ) ) ;
#157 = EDGE_LOOP ( 'NONE', ( #331, #410 ) ) ;
#158 = EDGE_CURVE ( 'NONE', #1018, #1657, #2802, .T. ) ;
#159 = ORIENTED_EDGE ( 'NONE', *, *, #3714, .F. ) ;
#160 = LINE ( 'NONE', #2798, #3922 ) ;
#161 = DIRECTION ( 'NONE',  ( -1.000000000000000000, -1.224646799147346798E-16, 0.000000000000000000 ) ) ;
#162 = ORIENTED_EDGE ( 'NONE', *, *, #3850, .F. ) ;
#163 = ADVANCED_FACE ( 'NONE', ( #3279 ), #1785, .F. ) ;
#164 = ADVANCED_FACE ( 'NONE', ( #666 ), #2313, .T. ) ;
#165 = DIRECTION ( 'NONE',  ( 1.000000000000000000, 0.000000000000000000, 0.000000000000000000 ) ) ;
#166 = CARTESIAN_POINT ( 'NONE',  ( 0.000000000000000000, 0.000000000000000000, -1.458000000000000185 ) ) ;
#167 = AXIS2_PLACEMENT_3D ( 'NONE', #513, #3495, #1682 ) ;
#168 = ORIENTED_EDGE ( 'NONE', *, *, #1792, .T. ) ;
#169 = ORIENTED_EDGE ( 'NONE', *, *, #451, .F. ) ;
#170 = DIRECTION ( 'NONE',  ( -1.000000000000000000, -0.000000000000000000, 0.000000000000000000 ) ) ;
#171 = DIRECTION ( 'NONE',  ( 1.000000000000000000, 0.000000000000000000, 0.000000000000000000 ) ) ;
#172 = CIRCLE ( 'NONE', #2060, 0.004999999999999946328 ) ;
#173 = CARTESIAN_POINT ( 'NONE',  ( 0.000000000000000000, 0.000000000000000000, -0.7350000000000000977 ) ) ;
#174 = CARTESIAN_POINT ( 'NONE',  ( -0.2240000000000000324, 0.000000000000000000, 0.000000000000000000 ) ) ;
#175 = FACE_OUTER_BOUND ( 'NONE', #3300, .T. ) ;
#176 = CIRCLE ( 'NONE', #1505, 0.2240000000000000324 ) ;
#177 = LINE ( 'NONE', #2867, #1678 ) ;
#178 = CARTESIAN_POINT ( 'NONE',  ( -0.1524009959533436653, -0.08390467443243311563, -1.131999999999999895 ) ) ;
#179 = CIRCLE ( 'NONE', #1675, 0.2240000000000000324 ) ;
#180 = DIRECTION ( 'NONE',  ( -0.000000000000000000, -0.000000000000000000, -1.000000000000000000 ) ) ;
#181 = CARTESIAN_POINT ( 'NONE',  ( 0.000000000000000000, 0.000000000000000000, -0.6160000000000001030 ) ) ;
#182 = VERTEX_POINT ( 'NONE', #2575 ) ;
#183 = AXIS2_PLACEMENT_3D ( 'NONE', #1398, #4002, #4025 ) ;
#184 = DIRECTION ( 'NONE',  ( -0.000000000000000000, -0.000000000000000000, -1.000000000000000000 ) ) ;
#185 = VERTEX_POINT ( 'NONE', #1382 ) ;
#186 = DIRECTION ( 'NONE',  ( -0.000000000000000000, -0.000000000000000000, 1.000000000000000000 ) ) ;
#187 = DIRECTION ( 'NONE',  ( -1.000000000000000000, 0.000000000000000000, 0.000000000000000000 ) ) ;
#188 = ORIENTED_EDGE ( 'NONE', *, *, #1331, .T. ) ;
#189 = AXIS2_PLACEMENT_3D ( 'NONE', #3347, #4861, #4819 ) ;
#190 = EDGE_CURVE ( 'NONE', #1004, #1531, #2309, .T. ) ;
#191 = EDGE_CURVE ( 'NONE', #182, #211, #1687, .T. ) ;
#192 = EDGE_CURVE ( 'NONE', #2333, #2695, #1880, .T. ) ;
#193 = FACE_OUTER_BOUND ( 'NONE', #2079, .T. ) ;
#194 = CARTESIAN_POINT ( 'NONE',  ( 0.04949999999999999539, 0.000000000000000000, -2.208000000000000185 ) ) ;
#195 = ORIENTED_EDGE ( 'NONE', *, *, #1388, .F. ) ;
#196 = EDGE_LOOP ( 'NONE', ( #3508, #3795, #3831, #1458 ) ) ;
#197 = DIRECTION ( 'NONE',  ( 0.000000000000000000, 0.000000000000000000, -1.000000000000000000 ) ) ;
#198 = LINE ( 'NONE', #827, #4436 ) ;
#199 = ADVANCED_FACE ( 'NONE', ( #1456, #3696 ), #3745, .T. ) ;
#200 = CARTESIAN_POINT ( 'NONE',  ( 0.000000000000000000, 0.000000000000000000, -0.8630000000000001004 ) ) ;
#201 = EDGE_LOOP ( 'NONE', ( #38, #1857, #2102, #793 ) ) ;
#202 = DIRECTION ( 'NONE',  ( 1.000000000000000000, 0.000000000000000000, 0.000000000000000000 ) ) ;
#203 = DIRECTION ( 'NONE',  ( -1.224646799147353207E-16, 1.000000000000000000, 0.000000000000000000 ) ) ;
#204 = CARTESIAN_POINT ( 'NONE',  ( -0.1549685680697645007, -0.05064658825081012894, -1.387336274555685645 ) ) ;
#205 = VECTOR ( 'NONE', #4788, 39.37007874015748143 ) ;
#206 = VECTOR ( 'NONE', #698, 39.37007874015748143 ) ;
#207 = CARTESIAN_POINT ( 'NONE',  ( 0.000000000000000000, 0.000000000000000000, -0.5450000000000000400 ) ) ;
#208 = ORIENTED_EDGE ( 'NONE', *, *, #1444, .T. ) ;
#209 = EDGE_CURVE ( 'NONE', #4030, #967, #685, .T. ) ;
#210 = FACE_OUTER_BOUND ( 'NONE', #3434, .T. ) ;
#211 = VERTEX_POINT ( 'NONE', #1765 ) ;
#212 = DIRECTION ( 'NONE',  ( 0.000000000000000000, -0.1291610608394971604, -0.9916236283806550977 ) ) ;
#213 = CARTESIAN_POINT ( 'NONE',  ( -0.1118110236220472287, 0.000000000000000000, -0.03799999999999997824 ) ) ;
#214 = AXIS2_PLACEMENT_3D ( 'NONE', #2436, #3214, #600 ) ;
#215 = ORIENTED_EDGE ( 'NONE', *, *, #1852, .T. ) ;
#216 = AXIS2_PLACEMENT_3D ( 'NONE', #1559, #4554, #7 ) ;
#217 = ADVANCED_FACE ( 'NONE', ( #4484 ), #3191, .T. ) ;
#218 = EDGE_CURVE ( 'NONE', #2626, #412, #2948, .T. ) ;
#219 =( BOUNDED_CURVE ( )  B_SPLINE_CURVE ( 3, ( #1107, #4879, #1501, #324 ),
 .UNSPECIFIED., .F., .T. ) 
 B_SPLINE_CURVE_WITH_KNOTS ( ( 4, 4 ),
 ( 4.824158806431192659, 4.852155933596304038 ),
 .UNSPECIFIED. ) 
 CURVE ( )  GEOMETRIC_REPRESENTATION_ITEM ( )  RATIONAL_B_SPLINE_CURVE ( ( 1.000000000000000000, 0.9999346811392079148, 0.9999346811392079148, 1.000000000000000000 ) ) 
 REPRESENTATION_ITEM ( '' )  );
#220 = DIRECTION ( 'NONE',  ( -0.000000000000000000, -0.000000000000000000, -1.000000000000000000 ) ) ;
#221 = DIRECTION ( 'NONE',  ( -1.000000000000000000, 0.000000000000000000, 0.000000000000000000 ) ) ;
#222 = ORIENTED_EDGE ( 'NONE', *, *, #4116, .F. ) ;
#223 = ORIENTED_EDGE ( 'NONE', *, *, #3869, .F. ) ;
#224 = DIRECTION ( 'NONE',  ( -0.000000000000000000, 0.000000000000000000, -1.000000000000000000 ) ) ;
#225 = ORIENTED_EDGE ( 'NONE', *, *, #1028, .T. ) ;
#226 = DIRECTION ( 'NONE',  ( 0.000000000000000000, 0.000000000000000000, -1.000000000000000000 ) ) ;
#227 = DIRECTION ( 'NONE',  ( 0.000000000000000000, 0.000000000000000000, 1.000000000000000000 ) ) ;
#228 = DIRECTION ( 'NONE',  ( 0.000000000000000000, 0.000000000000000000, 1.000000000000000000 ) ) ;
#229 = CYLINDRICAL_SURFACE ( 'NONE', #4037, 0.2240000000000000324 ) ;
#230 = EDGE_CURVE ( 'NONE', #728, #182, #283, .T. ) ;
#231 = VERTEX_POINT ( 'NONE', #304 ) ;
#232 = CIRCLE ( 'NONE', #3945, 0.2190000000000000002 ) ;
#233 = CARTESIAN_POINT ( 'NONE',  ( 0.1174615737310078095, 0.1091342860131922360, -1.449291610608395064 ) ) ;
#234 = VERTEX_POINT ( 'NONE', #2972 ) ;
#235 = EDGE_CURVE ( 'NONE', #4159, #2236, #1047, .T. ) ;
#236 = CARTESIAN_POINT ( 'NONE',  ( 0.005545194838543985802, -0.01175691724979134427, -2.208000000000000185 ) ) ;
#237 = DIRECTION ( 'NONE',  ( -0.000000000000000000, -0.000000000000000000, -1.000000000000000000 ) ) ;
#238 = ORIENTED_EDGE ( 'NONE', *, *, #3638, .T. ) ;
#239 = AXIS2_PLACEMENT_3D ( 'NONE', #4316, #549, #1363 ) ;
#240 = CARTESIAN_POINT ( 'NONE',  ( -0.2240000000000000324, 0.07687106098705488721, -1.185999999999999943 ) ) ;
#241 = DIRECTION ( 'NONE',  ( 1.000000000000000000, 0.000000000000000000, 0.000000000000000000 ) ) ;
#242 = ORIENTED_EDGE ( 'NONE', *, *, #1683, .F. ) ;
#243 = ORIENTED_EDGE ( 'NONE', *, *, #4831, .T. ) ;
#244 = PLANE ( 'NONE',  #2021 ) ;
#245 = AXIS2_PLACEMENT_3D ( 'NONE', #1876, #2289, #3443 ) ;
#246 =( GEOMETRIC_REPRESENTATION_CONTEXT ( 3 ) GLOBAL_UNCERTAINTY_ASSIGNED_CONTEXT ( ( #705 ) ) GLOBAL_UNIT_ASSIGNED_CONTEXT ( ( #1138, #789, #3794 ) ) REPRESENTATION_CONTEXT ( 'NONE', 'WORKASPACE' ) );
#247 = CARTESIAN_POINT ( 'NONE',  ( 0.000000000000000000, 0.000000000000000000, -0.5450000000000000400 ) ) ;
#248 = EDGE_LOOP ( 'NONE', ( #3543, #2053, #3656, #1929 ) ) ;
#249 = CARTESIAN_POINT ( 'NONE',  ( -0.2240000000000000324, -0.1388697478991597067, -1.220999999999999863 ) ) ;
#250 = DIRECTION ( 'NONE',  ( 1.000000000000000000, -0.000000000000000000, -0.000000000000000000 ) ) ;
#251 = AXIS2_PLACEMENT_3D ( 'NONE', #2868, #4377, #980 ) ;
#252 = CARTESIAN_POINT ( 'NONE',  ( 0.000000000000000000, 0.000000000000000000, -0.7630000000000001226 ) ) ;
#253 = ADVANCED_FACE ( 'NONE', ( #4795 ), #4458, .F. ) ;
#254 = ADVANCED_FACE ( 'NONE', ( #4058 ), #3824, .T. ) ;
#255 = EDGE_CURVE ( 'NONE', #4487, #812, #4681, .T. ) ;
#256 = ADVANCED_FACE ( 'NONE', ( #328 ), #3373, .F. ) ;
#257 = AXIS2_PLACEMENT_3D ( 'NONE', #960, #258, #4028 ) ;
#258 = DIRECTION ( 'NONE',  ( 0.000000000000000000, -0.000000000000000000, 1.000000000000000000 ) ) ;
#259 = VERTEX_POINT ( 'NONE', #98 ) ;
#260 = CARTESIAN_POINT ( 'NONE',  ( 0.000000000000000000, 0.000000000000000000, -0.4499999999999999556 ) ) ;
#261 = EDGE_LOOP ( 'NONE', ( #3377, #3932, #973, #1442 ) ) ;
#262 = DIRECTION ( 'NONE',  ( -0.000000000000000000, -0.000000000000000000, 1.000000000000000000 ) ) ;
#263 = EDGE_CURVE ( 'NONE', #2865, #3678, #4245, .T. ) ;
#264 = CARTESIAN_POINT ( 'NONE',  ( 0.07311675417812017741, 0.1620546218487395607, -1.042999999999999705 ) ) ;
#265 = AXIS2_PLACEMENT_3D ( 'NONE', #1923, #1571, #3463 ) ;
#266 = ORIENTED_EDGE ( 'NONE', *, *, #1614, .F. ) ;
#267 = CARTESIAN_POINT ( 'NONE',  ( 0.000000000000000000, 0.000000000000000000, -0.03799999999999999906 ) ) ;
#268 = CARTESIAN_POINT ( 'NONE',  ( -0.09206620300054810246, 0.1458626143293828836, -1.167312831922802552 ) ) ;
#269 = ORIENTED_EDGE ( 'NONE', *, *, #664, .F. ) ;
#270 = ORIENTED_EDGE ( 'NONE', *, *, #2617, .F. ) ;
#271 = VECTOR ( 'NONE', #805, 39.37007874015748143 ) ;
#272 = FACE_OUTER_BOUND ( 'NONE', #157, .T. ) ;
#273 = CARTESIAN_POINT ( 'NONE',  ( -0.1549912924716461693, 0.05216629382191986797, -1.375668857590391259 ) ) ;
#274 = CARTESIAN_POINT ( 'NONE',  ( 0.2190000000000000002, 2.712592660111387510E-17, -0.7150000000000001910 ) ) ;
#275 = ORIENTED_EDGE ( 'NONE', *, *, #1486, .T. ) ;
#276 = CARTESIAN_POINT ( 'NONE',  ( -0.2099999999999999922, 0.000000000000000000, 0.000000000000000000 ) ) ;
#277 = DIRECTION ( 'NONE',  ( 0.000000000000000000, 0.000000000000000000, 1.000000000000000000 ) ) ;
#278 = ORIENTED_EDGE ( 'NONE', *, *, #3026, .F. ) ;
#279 = FACE_OUTER_BOUND ( 'NONE', #1212, .T. ) ;
#280 = AXIS2_PLACEMENT_3D ( 'NONE', #2663, #3815, #4455 ) ;
#281 = EDGE_CURVE ( 'NONE', #3129, #4343, #4050, .T. ) ;
#282 = EDGE_LOOP ( 'NONE', ( #559, #1296, #738, #270 ) ) ;
#283 = LINE ( 'NONE', #2199, #3025 ) ;
#284 = CARTESIAN_POINT ( 'NONE',  ( -0.1548646245976517122, 0.06071980048285317844, -1.310000000000000053 ) ) ;
#285 = ORIENTED_EDGE ( 'NONE', *, *, #2658, .F. ) ;
#286 = VECTOR ( 'NONE', #1680, 39.37007874015748143 ) ;
#287 = VERTEX_POINT ( 'NONE', #508 ) ;
#288 = CARTESIAN_POINT ( 'NONE',  ( -0.2190000000000000002, 2.712592660111387510E-17, -0.6030000000000000915 ) ) ;
#289 = DIRECTION ( 'NONE',  ( -0.000000000000000000, -0.000000000000000000, -1.000000000000000000 ) ) ;
#290 = VERTEX_POINT ( 'NONE', #4323 ) ;
#291 = VERTEX_POINT ( 'NONE', #461 ) ;
#292 = CARTESIAN_POINT ( 'NONE',  ( 0.000000000000000000, 0.000000000000000000, -0.8630000000000001004 ) ) ;
#293 = AXIS2_PLACEMENT_3D ( 'NONE', #1143, #2651, #2559 ) ;
#294 = VECTOR ( 'NONE', #408, 39.37007874015748143 ) ;
#295 = DIRECTION ( 'NONE',  ( -1.000000000000000000, 0.000000000000000000, 0.000000000000000000 ) ) ;
#296 = LINE ( 'NONE', #1724, #2667 ) ;
#297 = EDGE_CURVE ( 'NONE', #869, #4792, #2551, .T. ) ;
#298 = VERTEX_POINT ( 'NONE', #4276 ) ;
#299 = DIRECTION ( 'NONE',  ( -0.000000000000000000, -0.000000000000000000, -1.000000000000000000 ) ) ;
#300 = CARTESIAN_POINT ( 'NONE',  ( -0.0002500000000000000052, 0.007005446710218416438, -1.457292893218813612 ) ) ;
#301 = CARTESIAN_POINT ( 'NONE',  ( 0.1548058280245455387, 0.06224051940676501860, -1.298324803100290081 ) ) ;
#302 = FACE_OUTER_BOUND ( 'NONE', #2521, .T. ) ;
#303 = EDGE_LOOP ( 'NONE', ( #1235, #53, #1611, #2042 ) ) ;
#304 = CARTESIAN_POINT ( 'NONE',  ( 0.1549940823588927263, -0.05368618703747504717, -1.363999999999999879 ) ) ;
#305 = CARTESIAN_POINT ( 'NONE',  ( 0.07927539734921894288, 0.1575020654655283070, -1.077951884490460310 ) ) ;
#306 = ORIENTED_EDGE ( 'NONE', *, *, #1388, .T. ) ;
#307 = AXIS2_PLACEMENT_3D ( 'NONE', #3440, #1175, #1947 ) ;
#308 = EDGE_CURVE ( 'NONE', #291, #598, #1574, .T. ) ;
#309 = VERTEX_POINT ( 'NONE', #531 ) ;
#310 = EDGE_CURVE ( 'NONE', #2627, #1044, #1058, .T. ) ;
#311 = DIRECTION ( 'NONE',  ( 1.000000000000000000, 0.000000000000000000, 0.000000000000000000 ) ) ;
#312 = CARTESIAN_POINT ( 'NONE',  ( -0.2240000000000000324, -0.05368618703747504717, -1.363999999999999879 ) ) ;
#313 = ORIENTED_EDGE ( 'NONE', *, *, #2666, .T. ) ;
#314 = EDGE_CURVE ( 'NONE', #2430, #290, #903, .T. ) ;
#315 = LINE ( 'NONE', #3033, #3050 ) ;
#316 = DIRECTION ( 'NONE',  ( -0.000000000000000000, -0.000000000000000000, -1.000000000000000000 ) ) ;
#317 = CARTESIAN_POINT ( 'NONE',  ( 0.1999999999999999556, 0.000000000000000000, -0.01000000000000002970 ) ) ;
#318 = ORIENTED_EDGE ( 'NONE', *, *, #2465, .F. ) ;
#319 = CIRCLE ( 'NONE', #389, 0.04000000000000000083 ) ;
#320 = CARTESIAN_POINT ( 'NONE',  ( -0.08221136903435509458, 0.1550210084033614155, -1.096999999999999753 ) ) ;
#321 = FACE_BOUND ( 'NONE', #1422, .T. ) ;
#322 = AXIS2_PLACEMENT_3D ( 'NONE', #2157, #2874, #2902 ) ;
#323 = TOROIDAL_SURFACE ( 'NONE', #3082, 0.1504193919682266789, 0.01000000000000000021 ) ;
#324 = CARTESIAN_POINT ( 'NONE',  ( 0.1534829458819509107, -0.07687106098705495660, -1.185999999999999943 ) ) ;
#325 = CIRCLE ( 'NONE', #2212, 0.2190000000000000002 ) ;
#326 = CYLINDRICAL_SURFACE ( 'NONE', #85, 0.04550000000000001960 ) ;
#327 = EDGE_LOOP ( 'NONE', ( #873, #4602, #3350, #493 ) ) ;
#328 = FACE_OUTER_BOUND ( 'NONE', #116, .T. ) ;
#329 = PRESENTATION_STYLE_ASSIGNMENT (( #1906 ) ) ;
#330 = ORIENTED_EDGE ( 'NONE', *, *, #2246, .F. ) ;
#331 = ORIENTED_EDGE ( 'NONE', *, *, #297, .T. ) ;
#332 = DIRECTION ( 'NONE',  ( 0.000000000000000000, -0.1291610608394978543, 0.9916236283806550977 ) ) ;
#333 = ORIENTED_EDGE ( 'NONE', *, *, #3609, .F. ) ;
#334 = DIRECTION ( 'NONE',  ( 1.000000000000000000, 0.000000000000000000, 0.000000000000000000 ) ) ;
#335 = CIRCLE ( 'NONE', #567, 0.2099999999999999922 ) ;
#336 = EDGE_CURVE ( 'NONE', #3670, #599, #4325, .T. ) ;
#337 = EDGE_CURVE ( 'NONE', #3075, #375, #3791, .T. ) ;
#338 = EDGE_CURVE ( 'NONE', #4343, #598, #2122, .T. ) ;
#339 = DIRECTION ( 'NONE',  ( 1.000000000000000000, 0.000000000000000000, 0.000000000000000000 ) ) ;
#340 = DIRECTION ( 'NONE',  ( -1.000000000000000000, 0.000000000000000000, 0.000000000000000000 ) ) ;
#341 = ORIENTED_EDGE ( 'NONE', *, *, #1332, .T. ) ;
#342 = CARTESIAN_POINT ( 'NONE',  ( -0.2240000000000000324, 0.1854999999999999982, -0.8630000000000002114 ) ) ;
#343 = CYLINDRICAL_SURFACE ( 'NONE', #3897, 0.1118110236220472287 ) ;
#344 = CARTESIAN_POINT ( 'NONE',  ( 0.04949999999999999539, 0.000000000000000000, -2.208000000000000185 ) ) ;
#345 = CARTESIAN_POINT ( 'NONE',  ( 0.2240000000000000324, 2.743208830090071273E-17, -0.6540000000000000258 ) ) ;
#346 = ORIENTED_EDGE ( 'NONE', *, *, #4869, .T. ) ;
#347 = DIRECTION ( 'NONE',  ( 0.000000000000000000, 0.000000000000000000, 1.000000000000000000 ) ) ;
#348 = EDGE_CURVE ( 'NONE', #456, #1160, #4873, .T. ) ;
#349 = ORIENTED_EDGE ( 'NONE', *, *, #4414, .T. ) ;
#350 = AXIS2_PLACEMENT_3D ( 'NONE', #4151, #2265, #3787 ) ;
#351 = ORIENTED_EDGE ( 'NONE', *, *, #4536, .T. ) ;
#352 = DIRECTION ( 'NONE',  ( -0.000000000000000000, -0.000000000000000000, -1.000000000000000000 ) ) ;
#353 = ORIENTED_EDGE ( 'NONE', *, *, #1798, .T. ) ;
#354 = LINE ( 'NONE', #406, #2179 ) ;
#355 = EDGE_CURVE ( 'NONE', #1771, #3575, #2751, .T. ) ;
#356 = AXIS2_PLACEMENT_3D ( 'NONE', #4203, #810, #1367 ) ;
#357 = APPLICATION_CONTEXT ( 'automotive_design' ) ;
#358 = LINE ( 'NONE', #4870, #4171 ) ;
#359 = FACE_OUTER_BOUND ( 'NONE', #3657, .T. ) ;
#360 = ORIENTED_EDGE ( 'NONE', *, *, #3011, .T. ) ;
#361 = AXIS2_PLACEMENT_3D ( 'NONE', #1321, #554, #4344 ) ;
#362 = ORIENTED_EDGE ( 'NONE', *, *, #3056, .F. ) ;
#363 = LINE ( 'NONE', #3759, #3630 ) ;
#364 = DIRECTION ( 'NONE',  ( -0.000000000000000000, -0.000000000000000000, -1.000000000000000000 ) ) ;
#365 = AXIS2_PLACEMENT_3D ( 'NONE', #4258, #2057, #868 ) ;
#366 = DIRECTION ( 'NONE',  ( 0.000000000000000000, 1.000000000000000000, 0.000000000000000000 ) ) ;
#367 = DIRECTION ( 'NONE',  ( -1.000000000000000000, 0.000000000000000000, 0.000000000000000000 ) ) ;
#368 = DIRECTION ( 'NONE',  ( -0.000000000000000000, -0.000000000000000000, 1.000000000000000000 ) ) ;
#369 = DIRECTION ( 'NONE',  ( 1.000000000000000000, 0.000000000000000000, 0.000000000000000000 ) ) ;
#370 = DIRECTION ( 'NONE',  ( 1.000000000000000000, 0.000000000000000000, -0.000000000000000000 ) ) ;
#371 = ORIENTED_EDGE ( 'NONE', *, *, #3026, .T. ) ;
#372 = ORIENTED_EDGE ( 'NONE', *, *, #209, .F. ) ;
#373 = ORIENTED_EDGE ( 'NONE', *, *, #3971, .T. ) ;
#374 = CARTESIAN_POINT ( 'NONE',  ( 0.000000000000000000, 0.000000000000000000, -0.4499999999999999556 ) ) ;
#375 = VERTEX_POINT ( 'NONE', #487 ) ;
#376 = DIRECTION ( 'NONE',  ( -0.000000000000000000, -0.000000000000000000, -1.000000000000000000 ) ) ;
#377 = DIRECTION ( 'NONE',  ( -1.000000000000000000, 0.000000000000000000, 0.000000000000000000 ) ) ;
#378 = AXIS2_PLACEMENT_3D ( 'NONE', #2659, #383, #1826 ) ;
#379 = CARTESIAN_POINT ( 'NONE',  ( -0.1499602011100214793, 0.09549711140722297320, -1.042999999999999705 ) ) ;
#380 = ORIENTED_EDGE ( 'NONE', *, *, #2965, .F. ) ;
#381 = AXIS2_PLACEMENT_3D ( 'NONE', #2340, #3859, #3491 ) ;
#382 = ORIENTED_EDGE ( 'NONE', *, *, #974, .F. ) ;
#383 = DIRECTION ( 'NONE',  ( -0.000000000000000000, -0.000000000000000000, 1.000000000000000000 ) ) ;
#384 = FACE_OUTER_BOUND ( 'NONE', #2112, .T. ) ;
#385 = DIRECTION ( 'NONE',  ( 0.000000000000000000, 0.000000000000000000, 1.000000000000000000 ) ) ;
#386 = LINE ( 'NONE', #3764, #2244 ) ;
#387 = CARTESIAN_POINT ( 'NONE',  ( -0.02474999999999999770, -0.006620065789473668361, -2.208000000000000185 ) ) ;
#388 = FACE_OUTER_BOUND ( 'NONE', #1295, .T. ) ;
#389 = AXIS2_PLACEMENT_3D ( 'NONE', #4683, #2730, #1594 ) ;
#390 = EDGE_CURVE ( 'NONE', #3601, #1257, #1247, .T. ) ;
#391 = ADVANCED_FACE ( 'NONE', ( #1652 ), #3110, .T. ) ;
#392 = EDGE_CURVE ( 'NONE', #499, #3855, #2737, .T. ) ;
#393 = EDGE_CURVE ( 'NONE', #1439, #3965, #1984, .T. ) ;
#394 = VERTEX_POINT ( 'NONE', #2760 ) ;
#395 = VECTOR ( 'NONE', #2267, 39.37007874015748143 ) ;
#396 = DIRECTION ( 'NONE',  ( 0.000000000000000000, 0.000000000000000000, 1.000000000000000000 ) ) ;
#397 = ORIENTED_EDGE ( 'NONE', *, *, #969, .T. ) ;
#398 = ORIENTED_EDGE ( 'NONE', *, *, #4690, .F. ) ;
#399 = VECTOR ( 'NONE', #4049, 39.37007874015748143 ) ;
#400 = EDGE_CURVE ( 'NONE', #4370, #2207, #2390, .T. ) ;
#401 = AXIS2_PLACEMENT_3D ( 'NONE', #1817, #2206, #3681 ) ;
#402 = ORIENTED_EDGE ( 'NONE', *, *, #3277, .F. ) ;
#403 = CARTESIAN_POINT ( 'NONE',  ( 0.000000000000000000, 0.000000000000000000, -0.4499999999999999556 ) ) ;
#404 = ORIENTED_EDGE ( 'NONE', *, *, #1943, .T. ) ;
#405 = AXIS2_PLACEMENT_3D ( 'NONE', #1834, #4838, #1114 ) ;
#406 = CARTESIAN_POINT ( 'NONE',  ( -0.005545194838543994476, -0.01175691724979132519, -2.208000000000000185 ) ) ;
#407 = CIRCLE ( 'NONE', #3339, 0.04549999999999999878 ) ;
#408 = DIRECTION ( 'NONE',  ( 0.000000000000000000, -1.000000000000000000, 0.000000000000000000 ) ) ;
#409 = CARTESIAN_POINT ( 'NONE',  ( -0.2240000000000000324, -0.1620546218487395329, -1.042999999999999705 ) ) ;
#410 = ORIENTED_EDGE ( 'NONE', *, *, #3397, .T. ) ;
#411 = CIRCLE ( 'NONE', #4827, 0.1777857142857142969 ) ;
#412 = VERTEX_POINT ( 'NONE', #3569 ) ;
#413 = DIRECTION ( 'NONE',  ( -1.000000000000000000, 0.000000000000000000, 0.000000000000000000 ) ) ;
#414 = LINE ( 'NONE', #4566, #3265 ) ;
#415 = CARTESIAN_POINT ( 'NONE',  ( 0.2240000000000000324, 2.743208830090071273E-17, -0.6640000000000002567 ) ) ;
#416 = DIRECTION ( 'NONE',  ( -0.000000000000000000, 0.000000000000000000, -1.000000000000000000 ) ) ;
#417 = DIRECTION ( 'NONE',  ( 1.000000000000000000, 0.000000000000000000, 0.000000000000000000 ) ) ;
#418 = DIRECTION ( 'NONE',  ( -1.000000000000000000, 0.000000000000000000, 0.000000000000000000 ) ) ;
#419 = EDGE_CURVE ( 'NONE', #3631, #1837, #3489, .T. ) ;
#420 = ORIENTED_EDGE ( 'NONE', *, *, #1219, .T. ) ;
#421 = DIRECTION ( 'NONE',  ( 0.000000000000000000, 0.000000000000000000, 1.000000000000000000 ) ) ;
#422 = VERTEX_POINT ( 'NONE', #1466 ) ;
#423 = EDGE_CURVE ( 'NONE', #4125, #4552, #1346, .T. ) ;
#424 = VERTEX_POINT ( 'NONE', #4468 ) ;
#425 = DIRECTION ( 'NONE',  ( 0.000000000000000000, 0.000000000000000000, 1.000000000000000000 ) ) ;
#426 = ORIENTED_EDGE ( 'NONE', *, *, #2572, .F. ) ;
#427 = CARTESIAN_POINT ( 'NONE',  ( -0.2240000000000000324, -0.06071980048285321313, -1.310000000000000053 ) ) ;
#428 = CIRCLE ( 'NONE', #2484, 0.2190000000000000002 ) ;
#429 = CARTESIAN_POINT ( 'NONE',  ( 0.0002500000000000000052, -0.007505446710218416882, -1.457292893218813612 ) ) ;
#430 = DIRECTION ( 'NONE',  ( -1.000000000000000000, 0.000000000000000000, 0.000000000000000000 ) ) ;
#431 = EDGE_LOOP ( 'NONE', ( #624, #1385 ) ) ;
#432 = ORIENTED_EDGE ( 'NONE', *, *, #4521, .F. ) ;
#433 = CARTESIAN_POINT ( 'NONE',  ( 0.000000000000000000, 0.000000000000000000, -1.448428178383922349 ) ) ;
#434 = CARTESIAN_POINT ( 'NONE',  ( 0.000000000000000000, 0.000000000000000000, -0.1380000000000000115 ) ) ;
#435 = ADVANCED_FACE ( 'NONE', ( #1023, #4093 ), #2537, .F. ) ;
#436 = FACE_OUTER_BOUND ( 'NONE', #3953, .T. ) ;
#437 = DIRECTION ( 'NONE',  ( -1.000000000000000000, 0.000000000000000000, 0.000000000000000000 ) ) ;
#438 = DIRECTION ( 'NONE',  ( -0.000000000000000000, -0.000000000000000000, 1.000000000000000000 ) ) ;
#439 = DIRECTION ( 'NONE',  ( 1.000000000000000000, 0.000000000000000000, -0.000000000000000000 ) ) ;
#440 = AXIS2_PLACEMENT_3D ( 'NONE', #2905, #2581, #648 ) ;
#441 = CARTESIAN_POINT ( 'NONE',  ( -0.2240000000000000324, -0.08846349796184491132, -1.096999999999999753 ) ) ;
#442 = PLANE ( 'NONE',  #985 ) ;
#443 = DIRECTION ( 'NONE',  ( -1.000000000000000000, 0.000000000000000000, 0.000000000000000000 ) ) ;
#444 = EDGE_LOOP ( 'NONE', ( #92, #3649, #1292, #1740 ) ) ;
#445 = ORIENTED_EDGE ( 'NONE', *, *, #3850, .T. ) ;
#446 = ORIENTED_EDGE ( 'NONE', *, *, #4243, .T. ) ;
#447 = CARTESIAN_POINT ( 'NONE',  ( 0.0002500000000000000052, -0.007505446710218416882, -1.458000000000000185 ) ) ;
#448 = EDGE_LOOP ( 'NONE', ( #4097, #2555, #4411, #1618 ) ) ;
#449 = DIRECTION ( 'NONE',  ( 1.000000000000000000, 1.776356839400250465E-15, 0.000000000000000000 ) ) ;
#450 = EDGE_CURVE ( 'NONE', #2924, #2931, #2216, .T. ) ;
#451 = EDGE_CURVE ( 'NONE', #3774, #1960, #4806, .T. ) ;
#452 = CARTESIAN_POINT ( 'NONE',  ( -0.2240000000000000324, 0.000000000000000000, 0.000000000000000000 ) ) ;
#453 = CARTESIAN_POINT ( 'NONE',  ( 0.000000000000000000, 0.000000000000000000, -0.7020000000000000684 ) ) ;
#454 = ORIENTED_EDGE ( 'NONE', *, *, #4671, .T. ) ;
#455 = CIRCLE ( 'NONE', #4719, 0.004999999999999946328 ) ;
#456 = VERTEX_POINT ( 'NONE', #2187 ) ;
#457 = DIRECTION ( 'NONE',  ( -1.000000000000000000, 1.776356839400250465E-15, 0.000000000000000000 ) ) ;
#458 = CARTESIAN_POINT ( 'NONE',  ( 0.0002500000000000000052, 0.007005446710218416438, -1.458000000000000185 ) ) ;
#459 = CIRCLE ( 'NONE', #1881, 0.2179999999999999993 ) ;
#460 = DIRECTION ( 'NONE',  ( 0.000000000000000000, 0.000000000000000000, 1.000000000000000000 ) ) ;
#461 = CARTESIAN_POINT ( 'NONE',  ( 0.2240000000000000324, 2.743208830090071273E-17, -0.5550000000000000488 ) ) ;
#462 = DIRECTION ( 'NONE',  ( 1.000000000000000000, 0.000000000000000000, 0.000000000000000000 ) ) ;
#463 = CARTESIAN_POINT ( 'NONE',  ( -0.1141601790024966007, 0.1156848739495798528, -1.399000000000000021 ) ) ;
#464 = CARTESIAN_POINT ( 'NONE',  ( -0.08221136903435509458, -0.1550210084033614710, -1.096999999999999753 ) ) ;
#465 = VERTEX_POINT ( 'NONE', #3731 ) ;
#466 = DIRECTION ( 'NONE',  ( -0.000000000000000000, -0.000000000000000000, -1.000000000000000000 ) ) ;
#467 = PLANE ( 'NONE',  #3888 ) ;
#468 = ORIENTED_EDGE ( 'NONE', *, *, #4481, .T. ) ;
#469 = ORIENTED_EDGE ( 'NONE', *, *, #142, .T. ) ;
#470 = CIRCLE ( 'NONE', #3797, 0.1504193919682266789 ) ;
#471 = CIRCLE ( 'NONE', #1181, 0.2149999999999999689 ) ;
#472 = EDGE_LOOP ( 'NONE', ( #1854, #3983, #2032, #3728, #3841, #3842, #2701, #1488, #721, #1639, #4494, #3230, #2446, #2460, #380, #867, #242, #278, #1782, #2158, #3682, #1211, #1726, #1370, #3622, #306, #4829, #2900, #432, #3942, #4309, #3705, #110, #1392, #765, #2577, #4751, #4804, #3979, #1381, #4429, #3663, #1479, #1462, #771, #2274 ) ) ;
#473 = DIRECTION ( 'NONE',  ( 0.000000000000000000, 0.000000000000000000, 1.000000000000000000 ) ) ;
#474 = VERTEX_POINT ( 'NONE', #2934 ) ;
#475 = VECTOR ( 'NONE', #1735, 39.37007874015748143 ) ;
#476 = AXIS2_PLACEMENT_3D ( 'NONE', #2794, #4252, #4305 ) ;
#477 = CARTESIAN_POINT ( 'NONE',  ( 0.000000000000000000, 0.000000000000000000, -0.7630000000000001226 ) ) ;
#478 = DIRECTION ( 'NONE',  ( -1.000000000000000000, 0.000000000000000000, 0.000000000000000000 ) ) ;
#479 = ORIENTED_EDGE ( 'NONE', *, *, #393, .T. ) ;
#480 = VERTEX_POINT ( 'NONE', #2140 ) ;
#481 = CARTESIAN_POINT ( 'NONE',  ( -0.0002500000000000000052, -0.007005446710218416438, -1.458000000000000185 ) ) ;
#482 = EDGE_CURVE ( 'NONE', #480, #504, #712, .T. ) ;
#483 = EDGE_CURVE ( 'NONE', #3774, #2007, #2385, .T. ) ;
#484 = CARTESIAN_POINT ( 'NONE',  ( -0.2190000000000000002, 2.712592660111387510E-17, -0.6360000000000001208 ) ) ;
#486 = VECTOR ( 'NONE', #1152, 39.37007874015748143 ) ;
#485 = DIRECTION ( 'NONE',  ( 1.000000000000000000, 0.000000000000000000, 0.000000000000000000 ) ) ;
#487 = CARTESIAN_POINT ( 'NONE',  ( -0.1071001038576073483, -0.1272773109243697798, -1.310000000000000053 ) ) ;
#488 = DIRECTION ( 'NONE',  ( 0.000000000000000000, -0.9916236283806552088, 0.1291610608394971604 ) ) ;
#489 = CARTESIAN_POINT ( 'NONE',  ( 0.2179999999999999993, 2.669730022141229935E-17, -0.6360000000000001208 ) ) ;
#490 = DIRECTION ( 'NONE',  ( -0.000000000000000000, -0.000000000000000000, 1.000000000000000000 ) ) ;
#491 = FACE_OUTER_BOUND ( 'NONE', #1312, .T. ) ;
#492 = CARTESIAN_POINT ( 'NONE',  ( 0.000000000000000000, 0.000000000000000000, -1.458000000000000185 ) ) ;
#493 = ORIENTED_EDGE ( 'NONE', *, *, #1703, .F. ) ;
#494 = EDGE_LOOP ( 'NONE', ( #3881, #2678 ) ) ;
#495 = ORIENTED_EDGE ( 'NONE', *, *, #3890, .F. ) ;
#496 = ADVANCED_FACE ( 'NONE', ( #3336 ), #1774, .T. ) ;
#497 = CARTESIAN_POINT ( 'NONE',  ( 0.000000000000000000, -0.2179999999999999993, -0.6160000000000001030 ) ) ;
#498 = CYLINDRICAL_SURFACE ( 'NONE', #2253, 0.005740131578947354346 ) ;
#499 = VERTEX_POINT ( 'NONE', #2560 ) ;
#500 = DIRECTION ( 'NONE',  ( -1.000000000000000000, 0.000000000000000000, 0.000000000000000000 ) ) ;
#501 = DIRECTION ( 'NONE',  ( -1.000000000000000000, 0.000000000000000000, 0.000000000000000000 ) ) ;
#502 = VERTEX_POINT ( 'NONE', #3312 ) ;
#503 = EDGE_CURVE ( 'NONE', #309, #4339, #3708, .T. ) ;
#504 = VERTEX_POINT ( 'NONE', #2213 ) ;
#505 = LINE ( 'NONE', #2757, #1732 ) ;
#506 = DIRECTION ( 'NONE',  ( 1.224646799147353207E-16, 1.000000000000000000, -0.000000000000000000 ) ) ;
#507 = DIRECTION ( 'NONE',  ( 1.000000000000000000, 0.000000000000000000, -0.000000000000000000 ) ) ;
#508 = CARTESIAN_POINT ( 'NONE',  ( 0.2179999999999999993, 2.669730022141229935E-17, -0.5700000000000000622 ) ) ;
#509 = PLANE ( 'NONE',  #1615 ) ;
#510 = VECTOR ( 'NONE', #186, 39.37007874015748143 ) ;
#511 = CARTESIAN_POINT ( 'NONE',  ( -0.2190000000000000002, 2.681976490132703440E-17, -0.7300000000000000933 ) ) ;
#512 = ADVANCED_FACE ( 'NONE', ( #2164 ), #2961, .T. ) ;
#513 = CARTESIAN_POINT ( 'NONE',  ( 0.000000000000000000, 0.000000000000000000, -1.185999999999999943 ) ) ;
#514 = AXIS2_PLACEMENT_3D ( 'NONE', #1777, #3194, #4396 ) ;
#515 = ADVANCED_FACE ( 'NONE', ( #2888 ), #2721, .T. ) ;
#516 = DIRECTION ( 'NONE',  ( 1.000000000000000000, 0.000000000000000000, 0.000000000000000000 ) ) ;
#517 = CARTESIAN_POINT ( 'NONE',  ( 0.000000000000000000, 0.000000000000000000, -0.7020000000000000684 ) ) ;
#518 = ORIENTED_EDGE ( 'NONE', *, *, #1027, .T. ) ;
#519 = ORIENTED_EDGE ( 'NONE', *, *, #2766, .F. ) ;
#520 = CIRCLE ( 'NONE', #2811, 0.2240000000000000324 ) ;
#521 = VERTEX_POINT ( 'NONE', #2956 ) ;
#522 = DIRECTION ( 'NONE',  ( 0.000000000000000000, 0.000000000000000000, 1.000000000000000000 ) ) ;
#523 = LINE ( 'NONE', #3553, #4105 ) ;
#524 = ORIENTED_EDGE ( 'NONE', *, *, #974, .T. ) ;
#525 = CARTESIAN_POINT ( 'NONE',  ( 0.000000000000000000, 0.000000000000000000, -1.274999999999999911 ) ) ;
#526 = DIRECTION ( 'NONE',  ( -0.000000000000000000, -0.000000000000000000, 1.000000000000000000 ) ) ;
#527 = ORIENTED_EDGE ( 'NONE', *, *, #1332, .F. ) ;
#528 = VERTEX_POINT ( 'NONE', #2511 ) ;
#529 = DIRECTION ( 'NONE',  ( -0.000000000000000000, -0.000000000000000000, 1.000000000000000000 ) ) ;
#530 = DIRECTION ( 'NONE',  ( 0.000000000000000000, 0.000000000000000000, -1.000000000000000000 ) ) ;
#531 = CARTESIAN_POINT ( 'NONE',  ( -0.07311675417812021904, 0.1620546218487395607, -1.042999999999999705 ) ) ;
#532 = DIRECTION ( 'NONE',  ( 0.000000000000000000, 0.000000000000000000, -1.000000000000000000 ) ) ;
#533 = DIRECTION ( 'NONE',  ( 1.000000000000000000, 0.000000000000000000, 0.000000000000000000 ) ) ;
#534 = AXIS2_PLACEMENT_3D ( 'NONE', #4878, #2240, #3785 ) ;
#535 = CARTESIAN_POINT ( 'NONE',  ( 0.000000000000000000, 0.000000000000000000, -0.01000000000000002970 ) ) ;
#536 = CARTESIAN_POINT ( 'NONE',  ( 0.000000000000000000, 0.000000000000000000, -0.6540000000000000258 ) ) ;
#537 = ORIENTED_EDGE ( 'NONE', *, *, #1570, .F. ) ;
#538 = EDGE_CURVE ( 'NONE', #4787, #1396, #1454, .T. ) ;
#539 = CARTESIAN_POINT ( 'NONE',  ( 0.000000000000000000, 0.000000000000000000, -0.5700000000000000622 ) ) ;
#540 = EDGE_CURVE ( 'NONE', #3521, #424, #2092, .T. ) ;
#541 = ADVANCED_FACE ( 'NONE', ( #4417 ), #2331, .T. ) ;
#542 = EDGE_LOOP ( 'NONE', ( #2408, #4104, #3554, #4553 ) ) ;
#543 = CARTESIAN_POINT ( 'NONE',  ( 0.000000000000000000, 0.000000000000000000, -0.5500000000000000444 ) ) ;
#544 = CARTESIAN_POINT ( 'NONE',  ( -0.2240000000000000324, 0.000000000000000000, 0.000000000000000000 ) ) ;
#545 = EDGE_LOOP ( 'NONE', ( #3629, #1148, #1240, #4419 ) ) ;
#546 = CIRCLE ( 'NONE', #1414, 0.2180000000000000271 ) ;
#547 = EDGE_CURVE ( 'NONE', #3158, #3188, #726, .T. ) ;
#548 = AXIS2_PLACEMENT_3D ( 'NONE', #1543, #4559, #699 ) ;
#549 = DIRECTION ( 'NONE',  ( -0.000000000000000000, -0.000000000000000000, -1.000000000000000000 ) ) ;
#550 = PLANE ( 'NONE',  #1258 ) ;
#551 = VECTOR ( 'NONE', #1431, 39.37007874015748143 ) ;
#552 = ORIENTED_EDGE ( 'NONE', *, *, #757, .T. ) ;
#553 = ORIENTED_EDGE ( 'NONE', *, *, #969, .F. ) ;
#554 = DIRECTION ( 'NONE',  ( 0.000000000000000000, 0.000000000000000000, -1.000000000000000000 ) ) ;
#555 = CARTESIAN_POINT ( 'NONE',  ( 0.1524009959533437486, 0.08390467443243304624, -1.131999999999999895 ) ) ;
#556 = AXIS2_PLACEMENT_3D ( 'NONE', #4302, #3938, #533 ) ;
#557 = CARTESIAN_POINT ( 'NONE',  ( 0.000000000000000000, 0.000000000000000000, -0.6970000000000000639 ) ) ;
#558 = EDGE_CURVE ( 'NONE', #4082, #1991, #50, .T. ) ;
#559 = ORIENTED_EDGE ( 'NONE', *, *, #4052, .F. ) ;
#560 = CARTESIAN_POINT ( 'NONE',  ( 0.000000000000000000, 0.000000000000000000, -0.01000000000000002970 ) ) ;
#561 = CARTESIAN_POINT ( 'NONE',  ( -0.1174615737310077540, 0.1091342860131922360, -1.449291610608395064 ) ) ;
#562 = CARTESIAN_POINT ( 'NONE',  ( 0.000000000000000000, 0.000000000000000000, -0.7020000000000000684 ) ) ;
#563 = AXIS2_PLACEMENT_3D ( 'NONE', #4662, #1995, #2068 ) ;
#564 = DIRECTION ( 'NONE',  ( 0.000000000000000000, 0.000000000000000000, 1.000000000000000000 ) ) ;
#565 = ORIENTED_EDGE ( 'NONE', *, *, #55, .F. ) ;
#566 = ADVANCED_FACE ( 'NONE', ( #748 ), #797, .T. ) ;
#567 = AXIS2_PLACEMENT_3D ( 'NONE', #1251, #2763, #4279 ) ;
#568 = DIRECTION ( 'NONE',  ( -0.000000000000000000, 0.000000000000000000, -1.000000000000000000 ) ) ;
#569 = ORIENTED_EDGE ( 'NONE', *, *, #355, .F. ) ;
#570 = DIRECTION ( 'NONE',  ( 1.000000000000000000, 0.000000000000000000, 0.000000000000000000 ) ) ;
#571 = DIRECTION ( 'NONE',  ( 0.000000000000000000, -1.000000000000000000, 0.000000000000000000 ) ) ;
#572 = ORIENTED_EDGE ( 'NONE', *, *, #37, .F. ) ;
#573 = CARTESIAN_POINT ( 'NONE',  ( 0.2180000000000000271, 2.669730022141230243E-17, -0.7350000000000000977 ) ) ;
#574 = FACE_OUTER_BOUND ( 'NONE', #4023, .T. ) ;
#575 = ORIENTED_EDGE ( 'NONE', *, *, #609, .T. ) ;
#576 = ORIENTED_EDGE ( 'NONE', *, *, #3396, .F. ) ;
#577 = PLANE ( 'NONE',  #1539 ) ;
#578 = CARTESIAN_POINT ( 'NONE',  ( -0.2240000000000000324, -0.1272773109243698075, -1.310000000000000053 ) ) ;
#579 = ORIENTED_EDGE ( 'NONE', *, *, #1829, .F. ) ;
#580 = CARTESIAN_POINT ( 'NONE',  ( -0.1318110236220472464, 0.000000000000000000, -0.4499999999999999556 ) ) ;
#581 = CARTESIAN_POINT ( 'NONE',  ( 0.000000000000000000, 0.000000000000000000, -0.6310000000000002274 ) ) ;
#582 = CARTESIAN_POINT ( 'NONE',  ( -0.2190000000000000002, 2.712592660111387510E-17, -0.5700000000000000622 ) ) ;
#583 = EDGE_CURVE ( 'NONE', #1014, #1941, #2256, .T. ) ;
#584 = AXIS2_PLACEMENT_3D ( 'NONE', #3515, #4246, #806 ) ;
#585 = CARTESIAN_POINT ( 'NONE',  ( -0.1318110236220472464, 0.000000000000000000, -0.05300000000000001932 ) ) ;
#586 =( BOUNDED_CURVE ( )  B_SPLINE_CURVE ( 3, ( #3860, #3167, #204, #2844 ),
 .UNSPECIFIED., .F., .T. ) 
 B_SPLINE_CURVE_WITH_KNOTS ( ( 4, 4 ),
 ( 1.572740139634731138, 1.600519601653680235 ),
 .UNSPECIFIED. ) 
 CURVE ( )  GEOMETRIC_REPRESENTATION_ITEM ( )  RATIONAL_B_SPLINE_CURVE ( ( 1.000000000000000000, 0.9999356928247078447, 0.9999356928247078447, 1.000000000000000000 ) ) 
 REPRESENTATION_ITEM ( '' )  );
#587 = ORIENTED_EDGE ( 'NONE', *, *, #4261, .T. ) ;
#588 = CARTESIAN_POINT ( 'NONE',  ( 0.1002509391112689913, -0.1365899460810389432, -1.238502994603636775 ) ) ;
#589 = AXIS2_PLACEMENT_3D ( 'NONE', #2873, #890, #2428 ) ;
#590 = VERTEX_POINT ( 'NONE', #1963 ) ;
#591 = DIRECTION ( 'NONE',  ( 0.000000000000000000, -0.9916236283806552088, 0.1291610608394971882 ) ) ;
#592 = CARTESIAN_POINT ( 'NONE',  ( 0.000000000000000000, 0.000000000000000000, 0.000000000000000000 ) ) ;
#593 = TOROIDAL_SURFACE ( 'NONE', #514, 0.2190000000000000002, 0.005000000000000000104 ) ;
#594 = EDGE_LOOP ( 'NONE', ( #3172, #684, #4283, #1819 ) ) ;
#595 = CIRCLE ( 'NONE', #3998, 0.1678428571428571270 ) ;
#596 = DIRECTION ( 'NONE',  ( 1.000000000000000000, 0.000000000000000000, 0.000000000000000000 ) ) ;
#597 = FACE_OUTER_BOUND ( 'NONE', #2018, .T. ) ;
#598 = VERTEX_POINT ( 'NONE', #2278 ) ;
#599 = VERTEX_POINT ( 'NONE', #3776 ) ;
#600 = DIRECTION ( 'NONE',  ( 1.000000000000000000, 0.000000000000000000, 0.000000000000000000 ) ) ;
#601 = EDGE_CURVE ( 'NONE', #4086, #3779, #3478, .T. ) ;
#602 = EDGE_CURVE ( 'NONE', #3779, #1493, #88, .T. ) ;
#603 = ADVANCED_FACE ( 'NONE', ( #4120, #2676 ), #4587, .T. ) ;
#604 = CARTESIAN_POINT ( 'NONE',  ( -0.0002500000000000000594, 0.007005446710218416438, -2.207500000000000018 ) ) ;
#605 = ORIENTED_EDGE ( 'NONE', *, *, #2600, .T. ) ;
#606 = DIRECTION ( 'NONE',  ( -0.000000000000000000, -0.000000000000000000, 1.000000000000000000 ) ) ;
#607 = DIRECTION ( 'NONE',  ( 1.000000000000000000, 0.000000000000000000, 0.000000000000000000 ) ) ;
#608 = CARTESIAN_POINT ( 'NONE',  ( 0.000000000000000000, 0.000000000000000000, -0.7680000000000001270 ) ) ;
#609 = EDGE_CURVE ( 'NONE', #1070, #3686, #1768, .T. ) ;
#610 =( NAMED_UNIT ( * ) SI_UNIT ( $, .STERADIAN. ) SOLID_ANGLE_UNIT ( ) );
#611 = CARTESIAN_POINT ( 'NONE',  ( 0.1002509391112690051, 0.1365899460810389432, -1.238502994603636775 ) ) ;
#612 = VERTEX_POINT ( 'NONE', #11 ) ;
#613 = AXIS2_PLACEMENT_3D ( 'NONE', #317, #1824, #1347 ) ;
#614 = CARTESIAN_POINT ( 'NONE',  ( 0.000000000000000000, 0.000000000000000000, -1.096999999999999753 ) ) ;
#615 = EDGE_LOOP ( 'NONE', ( #2806, #4470, #1408, #2108 ) ) ;
#616 = VECTOR ( 'NONE', #3735, 39.37007874015748143 ) ;
#617 = CARTESIAN_POINT ( 'NONE',  ( -0.2240000000000000324, 0.1434285714285714608, -1.185999999999999943 ) ) ;
#618 = DIRECTION ( 'NONE',  ( 1.000000000000000000, 0.000000000000000000, 0.000000000000000000 ) ) ;
#619 = AXIS2_PLACEMENT_3D ( 'NONE', #2814, #930, #2789 ) ;
#620 = ORIENTED_EDGE ( 'NONE', *, *, #2816, .F. ) ;
#621 = CIRCLE ( 'NONE', #239, 0.1792857142857142982 ) ;
#622 = DIRECTION ( 'NONE',  ( 1.000000000000000000, 0.000000000000000000, 0.000000000000000000 ) ) ;
#623 = CARTESIAN_POINT ( 'NONE',  ( 0.000000000000000000, 0.000000000000000000, -0.6820000000000001616 ) ) ;
#624 = ORIENTED_EDGE ( 'NONE', *, *, #190, .F. ) ;
#625 = ORIENTED_EDGE ( 'NONE', *, *, #4373, .F. ) ;
#626 = FACE_OUTER_BOUND ( 'NONE', #1585, .T. ) ;
#627 = TOROIDAL_SURFACE ( 'NONE', #4658, 0.1168110236220472470, 0.01499999999999999944 ) ;
#628 = AXIS2_PLACEMENT_3D ( 'NONE', #3987, #237, #3677 ) ;
#629 = DIRECTION ( 'NONE',  ( 0.000000000000000000, 0.000000000000000000, 1.000000000000000000 ) ) ;
#630 = DIRECTION ( 'NONE',  ( 0.000000000000000000, 0.000000000000000000, -1.000000000000000000 ) ) ;
#631 = VERTEX_POINT ( 'NONE', #1146 ) ;
#632 = DIRECTION ( 'NONE',  ( 0.000000000000000000, 0.000000000000000000, 1.000000000000000000 ) ) ;
#633 = EDGE_CURVE ( 'NONE', #1556, #4343, #4164, .T. ) ;
#634 = CARTESIAN_POINT ( 'NONE',  ( -6.270002573500617327E-05, -0.1854999999999999982, -0.8630000000000002114 ) ) ;
#635 = CIRCLE ( 'NONE', #2767, 0.1701571428571428679 ) ;
#636 = CARTESIAN_POINT ( 'NONE',  ( 0.000000000000000000, 0.000000000000000000, -0.6490000000000001323 ) ) ;
#637 = CIRCLE ( 'NONE', #713, 0.005000000000000014849 ) ;
#638 = DIRECTION ( 'NONE',  ( -1.000000000000000000, 0.000000000000000000, 0.000000000000000000 ) ) ;
#639 = ORIENTED_EDGE ( 'NONE', *, *, #235, .T. ) ;
#640 = CARTESIAN_POINT ( 'NONE',  ( 0.2240000000000000324, 2.743208830090071273E-17, 0.000000000000000000 ) ) ;
#641 = ORIENTED_EDGE ( 'NONE', *, *, #2661, .F. ) ;
#642 = DIRECTION ( 'NONE',  ( 1.000000000000000000, 0.000000000000000000, 0.000000000000000000 ) ) ;
#643 = DIRECTION ( 'NONE',  ( -0.000000000000000000, -0.000000000000000000, -1.000000000000000000 ) ) ;
#644 = AXIS2_PLACEMENT_3D ( 'NONE', #344, #368, #417 ) ;
#645 = ORIENTED_EDGE ( 'NONE', *, *, #1852, .F. ) ;
#646 = EDGE_CURVE ( 'NONE', #2936, #777, #358, .T. ) ;
#647 = VERTEX_POINT ( 'NONE', #1542 ) ;
#648 = DIRECTION ( 'NONE',  ( 1.000000000000000000, 0.000000000000000000, 0.000000000000000000 ) ) ;
#649 = EDGE_LOOP ( 'NONE', ( #2237, #1087, #3796, #495, #3038 ) ) ;
#650 = VERTEX_POINT ( 'NONE', #1939 ) ;
#651 = AXIS2_PLACEMENT_3D ( 'NONE', #4299, #1998, #70 ) ;
#652 = DIRECTION ( 'NONE',  ( 0.000000000000000000, 0.000000000000000000, -1.000000000000000000 ) ) ;
#653 = CARTESIAN_POINT ( 'NONE',  ( 0.000000000000000000, 0.000000000000000000, -0.6030000000000000915 ) ) ;
#654 = ORIENTED_EDGE ( 'NONE', *, *, #2817, .F. ) ;
#655 = CARTESIAN_POINT ( 'NONE',  ( 0.000000000000000000, 0.000000000000000000, -0.8040000000000000480 ) ) ;
#656 = DIRECTION ( 'NONE',  ( 0.000000000000000000, -0.9916236283806552088, 0.1291610608394971604 ) ) ;
#657 = CARTESIAN_POINT ( 'NONE',  ( 0.2099999999999999367, 0.000000000000000000, -0.5500000000000000444 ) ) ;
#658 = DIRECTION ( 'NONE',  ( -1.000000000000000000, 0.000000000000000000, 0.000000000000000000 ) ) ;
#659 = B_SPLINE_CURVE_WITH_KNOTS ( 'NONE', 3,
 ( #3010, #35, #1889, #4121 ),
 .UNSPECIFIED., .F., .F.,
 ( 4, 4 ),
 ( 0.000000000000000000, 2.211654043343143491E-05 ),
 .UNSPECIFIED. ) ;
#660 = EDGE_CURVE ( 'NONE', #504, #3521, #2272, .T. ) ;
#661 = DIRECTION ( 'NONE',  ( 1.000000000000000000, 0.000000000000000000, 0.000000000000000000 ) ) ;
#662 = AXIS2_PLACEMENT_3D ( 'NONE', #783, #1925, #3715 ) ;
#663 = EDGE_CURVE ( 'NONE', #4487, #521, #3009, .T. ) ;
#664 = EDGE_CURVE ( 'NONE', #2425, #3171, #774, .T. ) ;
#665 = VERTEX_POINT ( 'NONE', #4212 ) ;
#666 = FACE_OUTER_BOUND ( 'NONE', #688, .T. ) ;
#667 = CARTESIAN_POINT ( 'NONE',  ( 0.2190000000000000002, 0.000000000000000000, -0.6690000000000001501 ) ) ;
#668 = ORIENTED_EDGE ( 'NONE', *, *, #2492, .F. ) ;
#669 = CONICAL_SURFACE ( 'NONE', #1859, 0.2099999999999999922, 0.3935870263623504339 ) ;
#670 = VERTEX_POINT ( 'NONE', #3458 ) ;
#671 = DIRECTION ( 'NONE',  ( 1.000000000000000000, -0.000000000000000000, -0.000000000000000000 ) ) ;
#672 = DIRECTION ( 'NONE',  ( -0.000000000000000000, -0.000000000000000000, -1.000000000000000000 ) ) ;
#673 = ORIENTED_EDGE ( 'NONE', *, *, #4201, .T. ) ;
#674 = CIRCLE ( 'NONE', #3448, 0.2240000000000000324 ) ;
#675 = CARTESIAN_POINT ( 'NONE',  ( 0.2149999999999999689, 2.632990618166808804E-17, -0.5450000000000000400 ) ) ;
#676 = AXIS2_PLACEMENT_3D ( 'NONE', #2955, #1048, #3355 ) ;
#677 = DIRECTION ( 'NONE',  ( 0.000000000000000000, 0.000000000000000000, 1.000000000000000000 ) ) ;
#678 = DIRECTION ( 'NONE',  ( 1.000000000000000000, 0.000000000000000000, 0.000000000000000000 ) ) ;
#679 = ORIENTED_EDGE ( 'NONE', *, *, #4533, .T. ) ;
#680 = CARTESIAN_POINT ( 'NONE',  ( -0.2179999999999999993, 0.000000000000000000, -0.6160000000000001030 ) ) ;
#681 = CARTESIAN_POINT ( 'NONE',  ( -0.2240000000000000324, 0.1854999999999999982, -0.8630000000000002114 ) ) ;
#682 = DIRECTION ( 'NONE',  ( 1.000000000000000000, 0.000000000000000000, 0.000000000000000000 ) ) ;
#683 = CARTESIAN_POINT ( 'NONE',  ( -0.1071001038576073483, -0.1272773109243697798, -1.310000000000000053 ) ) ;
#684 = ORIENTED_EDGE ( 'NONE', *, *, #2009, .T. ) ;
#685 = LINE ( 'NONE', #3676, #271 ) ;
#686 = FACE_OUTER_BOUND ( 'NONE', #1919, .T. ) ;
#687 = AXIS2_PLACEMENT_3D ( 'NONE', #3162, #929, #1677 ) ;
#688 = EDGE_LOOP ( 'NONE', ( #3031, #2381, #1673, #1530 ) ) ;
#689 = EDGE_CURVE ( 'NONE', #3975, #1210, #1403, .T. ) ;
#690 = EDGE_LOOP ( 'NONE', ( #2805, #3868, #2725, #3895 ) ) ;
#691 = ADVANCED_FACE ( 'NONE', ( #822 ), #2631, .T. ) ;
#692 = EDGE_CURVE ( 'NONE', #4707, #2627, #4634, .T. ) ;
#693 = VECTOR ( 'NONE', #3385, 39.37007874015748143 ) ;
#694 = ORIENTED_EDGE ( 'NONE', *, *, #2103, .T. ) ;
#695 = CARTESIAN_POINT ( 'NONE',  ( 0.1487688718478925587, -0.1000559349366348383, -1.007999999999999785 ) ) ;
#696 = ORIENTED_EDGE ( 'NONE', *, *, #4260, .F. ) ;
#697 = DIRECTION ( 'NONE',  ( 0.000000000000000000, 0.000000000000000000, 1.000000000000000000 ) ) ;
#698 = DIRECTION ( 'NONE',  ( 1.000000000000000000, 0.000000000000000000, 0.000000000000000000 ) ) ;
#699 = DIRECTION ( 'NONE',  ( 1.000000000000000000, 0.000000000000000000, -0.000000000000000000 ) ) ;
#700 = ORIENTED_EDGE ( 'NONE', *, *, #3207, .T. ) ;
#701 = CIRCLE ( 'NONE', #1020, 0.2190000000000000002 ) ;
#702 = CARTESIAN_POINT ( 'NONE',  ( 0.2190000000000000002, 0.000000000000000000, -0.7350000000000000977 ) ) ;
#703 = FACE_OUTER_BOUND ( 'NONE', #2707, .T. ) ;
#704 = CIRCLE ( 'NONE', #2679, 0.1854999999999999982 ) ;
#705 = UNCERTAINTY_MEASURE_WITH_UNIT (LENGTH_MEASURE( 1.000000000000000082E-05 ), #1138, 'distance_accuracy_value', 'NONE');
#706 = AXIS2_PLACEMENT_3D ( 'NONE', #3978, #3411, #798 ) ;
#707 = EDGE_CURVE ( 'NONE', #1050, #599, #4682, .T. ) ;
#708 =( BOUNDED_CURVE ( )  B_SPLINE_CURVE ( 3, ( #683, #984, #1035, #1830 ),
 .UNSPECIFIED., .F., .T. ) 
 B_SPLINE_CURVE_WITH_KNOTS ( ( 4, 4 ),
 ( 0.9485547763834897284, 1.009286191615740735 ),
 .UNSPECIFIED. ) 
 CURVE ( )  GEOMETRIC_REPRESENTATION_ITEM ( )  RATIONAL_B_SPLINE_CURVE ( ( 1.000000000000000000, 0.9996926648836124141, 0.9996926648836124141, 1.000000000000000000 ) ) 
 REPRESENTATION_ITEM ( '' )  );
#709 = DIRECTION ( 'NONE',  ( -0.000000000000000000, -0.000000000000000000, -1.000000000000000000 ) ) ;
#710 = CIRCLE ( 'NONE', #4266, 0.1678428571428571270 ) ;
#711 = LINE ( 'NONE', #4056, #1259 ) ;
#712 = CIRCLE ( 'NONE', #2325, 0.1654999999999999805 ) ;
#713 = AXIS2_PLACEMENT_3D ( 'NONE', #4204, #3865, #811 ) ;
#714 = VERTEX_POINT ( 'NONE', #2457 ) ;
#715 = EDGE_CURVE ( 'NONE', #2227, #2373, #1693, .T. ) ;
#716 = DIRECTION ( 'NONE',  ( 0.000000000000000000, 0.000000000000000000, -1.000000000000000000 ) ) ;
#718 = ADVANCED_FACE ( 'NONE', ( #1271 ), #2387, .T. ) ;
#717 = CARTESIAN_POINT ( 'NONE',  ( 0.000000000000000000, 0.000000000000000000, -0.7479999999999999982 ) ) ;
#719 = VERTEX_POINT ( 'NONE', #573 ) ;
#720 = AXIS2_PLACEMENT_3D ( 'NONE', #4520, #3832, #1848 ) ;
#721 = ORIENTED_EDGE ( 'NONE', *, *, #337, .F. ) ;
#722 = DIRECTION ( 'NONE',  ( 1.000000000000000000, 0.000000000000000000, 0.000000000000000000 ) ) ;
#723 = ORIENTED_EDGE ( 'NONE', *, *, #1444, .F. ) ;
#724 = LINE ( 'NONE', #3775, #2493 ) ;
#725 = AXIS2_PLACEMENT_3D ( 'NONE', #3616, #4810, #1730 ) ;
#726 = LINE ( 'NONE', #4142, #2418 ) ;
#727 = CARTESIAN_POINT ( 'NONE',  ( 0.09500000000000001499, 0.000000000000000000, -1.458000000000000185 ) ) ;
#728 = VERTEX_POINT ( 'NONE', #3949 ) ;
#729 = ORIENTED_EDGE ( 'NONE', *, *, #4799, .F. ) ;
#730 = CARTESIAN_POINT ( 'NONE',  ( 0.1141601790024966284, 0.1156848739495798528, -1.399000000000000021 ) ) ;
#731 = CARTESIAN_POINT ( 'NONE',  ( 0.1174615737310078095, 0.1091342860131922360, -1.449291610608395064 ) ) ;
#732 = CARTESIAN_POINT ( 'NONE',  ( -0.0002500000000000000052, 0.007005446710218416438, -2.208000000000000185 ) ) ;
#733 = CARTESIAN_POINT ( 'NONE',  ( 0.1115653416679154575, 0.1202436974789916208, -1.363999999999999879 ) ) ;
#734 = DIRECTION ( 'NONE',  ( 1.000000000000000000, 0.000000000000000000, 0.000000000000000000 ) ) ;
#735 = ADVANCED_FACE ( 'NONE', ( #193 ), #2037, .T. ) ;
#736 = CARTESIAN_POINT ( 'NONE',  ( 0.1174768592582851184, -0.1092093337986922985, -1.448715437287459107 ) ) ;
#737 = DIRECTION ( 'NONE',  ( -1.000000000000000000, 0.000000000000000000, 0.000000000000000000 ) ) ;
#738 = ORIENTED_EDGE ( 'NONE', *, *, #2507, .F. ) ;
#739 = ORIENTED_EDGE ( 'NONE', *, *, #660, .F. ) ;
#740 = TOROIDAL_SURFACE ( 'NONE', #3679, 0.2190000000000000002, 0.005000000000000000104 ) ;
#741 = ORIENTED_EDGE ( 'NONE', *, *, #1073, .T. ) ;
#742 = DIRECTION ( 'NONE',  ( 0.000000000000000000, 0.000000000000000000, 1.000000000000000000 ) ) ;
#743 = VERTEX_POINT ( 'NONE', #4704 ) ;
#744 = CIRCLE ( 'NONE', #4467, 0.1604102209264033352 ) ;
#745 =( BOUNDED_CURVE ( )  B_SPLINE_CURVE ( 3, ( #4326, #3960, #2713, #463 ),
 .UNSPECIFIED., .F., .T. ) 
 B_SPLINE_CURVE_WITH_KNOTS ( ( 4, 4 ),
 ( 5.183275379226897961, 5.235760225688394165 ),
 .UNSPECIFIED. ) 
 CURVE ( )  GEOMETRIC_REPRESENTATION_ITEM ( )  RATIONAL_B_SPLINE_CURVE ( ( 1.000000000000000000, 0.9997704582478896818, 0.9997704582478896818, 1.000000000000000000 ) ) 
 REPRESENTATION_ITEM ( '' )  );
#746 = FACE_OUTER_BOUND ( 'NONE', #1721, .T. ) ;
#747 = CIRCLE ( 'NONE', #4544, 0.01999999999999999001 ) ;
#748 = FACE_OUTER_BOUND ( 'NONE', #4235, .T. ) ;
#749 = CARTESIAN_POINT ( 'NONE',  ( 0.000000000000000000, 0.000000000000000000, -0.7150000000000001910 ) ) ;
#750 = ORIENTED_EDGE ( 'NONE', *, *, #29, .T. ) ;
#751 = CIRCLE ( 'NONE', #3126, 0.1640285714285714402 ) ;
#752 = ORIENTED_EDGE ( 'NONE', *, *, #2687, .F. ) ;
#753 = EDGE_CURVE ( 'NONE', #4441, #2236, #1515, .T. ) ;
#754 = ADVANCED_FACE ( 'NONE', ( #2015 ), #2086, .F. ) ;
#755 = DIRECTION ( 'NONE',  ( 0.000000000000000000, -0.9916236283806552088, 0.1291610608394971604 ) ) ;
#756 = ADVANCED_FACE ( 'NONE', ( #2803 ), #1125, .T. ) ;
#757 = EDGE_CURVE ( 'NONE', #287, #1210, #1718, .T. ) ;
#758 = CARTESIAN_POINT ( 'NONE',  ( 0.1174768592582849380, 0.1092093337986923818, -1.448715437287459107 ) ) ;
#759 = VECTOR ( 'NONE', #4209, 39.37007874015748143 ) ;
#760 = CARTESIAN_POINT ( 'NONE',  ( 0.000000000000000000, 0.000000000000000000, -0.5550000000000000488 ) ) ;
#761 = DIRECTION ( 'NONE',  ( -0.000000000000000000, -0.000000000000000000, -1.000000000000000000 ) ) ;
#762 = CARTESIAN_POINT ( 'NONE',  ( -0.2180000000000000271, 0.000000000000000000, -0.7350000000000000977 ) ) ;
#763 = FACE_BOUND ( 'NONE', #4730, .T. ) ;
#764 = EDGE_CURVE ( 'NONE', #465, #3631, #4523, .T. ) ;
#765 = ORIENTED_EDGE ( 'NONE', *, *, #4830, .F. ) ;
#766 = CARTESIAN_POINT ( 'NONE',  ( -0.06620670031167967540, -0.1666134453781513147, -1.007999999999999785 ) ) ;
#767 = ORIENTED_EDGE ( 'NONE', *, *, #3673, .F. ) ;
#768 = ORIENTED_EDGE ( 'NONE', *, *, #3114, .T. ) ;
#769 = DIRECTION ( 'NONE',  ( -1.000000000000000000, 0.000000000000000000, 0.000000000000000000 ) ) ;
#770 = DIRECTION ( 'NONE',  ( -0.000000000000000000, -0.000000000000000000, -1.000000000000000000 ) ) ;
#771 = ORIENTED_EDGE ( 'NONE', *, *, #483, .F. ) ;
#772 = DIRECTION ( 'NONE',  ( -0.000000000000000000, -0.000000000000000000, 1.000000000000000000 ) ) ;
#773 = AXIS2_PLACEMENT_3D ( 'NONE', #4786, #4735, #3613 ) ;
#774 = CIRCLE ( 'NONE', #3148, 0.04000000000000000083 ) ;
#775 = DIRECTION ( 'NONE',  ( -0.000000000000000000, -0.000000000000000000, -1.000000000000000000 ) ) ;
#776 = CARTESIAN_POINT ( 'NONE',  ( 0.000000000000000000, 0.000000000000000000, -0.7479999999999999982 ) ) ;
#777 = VERTEX_POINT ( 'NONE', #1216 ) ;
#778 = ORIENTED_EDGE ( 'NONE', *, *, #3509, .T. ) ;
#779 = PLANE ( 'NONE',  #3235 ) ;
#780 = CARTESIAN_POINT ( 'NONE',  ( -0.1518474458011311312, 0.08694824448910939974, -1.108633236339065187 ) ) ;
#781 = DIRECTION ( 'NONE',  ( 1.000000000000000000, 0.000000000000000000, 0.000000000000000000 ) ) ;
#782 = EDGE_CURVE ( 'NONE', #1837, #3631, #2123, .T. ) ;
#783 = CARTESIAN_POINT ( 'NONE',  ( -0.2240000000000000324, 0.08390467443243304624, -1.131999999999999895 ) ) ;
#784 = CARTESIAN_POINT ( 'NONE',  ( 0.000000000000000000, 0.000000000000000000, 0.000000000000000000 ) ) ;
#785 = AXIS2_PLACEMENT_3D ( 'NONE', #4749, #571, #3302 ) ;
#786 = AXIS2_PLACEMENT_3D ( 'NONE', #2219, #3738, #2546 ) ;
#787 = ORIENTED_EDGE ( 'NONE', *, *, #4158, .F. ) ;
#788 = VECTOR ( 'NONE', #1253, 39.37007874015748143 ) ;
#789 =( NAMED_UNIT ( * ) PLANE_ANGLE_UNIT ( ) SI_UNIT ( $, .RADIAN. ) );
#790 = EDGE_LOOP ( 'NONE', ( #1555, #3413, #575, #1518 ) ) ;
#791 = VERTEX_POINT ( 'NONE', #3232 ) ;
#792 = DIRECTION ( 'NONE',  ( -0.000000000000000000, -0.000000000000000000, -1.000000000000000000 ) ) ;
#793 = ORIENTED_EDGE ( 'NONE', *, *, #2059, .T. ) ;
#794 = CARTESIAN_POINT ( 'NONE',  ( 0.000000000000000000, 0.000000000000000000, -1.185999999999999943 ) ) ;
#795 = EDGE_CURVE ( 'NONE', #4495, #521, #3633, .T. ) ;
#796 = AXIS2_PLACEMENT_3D ( 'NONE', #2664, #2315, #734 ) ;
#797 = CYLINDRICAL_SURFACE ( 'NONE', #3054, 0.2240000000000000324 ) ;
#798 = DIRECTION ( 'NONE',  ( 0.000000000000000000, 0.000000000000000000, -1.000000000000000000 ) ) ;
#799 = ORIENTED_EDGE ( 'NONE', *, *, #1057, .T. ) ;
#800 = AXIS2_PLACEMENT_3D ( 'NONE', #2342, #1603, #3566 ) ;
#801 = EDGE_LOOP ( 'NONE', ( #4604, #275, #3059, #2105 ) ) ;
#802 = CARTESIAN_POINT ( 'NONE',  ( -0.2179999999999999993, 0.000000000000000000, -0.5830000000000000737 ) ) ;
#803 = CARTESIAN_POINT ( 'NONE',  ( -0.2190000000000000002, 0.000000000000000000, -0.6490000000000001323 ) ) ;
#804 = FACE_OUTER_BOUND ( 'NONE', #2975, .T. ) ;
#805 = DIRECTION ( 'NONE',  ( 1.000000000000000000, 0.000000000000000000, 0.000000000000000000 ) ) ;
#806 = DIRECTION ( 'NONE',  ( 1.000000000000000000, 0.000000000000000000, -0.000000000000000000 ) ) ;
#807 = DIRECTION ( 'NONE',  ( -1.000000000000000000, 0.000000000000000000, 0.000000000000000000 ) ) ;
#808 = PLANE ( 'NONE',  #1895 ) ;
#809 = VERTEX_POINT ( 'NONE', #3929 ) ;
#810 = DIRECTION ( 'NONE',  ( -0.000000000000000000, -0.000000000000000000, -1.000000000000000000 ) ) ;
#811 = DIRECTION ( 'NONE',  ( -1.000000000000000000, -1.224646799147346798E-16, 0.000000000000000000 ) ) ;
#812 = VERTEX_POINT ( 'NONE', #2431 ) ;
#813 = ORIENTED_EDGE ( 'NONE', *, *, #4296, .F. ) ;
#814 = EDGE_CURVE ( 'NONE', #412, #234, #1489, .T. ) ;
#815 = EDGE_CURVE ( 'NONE', #972, #743, #1250, .T. ) ;
#816 = FACE_BOUND ( 'NONE', #3012, .T. ) ;
#817 = CARTESIAN_POINT ( 'NONE',  ( 0.06620670031167967540, -0.1666134453781513147, -1.007999999999999785 ) ) ;
#818 = EDGE_LOOP ( 'NONE', ( #397, #3726, #2435, #3695 ) ) ;
#819 = CARTESIAN_POINT ( 'NONE',  ( 0.1021008891434418281, -0.1342445654258834220, -1.256509465439991979 ) ) ;
#820 = CIRCLE ( 'NONE', #2090, 0.04550000000000000572 ) ;
#821 = AXIS2_PLACEMENT_3D ( 'NONE', #535, #1049, #339 ) ;
#822 = FACE_OUTER_BOUND ( 'NONE', #3051, .T. ) ;
#823 = CARTESIAN_POINT ( 'NONE',  ( 0.000000000000000000, 0.01324013157894735580, -2.208000000000000185 ) ) ;
#824 = ORIENTED_EDGE ( 'NONE', *, *, #338, .T. ) ;
#825 = VERTEX_POINT ( 'NONE', #3127 ) ;
#826 = B_SPLINE_CURVE_WITH_KNOTS ( 'NONE', 3,
 ( #40, #758, #1522, #731 ),
 .UNSPECIFIED., .F., .F.,
 ( 4, 4 ),
 ( 6.992893892674702526E-18, 2.211654043343175001E-05 ),
 .UNSPECIFIED. ) ;
#827 = CARTESIAN_POINT ( 'NONE',  ( -0.2240000000000000324, 0.1666134453781513147, -1.007999999999999785 ) ) ;
#828 = AXIS2_PLACEMENT_3D ( 'NONE', #3615, #3269, #226 ) ;
#829 = FACE_OUTER_BOUND ( 'NONE', #4267, .T. ) ;
#830 = CARTESIAN_POINT ( 'NONE',  ( 0.000000000000000000, 0.01324013157894735580, -2.208000000000000185 ) ) ;
#831 = CARTESIAN_POINT ( 'NONE',  ( 0.000000000000000000, 0.000000000000000000, -1.185999999999999943 ) ) ;
#832 = APPLICATION_CONTEXT ( 'automotive_design' ) ;
#833 = CARTESIAN_POINT ( 'NONE',  ( 0.2180000000000000271, 2.669730022141230243E-17, 0.000000000000000000 ) ) ;
#834 = VECTOR ( 'NONE', #2429, 39.37007874015748143 ) ;
#835 = CYLINDRICAL_SURFACE ( 'NONE', #4426, 0.1118110236220472287 ) ;
#836 = ORIENTED_EDGE ( 'NONE', *, *, #3700, .T. ) ;
#837 = CARTESIAN_POINT ( 'NONE',  ( 0.0002500000000000000052, 0.007005446710218416438, -1.457292893218813612 ) ) ;
#838 = CARTESIAN_POINT ( 'NONE',  ( -0.2240000000000000324, 0.1202436974789916069, -1.363999999999999879 ) ) ;
#839 = ORIENTED_EDGE ( 'NONE', *, *, #355, .T. ) ;
#840 = ORIENTED_EDGE ( 'NONE', *, *, #4433, .T. ) ;
#841 = ORIENTED_EDGE ( 'NONE', *, *, #1369, .F. ) ;
#842 = CARTESIAN_POINT ( 'NONE',  ( 0.000000000000000000, -0.01324013157894735580, -2.208000000000000185 ) ) ;
#843 = EDGE_CURVE ( 'NONE', #2604, #1070, #621, .T. ) ;
#844 = VERTEX_POINT ( 'NONE', #4801 ) ;
#845 = EDGE_CURVE ( 'NONE', #791, #211, #4064, .T. ) ;
#846 = DIRECTION ( 'NONE',  ( 0.000000000000000000, 0.000000000000000000, -1.000000000000000000 ) ) ;
#847 = CARTESIAN_POINT ( 'NONE',  ( -0.1174615737310078095, -0.1091342860131922360, -1.449291610608395064 ) ) ;
#848 = ORIENTED_EDGE ( 'NONE', *, *, #3304, .F. ) ;
#849 = CIRCLE ( 'NONE', #687, 0.2179999999999999993 ) ;
#850 = ORIENTED_EDGE ( 'NONE', *, *, #2942, .T. ) ;
#851 = CARTESIAN_POINT ( 'NONE',  ( -0.1487688718478925864, -0.1000559349366348383, -1.007999999999999785 ) ) ;
#852 = CARTESIAN_POINT ( 'NONE',  ( 0.000000000000000000, 0.000000000000000000, -0.8040000000000000480 ) ) ;
#853 = VECTOR ( 'NONE', #4687, 39.37007874015748143 ) ;
#854 = CARTESIAN_POINT ( 'NONE',  ( 0.07311675417812017741, 0.1620546218487395607, -1.042999999999999705 ) ) ;
#855 = DIRECTION ( 'NONE',  ( 1.000000000000000000, 0.000000000000000000, 0.000000000000000000 ) ) ;
#856 = AXIS2_PLACEMENT_3D ( 'NONE', #1616, #3185, #846 ) ;
#857 = CARTESIAN_POINT ( 'NONE',  ( -0.1536844629971411691, -0.07535419244681122730, -1.197645635889613036 ) ) ;
#858 = DIRECTION ( 'NONE',  ( -0.000000000000000000, -0.000000000000000000, -1.000000000000000000 ) ) ;
#859 = EDGE_CURVE ( 'NONE', #3071, #135, #3654, .T. ) ;
#860 = DIRECTION ( 'NONE',  ( 1.000000000000000000, 0.000000000000000000, -0.000000000000000000 ) ) ;
#861 = ORIENTED_EDGE ( 'NONE', *, *, #3990, .F. ) ;
#862 = ORIENTED_EDGE ( 'NONE', *, *, #314, .F. ) ;
#863 = AXIS2_PLACEMENT_3D ( 'NONE', #2449, #2824, #3964 ) ;
#864 = STYLED_ITEM ( 'NONE', ( #329 ), #1430 ) ;
#865 = AXIS2_PLACEMENT_3D ( 'NONE', #1775, #3710, #3288 ) ;
#866 = EDGE_CURVE ( 'NONE', #1122, #3179, #1032, .T. ) ;
#867 = ORIENTED_EDGE ( 'NONE', *, *, #2421, .F. ) ;
#868 = DIRECTION ( 'NONE',  ( 1.000000000000000000, 0.000000000000000000, 0.000000000000000000 ) ) ;
#869 = VERTEX_POINT ( 'NONE', #4727 ) ;
#870 =( BOUNDED_CURVE ( )  B_SPLINE_CURVE ( 3, ( #264, #3599, #305, #3280 ),
 .UNSPECIFIED., .F., .T. ) 
 B_SPLINE_CURVE_WITH_KNOTS ( ( 4, 4 ),
 ( 0.5880511306085968171, 0.6735208910569305818 ),
 .UNSPECIFIED. ) 
 CURVE ( )  GEOMETRIC_REPRESENTATION_ITEM ( )  RATIONAL_B_SPLINE_CURVE ( ( 1.000000000000000000, 0.9993913359779373895, 0.9993913359779373895, 1.000000000000000000 ) ) 
 REPRESENTATION_ITEM ( '' )  );
#871 = TOROIDAL_SURFACE ( 'NONE', #2294, 0.2190000000000000002, 0.005000000000000000104 ) ;
#872 = DIRECTION ( 'NONE',  ( 1.000000000000000000, 0.000000000000000000, 0.000000000000000000 ) ) ;
#873 = ORIENTED_EDGE ( 'NONE', *, *, #419, .T. ) ;
#874 = ORIENTED_EDGE ( 'NONE', *, *, #4141, .T. ) ;
#875 = FACE_OUTER_BOUND ( 'NONE', #2094, .T. ) ;
#876 = DIRECTION ( 'NONE',  ( -0.000000000000000000, -0.000000000000000000, -1.000000000000000000 ) ) ;
#878 = CIRCLE ( 'NONE', #2461, 0.005740131578947353479 ) ;
#877 = DIRECTION ( 'NONE',  ( 1.224646799147353207E-16, 1.000000000000000000, -0.000000000000000000 ) ) ;
#879 = DIRECTION ( 'NONE',  ( 0.000000000000000000, 0.000000000000000000, 1.000000000000000000 ) ) ;
#880 = CARTESIAN_POINT ( 'NONE',  ( 0.1487688718478926142, 0.1000559349366347411, -1.007999999999999785 ) ) ;
#881 = FACE_OUTER_BOUND ( 'NONE', #4011, .T. ) ;
#882 = DIRECTION ( 'NONE',  ( -0.000000000000000000, -0.000000000000000000, -1.000000000000000000 ) ) ;
#883 = CARTESIAN_POINT ( 'NONE',  ( -0.2149999999999999967, 2.632990618166809112E-17, -0.7730000000000000204 ) ) ;
#884 = AXIS2_PLACEMENT_3D ( 'NONE', #477, #1317, #3903 ) ;
#885 = DIRECTION ( 'NONE',  ( 0.000000000000000000, -0.000000000000000000, 1.000000000000000000 ) ) ;
#886 = ORIENTED_EDGE ( 'NONE', *, *, #400, .T. ) ;
#887 = ORIENTED_EDGE ( 'NONE', *, *, #3845, .F. ) ;
#888 = AXIS2_PLACEMENT_3D ( 'NONE', #2922, #1084, #2550 ) ;
#889 = ORIENTED_EDGE ( 'NONE', *, *, #928, .T. ) ;
#890 = DIRECTION ( 'NONE',  ( 0.000000000000000000, 0.9916236283806550977, 0.1291610608394981041 ) ) ;
#891 = DIRECTION ( 'NONE',  ( 1.000000000000000000, -0.000000000000000000, -0.000000000000000000 ) ) ;
#892 = ORIENTED_EDGE ( 'NONE', *, *, #4443, .T. ) ;
#893 =( BOUNDED_CURVE ( )  B_SPLINE_CURVE ( 3, ( #3643, #4425, #2172, #2100 ),
 .UNSPECIFIED., .F., .T. ) 
 B_SPLINE_CURVE_WITH_KNOTS ( ( 4, 4 ),
 ( 4.895577166755493259, 4.923903003844383619 ),
 .UNSPECIFIED. ) 
 CURVE ( )  GEOMETRIC_REPRESENTATION_ITEM ( )  RATIONAL_B_SPLINE_CURVE ( ( 1.000000000000000000, 0.9999331383637506399, 0.9999331383637506399, 1.000000000000000000 ) ) 
 REPRESENTATION_ITEM ( '' )  );
#894 = DIRECTION ( 'NONE',  ( 0.000000000000000000, 0.000000000000000000, 1.000000000000000000 ) ) ;
#895 = DIRECTION ( 'NONE',  ( 0.000000000000000000, 0.000000000000000000, -1.000000000000000000 ) ) ;
#896 = VERTEX_POINT ( 'NONE', #2183 ) ;
#897 = ORIENTED_EDGE ( 'NONE', *, *, #4715, .T. ) ;
#898 = DIRECTION ( 'NONE',  ( 0.000000000000000000, 0.000000000000000000, 1.000000000000000000 ) ) ;
#899 = CIRCLE ( 'NONE', #4841, 0.2179999999999999993 ) ;
#900 = DIRECTION ( 'NONE',  ( -0.000000000000000000, -0.000000000000000000, -1.000000000000000000 ) ) ;
#901 = DIRECTION ( 'NONE',  ( 0.000000000000000000, 0.000000000000000000, 1.000000000000000000 ) ) ;
#902 = ADVANCED_FACE ( 'NONE', ( #1794 ), #4369, .T. ) ;
#903 = LINE ( 'NONE', #174, #3539 ) ;
#904 = DIRECTION ( 'NONE',  ( -1.000000000000000000, 0.000000000000000000, 0.000000000000000000 ) ) ;
#905 = EDGE_CURVE ( 'NONE', #4637, #3625, #4431, .T. ) ;
#906 = ADVANCED_FACE ( 'NONE', ( #1769 ), #1043, .T. ) ;
#907 = CARTESIAN_POINT ( 'NONE',  ( 0.2084707873325980509, 0.000000000000000000, -0.8076825937704782410 ) ) ;
#908 = CARTESIAN_POINT ( 'NONE',  ( 0.1115653416679154575, -0.1202436974789916485, -1.363999999999999879 ) ) ;
#909 = VECTOR ( 'NONE', #2914, 39.37007874015748143 ) ;
#910 = CARTESIAN_POINT ( 'NONE',  ( -0.1899999999999999467, 2.326828918379970564E-17, -0.8000125210645688822 ) ) ;
#911 = CARTESIAN_POINT ( 'NONE',  ( 0.000000000000000000, 0.000000000000000000, -1.220999999999999863 ) ) ;
#912 = ORIENTED_EDGE ( 'NONE', *, *, #3483, .T. ) ;
#913 = EDGE_CURVE ( 'NONE', #4214, #2604, #3596, .T. ) ;
#914 = CIRCLE ( 'NONE', #3528, 0.2240000000000000324 ) ;
#915 = LINE ( 'NONE', #1688, #3004 ) ;
#916 = VECTOR ( 'NONE', #3431, 39.37007874015748143 ) ;
#917 = ORIENTED_EDGE ( 'NONE', *, *, #281, .F. ) ;
#918 = CARTESIAN_POINT ( 'NONE',  ( 0.000000000000000000, 0.000000000000000000, -0.5650000000000000577 ) ) ;
#919 = CARTESIAN_POINT ( 'NONE',  ( 0.1118110236220472287, 1.369290121881292060E-17, 0.3728178745531591232 ) ) ;
#920 = EDGE_LOOP ( 'NONE', ( #1591, #2951 ) ) ;
#921 = ADVANCED_FACE ( 'NONE', ( #4387 ), #2479, .F. ) ;
#922 = DIRECTION ( 'NONE',  ( -0.000000000000000000, -0.000000000000000000, -1.000000000000000000 ) ) ;
#923 = DIRECTION ( 'NONE',  ( -0.000000000000000000, -0.000000000000000000, -1.000000000000000000 ) ) ;
#924 = ORIENTED_EDGE ( 'NONE', *, *, #3139, .T. ) ;
#925 = ORIENTED_EDGE ( 'NONE', *, *, #2246, .T. ) ;
#926 = CARTESIAN_POINT ( 'NONE',  ( -0.1524009959533437486, 0.08390467443243304624, -1.131999999999999895 ) ) ;
#927 = DIRECTION ( 'NONE',  ( -1.000000000000000000, 1.224646799147354933E-16, 0.000000000000000000 ) ) ;
#928 = EDGE_CURVE ( 'NONE', #521, #4495, #4664, .T. ) ;
#929 = DIRECTION ( 'NONE',  ( -0.000000000000000000, -0.000000000000000000, -1.000000000000000000 ) ) ;
#930 = DIRECTION ( 'NONE',  ( 0.000000000000000000, 0.000000000000000000, 1.000000000000000000 ) ) ;
#931 = DIRECTION ( 'NONE',  ( 0.000000000000000000, 0.000000000000000000, -1.000000000000000000 ) ) ;
#932 = CARTESIAN_POINT ( 'NONE',  ( -0.1534829458819514936, 0.07687106098705488721, -1.185999999999999943 ) ) ;
#933 = CARTESIAN_POINT ( 'NONE',  ( -0.2240000000000000324, -0.04912736350806327923, -1.399000000000000021 ) ) ;
#934 = CIRCLE ( 'NONE', #1482, 0.1999999999999999556 ) ;
#935 = ADVANCED_FACE ( 'NONE', ( #1440 ), #4629, .T. ) ;
#936 = DIRECTION ( 'NONE',  ( -1.000000000000000000, 0.000000000000000000, 0.000000000000000000 ) ) ;
#937 = ORIENTED_EDGE ( 'NONE', *, *, #100, .T. ) ;
#938 = CARTESIAN_POINT ( 'NONE',  ( -0.1141601790024966145, -0.1156848739495798528, -1.399000000000000021 ) ) ;
#939 = ORIENTED_EDGE ( 'NONE', *, *, #2747, .T. ) ;
#940 = DIRECTION ( 'NONE',  ( 0.000000000000000000, 0.000000000000000000, 1.000000000000000000 ) ) ;
#941 = AXIS2_PLACEMENT_3D ( 'NONE', #1318, #971, #2832 ) ;
#942 = CYLINDRICAL_SURFACE ( 'NONE', #3372, 0.005740131578947353479 ) ;
#943 = ORIENTED_EDGE ( 'NONE', *, *, #866, .F. ) ;
#944 = VECTOR ( 'NONE', #4796, 39.37007874015748143 ) ;
#945 = CIRCLE ( 'NONE', #2211, 0.2190000000000000002 ) ;
#946 = CARTESIAN_POINT ( 'NONE',  ( 0.000000000000000000, 0.000000000000000000, 0.000000000000000000 ) ) ;
#947 = CARTESIAN_POINT ( 'NONE',  ( -0.08973968314012395475, 0.1482081964947036534, -1.149304814008404563 ) ) ;
#948 = AXIS2_PLACEMENT_3D ( 'NONE', #3251, #3743, #1007 ) ;
#949 = ORIENTED_EDGE ( 'NONE', *, *, #3276, .T. ) ;
#950 = EDGE_CURVE ( 'NONE', #3830, #2430, #4076, .T. ) ;
#951 = ORIENTED_EDGE ( 'NONE', *, *, #2666, .F. ) ;
#952 = CARTESIAN_POINT ( 'NONE',  ( -0.2240000000000000324, 0.000000000000000000, -0.6209999999999999964 ) ) ;
#953 = FACE_OUTER_BOUND ( 'NONE', #1487, .T. ) ;
#954 = CIRCLE ( 'NONE', #4435, 0.1504193919682266789 ) ;
#955 = CARTESIAN_POINT ( 'NONE',  ( -0.1999999999999999556, 2.510525938252073446E-17, 0.000000000000000000 ) ) ;
#956 = VERTEX_POINT ( 'NONE', #3307 ) ;
#957 = DIRECTION ( 'NONE',  ( 0.000000000000000000, 0.000000000000000000, 1.000000000000000000 ) ) ;
#958 = FACE_OUTER_BOUND ( 'NONE', #3798, .T. ) ;
#959 = CARTESIAN_POINT ( 'NONE',  ( 0.000000000000000000, 0.000000000000000000, 0.000000000000000000 ) ) ;
#960 = CARTESIAN_POINT ( 'NONE',  ( 0.000000000000000000, -0.01324013157894735580, -2.208000000000000185 ) ) ;
#961 = EDGE_LOOP ( 'NONE', ( #3500, #3290, #3482, #1754 ) ) ;
#962 = CIRCLE ( 'NONE', #4599, 0.005000000000000014849 ) ;
#963 = CARTESIAN_POINT ( 'NONE',  ( 0.1141040155944287871, 0.1015316563870041627, -1.458000000000000185 ) ) ;
#964 = ORIENTED_EDGE ( 'NONE', *, *, #2450, .T. ) ;
#965 = CARTESIAN_POINT ( 'NONE',  ( -0.1548058280245455387, 0.06224051940676501166, -1.298324803100290081 ) ) ;
#966 = CARTESIAN_POINT ( 'NONE',  ( -0.2190000000000000002, 2.681976490132703440E-17, -0.6310000000000002274 ) ) ;
#967 = VERTEX_POINT ( 'NONE', #1839 ) ;
#968 = EDGE_CURVE ( 'NONE', #91, #956, #4784, .T. ) ;
#969 = EDGE_CURVE ( 'NONE', #1809, #2995, #4703, .T. ) ;
#970 = DIRECTION ( 'NONE',  ( 1.000000000000000000, -5.329070518200751394E-15, 0.000000000000000000 ) ) ;
#971 = DIRECTION ( 'NONE',  ( 0.000000000000000000, 0.000000000000000000, 1.000000000000000000 ) ) ;
#972 = VERTEX_POINT ( 'NONE', #288 ) ;
#973 = ORIENTED_EDGE ( 'NONE', *, *, #2474, .T. ) ;
#974 = EDGE_CURVE ( 'NONE', #1439, #2089, #2927, .T. ) ;
#975 = DIRECTION ( 'NONE',  ( -0.000000000000000000, -0.000000000000000000, -1.000000000000000000 ) ) ;
#976 = DIRECTION ( 'NONE',  ( -1.000000000000000000, 0.000000000000000000, 0.000000000000000000 ) ) ;
#977 = ORIENTED_EDGE ( 'NONE', *, *, #1570, .T. ) ;
#978 = DIRECTION ( 'NONE',  ( -1.000000000000000000, 0.000000000000000000, 0.000000000000000000 ) ) ;
#979 = FACE_OUTER_BOUND ( 'NONE', #3825, .T. ) ;
#980 = DIRECTION ( 'NONE',  ( 1.000000000000000000, 0.000000000000000000, -0.000000000000000000 ) ) ;
#981 = AXIS2_PLACEMENT_3D ( 'NONE', #1525, #2363, #1575 ) ;
#982 = LINE ( 'NONE', #1353, #4278 ) ;
#983 = EDGE_LOOP ( 'NONE', ( #668, #3820, #1218, #3905 ) ) ;
#984 = CARTESIAN_POINT ( 'NONE',  ( -0.1086555274029364360, -0.1249810025609614100, -1.327629722273909740 ) ) ;
#985 = AXIS2_PLACEMENT_3D ( 'NONE', #129, #4673, #3095 ) ;
#986 = ORIENTED_EDGE ( 'NONE', *, *, #1056, .F. ) ;
#987 = CARTESIAN_POINT ( 'NONE',  ( 0.000000000000000000, 0.000000000000000000, -0.5450000000000000400 ) ) ;
#988 = AXIS2_PLACEMENT_3D ( 'NONE', #4867, #1841, #4139 ) ;
#989 = VERTEX_POINT ( 'NONE', #4753 ) ;
#990 = AXIS2_PLACEMENT_3D ( 'NONE', #403, #1884, #1091 ) ;
#991 = EDGE_CURVE ( 'NONE', #4189, #185, #674, .T. ) ;
#992 = EDGE_CURVE ( 'NONE', #3995, #3445, #3130, .T. ) ;
#993 = ADVANCED_FACE ( 'NONE', ( #1934 ), #2650, .F. ) ;
#994 = DIRECTION ( 'NONE',  ( 0.000000000000000000, 0.000000000000000000, -1.000000000000000000 ) ) ;
#995 = DIRECTION ( 'NONE',  ( 0.000000000000000000, 0.000000000000000000, 1.000000000000000000 ) ) ;
#996 = ORIENTED_EDGE ( 'NONE', *, *, #3333, .T. ) ;
#997 = ORIENTED_EDGE ( 'NONE', *, *, #1176, .T. ) ;
#998 = DIRECTION ( 'NONE',  ( 1.000000000000000000, 0.000000000000000000, 0.000000000000000000 ) ) ;
#999 = CARTESIAN_POINT ( 'NONE',  ( 0.000000000000000000, 0.000000000000000000, 0.000000000000000000 ) ) ;
#1000 = ORIENTED_EDGE ( 'NONE', *, *, #1057, .F. ) ;
#1001 = CARTESIAN_POINT ( 'NONE',  ( 0.000000000000000000, 0.000000000000000000, -1.220999999999999863 ) ) ;
#1002 = CARTESIAN_POINT ( 'NONE',  ( 0.2190000000000000002, 0.000000000000000000, -0.5980000000000000870 ) ) ;
#1003 = CARTESIAN_POINT ( 'NONE',  ( 0.1021008891434418281, 0.1342445654258833942, -1.256509465439991979 ) ) ;
#1004 = VERTEX_POINT ( 'NONE', #4114 ) ;
#1005 = CIRCLE ( 'NONE', #4491, 0.005740131578947354346 ) ;
#1006 = EDGE_CURVE ( 'NONE', #2848, #424, #3352, .T. ) ;
#1007 = DIRECTION ( 'NONE',  ( -1.000000000000000000, 0.000000000000000000, 0.000000000000000000 ) ) ;
#1008 = ORIENTED_EDGE ( 'NONE', *, *, #4415, .F. ) ;
#1009 = AXIS2_PLACEMENT_3D ( 'NONE', #1102, #1151, #2984 ) ;
#1010 = DIRECTION ( 'NONE',  ( -1.000000000000000000, 0.000000000000000000, 0.000000000000000000 ) ) ;
#1011 = FACE_BOUND ( 'NONE', #2065, .T. ) ;
#1012 = ORIENTED_EDGE ( 'NONE', *, *, #2189, .F. ) ;
#1013 = ADVANCED_FACE ( 'NONE', ( #3002 ), #1861, .T. ) ;
#1014 = VERTEX_POINT ( 'NONE', #447 ) ;
#1015 = DIRECTION ( 'NONE',  ( -0.000000000000000000, -0.000000000000000000, -1.000000000000000000 ) ) ;
#1016 = DIRECTION ( 'NONE',  ( -1.000000000000000000, 0.000000000000000000, 0.000000000000000000 ) ) ;
#1017 = EDGE_LOOP ( 'NONE', ( #696, #2983, #3846, #1464 ) ) ;
#1018 = VERTEX_POINT ( 'NONE', #2628 ) ;
#1019 = DIRECTION ( 'NONE',  ( 1.000000000000000000, 0.000000000000000000, 0.000000000000000000 ) ) ;
#1020 = AXIS2_PLACEMENT_3D ( 'NONE', #3974, #3308, #241 ) ;
#1021 = VECTOR ( 'NONE', #4080, 39.37007874015748143 ) ;
#1022 = EDGE_CURVE ( 'NONE', #650, #2333, #2574, .T. ) ;
#1023 = FACE_OUTER_BOUND ( 'NONE', #4113, .T. ) ;
#1024 = DIRECTION ( 'NONE',  ( -0.000000000000000000, -0.000000000000000000, -1.000000000000000000 ) ) ;
#1025 = ORIENTED_EDGE ( 'NONE', *, *, #2061, .F. ) ;
#1026 = DIRECTION ( 'NONE',  ( -1.000000000000000000, 0.000000000000000000, 0.000000000000000000 ) ) ;
#1027 = EDGE_CURVE ( 'NONE', #65, #3142, #1372, .T. ) ;
#1028 = EDGE_CURVE ( 'NONE', #3072, #2597, #3844, .T. ) ;
#1029 = CARTESIAN_POINT ( 'NONE',  ( -0.2240000000000000324, -0.1854999999999999982, -0.8630000000000002114 ) ) ;
#1030 = AXIS2_PLACEMENT_3D ( 'NONE', #608, #2120, #1399 ) ;
#1031 = DIRECTION ( 'NONE',  ( 0.000000000000000000, 0.000000000000000000, 1.000000000000000000 ) ) ;
#1032 = CIRCLE ( 'NONE', #1668, 0.004999999999999946328 ) ;
#1033 = AXIS2_PLACEMENT_3D ( 'NONE', #3519, #4646, #2742 ) ;
#1034 = DIRECTION ( 'NONE',  ( 0.000000000000000000, 0.000000000000000000, 1.000000000000000000 ) ) ;
#1035 = CARTESIAN_POINT ( 'NONE',  ( -0.1101443975884641990, -0.1226357439655119536, -1.345635256006715075 ) ) ;
#1036 = AXIS2_PLACEMENT_3D ( 'NONE', #1870, #3386, #4876 ) ;
#1037 = ORIENTED_EDGE ( 'NONE', *, *, #3991, .F. ) ;
#1038 = CARTESIAN_POINT ( 'NONE',  ( -0.2190000000000000002, 2.681976490132703440E-17, -0.7630000000000001226 ) ) ;
#1039 = CARTESIAN_POINT ( 'NONE',  ( -0.2190000000000000002, 2.681976490132703440E-17, -0.6640000000000002567 ) ) ;
#1040 = AXIS2_PLACEMENT_3D ( 'NONE', #3516, #123, #4301 ) ;
#1041 = EDGE_LOOP ( 'NONE', ( #1233, #2982, #1907, #3309 ) ) ;
#1042 = ORIENTED_EDGE ( 'NONE', *, *, #4799, .T. ) ;
#1043 = CYLINDRICAL_SURFACE ( 'NONE', #401, 0.2240000000000000324 ) ;
#1044 = VERTEX_POINT ( 'NONE', #4510 ) ;
#1045 = PRODUCT ( 'Wired Barrel Jack 5.68mm', 'Wired Barrel Jack 5.68mm', '', ( #3245 ) ) ;
#1046 = ORIENTED_EDGE ( 'NONE', *, *, #2485, .T. ) ;
#1047 = CIRCLE ( 'NONE', #3668, 0.005000000000000014849 ) ;
#1048 = DIRECTION ( 'NONE',  ( 0.000000000000000000, 0.9916236283806552088, 0.1291610608394971604 ) ) ;
#1049 = DIRECTION ( 'NONE',  ( 0.000000000000000000, 0.000000000000000000, 1.000000000000000000 ) ) ;
#1050 = VERTEX_POINT ( 'NONE', #3749 ) ;
#1051 = CARTESIAN_POINT ( 'NONE',  ( 0.005545194838543994476, 0.01175691724979135121, -1.458000000000000185 ) ) ;
#1052 = LINE ( 'NONE', #2119, #4128 ) ;
#1053 = DIRECTION ( 'NONE',  ( 1.000000000000000000, 0.000000000000000000, 0.000000000000000000 ) ) ;
#1054 = ADVANCED_FACE ( 'NONE', ( #4137 ), #2495, .T. ) ;
#1055 = APPLICATION_PROTOCOL_DEFINITION ( 'draft international standard', 'automotive_design', 1998, #357 ) ;
#1056 = EDGE_CURVE ( 'NONE', #1960, #967, #2101, .T. ) ;
#1057 = EDGE_CURVE ( 'NONE', #777, #2117, #1071, .T. ) ;
#1058 =( BOUNDED_CURVE ( )  B_SPLINE_CURVE ( 3, ( #2023, #3935, #1280, #2415 ),
 .UNSPECIFIED., .F., .T. ) 
 B_SPLINE_CURVE_WITH_KNOTS ( ( 4, 4 ),
 ( 0.7242927058052953670, 0.7973918928943686257 ),
 .UNSPECIFIED. ) 
 CURVE ( )  GEOMETRIC_REPRESENTATION_ITEM ( )  RATIONAL_B_SPLINE_CURVE ( ( 1.000000000000000000, 0.9995547586393720429, 0.9995547586393720429, 1.000000000000000000 ) ) 
 REPRESENTATION_ITEM ( '' )  );
#1059 = DIRECTION ( 'NONE',  ( -1.000000000000000000, 0.000000000000000000, 0.000000000000000000 ) ) ;
#1060 = CYLINDRICAL_SURFACE ( 'NONE', #4585, 0.2180000000000000271 ) ;
#1061 = VECTOR ( 'NONE', #1059, 39.37007874015748143 ) ;
#1062 = EDGE_LOOP ( 'NONE', ( #1334, #2125, #4556, #2013 ) ) ;
#1063 = DIRECTION ( 'NONE',  ( 0.000000000000000000, 0.000000000000000000, 1.000000000000000000 ) ) ;
#1064 = EDGE_CURVE ( 'NONE', #2848, #670, #1711, .T. ) ;
#1065 = DIRECTION ( 'NONE',  ( -1.000000000000000000, 1.224646799147346798E-16, 0.000000000000000000 ) ) ;
#1066 = ORIENTED_EDGE ( 'NONE', *, *, #2625, .T. ) ;
#1067 = AXIS2_PLACEMENT_3D ( 'NONE', #4731, #2483, #4758 ) ;
#1068 = ORIENTED_EDGE ( 'NONE', *, *, #1022, .T. ) ;
#1069 = CARTESIAN_POINT ( 'NONE',  ( 0.1491866468302166793, -0.09854243966153443390, -1.019619737918512570 ) ) ;
#1070 = VERTEX_POINT ( 'NONE', #817 ) ;
#1071 = CIRCLE ( 'NONE', #4156, 0.1318110236220472464 ) ;
#1072 = CARTESIAN_POINT ( 'NONE',  ( 0.000000000000000000, 0.000000000000000000, -1.363999999999999879 ) ) ;
#1073 = EDGE_CURVE ( 'NONE', #141, #1840, #4474, .T. ) ;
#1074 = CARTESIAN_POINT ( 'NONE',  ( -0.2240000000000000324, 0.1620546218487395329, -1.042999999999999705 ) ) ;
#1075 = CARTESIAN_POINT ( 'NONE',  ( -0.2099999999999999922, 0.000000000000000000, -0.8000125210645688822 ) ) ;
#1076 = VERTEX_POINT ( 'NONE', #1162 ) ;
#1077 = DIRECTION ( 'NONE',  ( -0.000000000000000000, 0.000000000000000000, -1.000000000000000000 ) ) ;
#1078 = DIRECTION ( 'NONE',  ( 1.000000000000000000, 0.000000000000000000, -0.000000000000000000 ) ) ;
#1079 = EDGE_CURVE ( 'NONE', #612, #231, #49, .T. ) ;
#1080 = EDGE_CURVE ( 'NONE', #2748, #2231, #1153, .T. ) ;
#1081 = CARTESIAN_POINT ( 'NONE',  ( 0.000000000000000000, 0.01324013157894735580, -1.458000000000000185 ) ) ;
#1082 = CARTESIAN_POINT ( 'NONE',  ( 0.2240000000000000324, 2.743208830090071273E-17, -0.6970000000000000639 ) ) ;
#1083 = ORIENTED_EDGE ( 'NONE', *, *, #2658, .T. ) ;
#1084 = DIRECTION ( 'NONE',  ( 0.000000000000000000, 0.000000000000000000, 1.000000000000000000 ) ) ;
#1085 = DIRECTION ( 'NONE',  ( 0.000000000000000000, 0.000000000000000000, 1.000000000000000000 ) ) ;
#1086 = CIRCLE ( 'NONE', #2512, 0.1777857142857142969 ) ;
#1087 = ORIENTED_EDGE ( 'NONE', *, *, #2146, .T. ) ;
#1088 = ORIENTED_EDGE ( 'NONE', *, *, #3376, .F. ) ;
#1089 = VECTOR ( 'NONE', #2019, 39.37007874015748143 ) ;
#1090 = EDGE_LOOP ( 'NONE', ( #318, #3400, #1348, #565 ) ) ;
#1091 = DIRECTION ( 'NONE',  ( 1.000000000000000000, 0.000000000000000000, 0.000000000000000000 ) ) ;
#1092 = ORIENTED_EDGE ( 'NONE', *, *, #602, .T. ) ;
#1093 = ADVANCED_FACE ( 'NONE', ( #2700 ), #1512, .F. ) ;
#1094 =( BOUNDED_CURVE ( )  B_SPLINE_CURVE ( 3, ( #4473, #3271, #301, #1804 ),
 .UNSPECIFIED., .F., .T. ) 
 B_SPLINE_CURVE_WITH_KNOTS ( ( 4, 4 ),
 ( 1.502057942207286390, 1.529875728051083295 ),
 .UNSPECIFIED. ) 
 CURVE ( )  GEOMETRIC_REPRESENTATION_ITEM ( )  RATIONAL_B_SPLINE_CURVE ( ( 1.000000000000000000, 0.9999355152721591811, 0.9999355152721591811, 1.000000000000000000 ) ) 
 REPRESENTATION_ITEM ( '' )  );
#1095 = DIRECTION ( 'NONE',  ( 1.000000000000000000, 0.000000000000000000, 0.000000000000000000 ) ) ;
#1096 = CARTESIAN_POINT ( 'NONE',  ( 0.000000000000000000, 0.000000000000000000, 0.000000000000000000 ) ) ;
#1097 = DIRECTION ( 'NONE',  ( 1.000000000000000000, 0.000000000000000000, 0.000000000000000000 ) ) ;
#1098 = ADVANCED_FACE ( 'NONE', ( #2648 ), #3612, .T. ) ;
#1099 = ORIENTED_EDGE ( 'NONE', *, *, #482, .T. ) ;
#1100 = CIRCLE ( 'NONE', #3874, 0.2190000000000000002 ) ;
#1101 = ORIENTED_EDGE ( 'NONE', *, *, #3145, .F. ) ;
#1102 = CARTESIAN_POINT ( 'NONE',  ( -0.1168110236220472470, 1.430522461838660047E-17, -0.05300000000000001932 ) ) ;
#1103 = FACE_OUTER_BOUND ( 'NONE', #2017, .T. ) ;
#1104 = TOROIDAL_SURFACE ( 'NONE', #1978, 0.2190000000000000002, 0.005000000000000000104 ) ;
#1105 = AXIS2_PLACEMENT_3D ( 'NONE', #1866, #62, #4188 ) ;
#1106 = CARTESIAN_POINT ( 'NONE',  ( 0.000000000000000000, 0.000000000000000000, -1.042999999999999705 ) ) ;
#1107 = CARTESIAN_POINT ( 'NONE',  ( 0.1540272494696167671, -0.07231223745764317479, -1.220999999999999863 ) ) ;
#1108 = VECTOR ( 'NONE', #1578, 39.37007874015748143 ) ;
#1109 = PLANE ( 'NONE',  #2938 ) ;
#1110 = DIRECTION ( 'NONE',  ( 1.000000000000000000, 0.000000000000000000, -0.000000000000000000 ) ) ;
#1111 = AXIS2_PLACEMENT_3D ( 'NONE', #2694, #1980, #4281 ) ;
#1112 = ORIENTED_EDGE ( 'NONE', *, *, #2002, .F. ) ;
#1113 = CARTESIAN_POINT ( 'NONE',  ( 0.07927539734921895676, -0.1575020654655283070, -1.077951884490460532 ) ) ;
#1114 = DIRECTION ( 'NONE',  ( 0.000000000000000000, -0.1291610608394976323, 0.9916236283806550977 ) ) ;
#1115 = VERTEX_POINT ( 'NONE', #1612 ) ;
#1116 = CIRCLE ( 'NONE', #2541, 0.1640285714285714402 ) ;
#1117 = EDGE_CURVE ( 'NONE', #3678, #3827, #2724, .T. ) ;
#1118 = ORIENTED_EDGE ( 'NONE', *, *, #968, .T. ) ;
#1119 = EDGE_CURVE ( 'NONE', #2633, #1115, #1561, .T. ) ;
#1120 = CARTESIAN_POINT ( 'NONE',  ( 0.1141601790024965590, -0.1156848739495798528, -1.399000000000000021 ) ) ;
#1121 = ADVANCED_FACE ( 'NONE', ( #3504 ), #2376, .T. ) ;
#1122 = VERTEX_POINT ( 'NONE', #4338 ) ;
#1123 = EDGE_CURVE ( 'NONE', #989, #650, #2455, .T. ) ;
#1124 = DIRECTION ( 'NONE',  ( -1.000000000000000000, 0.000000000000000000, 0.000000000000000000 ) ) ;
#1125 = TOROIDAL_SURFACE ( 'NONE', #3902, 0.2190000000000000002, 0.005000000000000000104 ) ;
#1126 = DIRECTION ( 'NONE',  ( -1.000000000000000000, 0.000000000000000000, 0.000000000000000000 ) ) ;
#1127 = DIRECTION ( 'NONE',  ( 0.000000000000000000, 0.000000000000000000, 1.000000000000000000 ) ) ;
#1128 = EDGE_LOOP ( 'NONE', ( #2875, #2706, #3157, #768 ) ) ;
#1129 = ADVANCED_FACE ( 'NONE', ( #83 ), #942, .F. ) ;
#1130 = EDGE_LOOP ( 'NONE', ( #3073, #2433, #4800, #3338 ) ) ;
#1131 = CARTESIAN_POINT ( 'NONE',  ( 0.1164126215248649648, 0.1114231050493681013, -1.431719387040335301 ) ) ;
#1132 = CARTESIAN_POINT ( 'NONE',  ( -0.1521343974586219505, 0.08542853503571147533, -1.120300683110313722 ) ) ;
#1133 = DIRECTION ( 'NONE',  ( 0.000000000000000000, -1.000000000000000000, 0.000000000000000000 ) ) ;
#1134 = CARTESIAN_POINT ( 'NONE',  ( 0.000000000000000000, 0.000000000000000000, -0.6360000000000001208 ) ) ;
#1135 = FACE_OUTER_BOUND ( 'NONE', #1192, .T. ) ;
#1136 = FACE_OUTER_BOUND ( 'NONE', #107, .T. ) ;
#1137 = ORIENTED_EDGE ( 'NONE', *, *, #660, .T. ) ;
#1138 =( CONVERSION_BASED_UNIT ( 'INCH', #3746 ) LENGTH_UNIT ( ) NAMED_UNIT ( #2654 ) );
#1139 = EDGE_LOOP ( 'NONE', ( #2335, #4518, #3315, #3098 ) ) ;
#1140 = CARTESIAN_POINT ( 'NONE',  ( 0.0002500000000000000594, -0.007005446710218422510, -2.207500000000000018 ) ) ;
#1141 = DIRECTION ( 'NONE',  ( -1.000000000000000000, 0.000000000000000000, -0.000000000000000000 ) ) ;
#1142 = ORIENTED_EDGE ( 'NONE', *, *, #4373, .T. ) ;
#1143 = CARTESIAN_POINT ( 'NONE',  ( 0.000000000000000000, 0.000000000000000000, -0.7300000000000000933 ) ) ;
#1144 = AXIS2_PLACEMENT_3D ( 'NONE', #2515, #3980, #4375 ) ;
#1145 = EDGE_CURVE ( 'NONE', #1734, #3379, #595, .T. ) ;
#1146 = CARTESIAN_POINT ( 'NONE',  ( 0.1071001038576073483, 0.1272773109243697798, -1.310000000000000053 ) ) ;
#1147 = DIRECTION ( 'NONE',  ( -0.000000000000000000, -0.000000000000000000, -1.000000000000000000 ) ) ;
#1148 = ORIENTED_EDGE ( 'NONE', *, *, #2979, .F. ) ;
#1149 = AXIS2_PLACEMENT_3D ( 'NONE', #3730, #2606, #334 ) ;
#1150 = ORIENTED_EDGE ( 'NONE', *, *, #633, .F. ) ;
#1151 = DIRECTION ( 'NONE',  ( 1.224646799147353207E-16, 1.000000000000000000, -0.000000000000000000 ) ) ;
#1152 = DIRECTION ( 'NONE',  ( 1.000000000000000000, 0.000000000000000000, 0.000000000000000000 ) ) ;
#1153 = CIRCLE ( 'NONE', #216, 0.2099999999999999367 ) ;
#1154 = FACE_OUTER_BOUND ( 'NONE', #1359, .T. ) ;
#1155 = PLANE ( 'NONE',  #662 ) ;
#1156 = CARTESIAN_POINT ( 'NONE',  ( 0.000000000000000000, 0.000000000000000000, -0.5500000000000000444 ) ) ;
#1157 = CARTESIAN_POINT ( 'NONE',  ( -0.2240000000000000324, -0.09549711140722307035, -1.042999999999999705 ) ) ;
#1158 = DIRECTION ( 'NONE',  ( -0.000000000000000000, 0.000000000000000000, -1.000000000000000000 ) ) ;
#1159 = ADVANCED_FACE ( 'NONE', ( #1664 ), #1863, .T. ) ;
#1160 = VERTEX_POINT ( 'NONE', #3900 ) ;
#1161 = EDGE_LOOP ( 'NONE', ( #1068, #4505, #3558, #4485 ) ) ;
#1162 = CARTESIAN_POINT ( 'NONE',  ( 0.2190000000000000002, 2.712592660111387510E-17, -0.6820000000000001616 ) ) ;
#1163 = ORIENTED_EDGE ( 'NONE', *, *, #2419, .F. ) ;
#1164 = CARTESIAN_POINT ( 'NONE',  ( -0.09832927531376377261, -0.1388697478991597067, -1.220999999999999863 ) ) ;
#1165 = CIRCLE ( 'NONE', #307, 0.2190000000000000002 ) ;
#1166 = CARTESIAN_POINT ( 'NONE',  ( 0.000000000000000000, 0.000000000000000000, -0.4499999999999999556 ) ) ;
#1167 = DIRECTION ( 'NONE',  ( -0.000000000000000000, -0.000000000000000000, 1.000000000000000000 ) ) ;
#1168 = DIMENSIONAL_EXPONENTS ( 1.000000000000000000, 0.000000000000000000, 0.000000000000000000, 0.000000000000000000, 0.000000000000000000, 0.000000000000000000, 0.000000000000000000 ) ;
#1169 = ORIENTED_EDGE ( 'NONE', *, *, #2823, .F. ) ;
#1170 = ORIENTED_EDGE ( 'NONE', *, *, #3091, .F. ) ;
#1171 = CARTESIAN_POINT ( 'NONE',  ( 0.1854999999999999982, 0.000000000000000000, -0.8630000000000001004 ) ) ;
#1172 = DIRECTION ( 'NONE',  ( 0.000000000000000000, 0.000000000000000000, 1.000000000000000000 ) ) ;
#1173 = ADVANCED_FACE ( 'NONE', ( #3475 ), #498, .F. ) ;
#1174 = AXIS2_PLACEMENT_3D ( 'NONE', #3530, #140, #1644 ) ;
#1175 = DIRECTION ( 'NONE',  ( 0.000000000000000000, 0.000000000000000000, 1.000000000000000000 ) ) ;
#1176 = EDGE_CURVE ( 'NONE', #3601, #1531, #3525, .T. ) ;
#1177 = EDGE_CURVE ( 'NONE', #4465, #1837, #3879, .T. ) ;
#1178 = DIRECTION ( 'NONE',  ( 0.000000000000000000, -0.1291610608394971327, -0.9916236283806550977 ) ) ;
#1179 = EDGE_CURVE ( 'NONE', #3827, #1941, #1263, .T. ) ;
#1180 = DIRECTION ( 'NONE',  ( -0.000000000000000000, -0.000000000000000000, -1.000000000000000000 ) ) ;
#1181 = AXIS2_PLACEMENT_3D ( 'NONE', #2477, #1383, #1338 ) ;
#1182 = DIRECTION ( 'NONE',  ( -0.000000000000000000, 0.000000000000000000, -1.000000000000000000 ) ) ;
#1183 = VECTOR ( 'NONE', #430, 39.37007874015748143 ) ;
#1184 = VERTEX_POINT ( 'NONE', #3872 ) ;
#1185 = AXIS2_PLACEMENT_3D ( 'NONE', #3790, #3093, #1110 ) ;
#1186 = CARTESIAN_POINT ( 'NONE',  ( 0.1086555274029364637, -0.1249810025609613823, -1.327629722273909962 ) ) ;
#1187 = PLANE ( 'NONE',  #3248 ) ;
#1188 = ORIENTED_EDGE ( 'NONE', *, *, #2987, .T. ) ;
#1189 = ORIENTED_EDGE ( 'NONE', *, *, #1981, .F. ) ;
#1190 = EDGE_LOOP ( 'NONE', ( #1289, #4239, #1797, #4017 ) ) ;
#1191 = CARTESIAN_POINT ( 'NONE',  ( 0.1549912924716461693, -0.05216629382191996511, -1.375668857590390814 ) ) ;
#1192 = EDGE_LOOP ( 'NONE', ( #850, #3559, #1362, #1686 ) ) ;
#1193 = DIRECTION ( 'NONE',  ( -0.000000000000000000, 0.000000000000000000, -1.000000000000000000 ) ) ;
#1194 = VECTOR ( 'NONE', #1180, 39.37007874015748143 ) ;
#1195 = DIRECTION ( 'NONE',  ( 1.224646799147353207E-16, 1.000000000000000000, -0.000000000000000000 ) ) ;
#1196 = DIRECTION ( 'NONE',  ( -1.000000000000000000, 8.881784197001252323E-16, 0.000000000000000000 ) ) ;
#1197 = ORIENTED_EDGE ( 'NONE', *, *, #2059, .F. ) ;
#1198 = AXIS2_PLACEMENT_3D ( 'NONE', #1029, #2169, #3689 ) ;
#1199 = ORIENTED_EDGE ( 'NONE', *, *, #2823, .T. ) ;
#1200 = DIRECTION ( 'NONE',  ( -1.000000000000000000, 0.000000000000000000, 0.000000000000000000 ) ) ;
#1201 = CARTESIAN_POINT ( 'NONE',  ( 0.2240000000000000324, 2.743208830090071273E-17, -0.6870000000000000551 ) ) ;
#1202 = CARTESIAN_POINT ( 'NONE',  ( 0.0002500000000000000052, 0.007005446710218416438, -1.458000000000000185 ) ) ;
#1203 = DIRECTION ( 'NONE',  ( -1.000000000000000000, 0.000000000000000000, -0.000000000000000000 ) ) ;
#1204 = CARTESIAN_POINT ( 'NONE',  ( 0.000000000000000000, 0.000000000000000000, -1.007999999999999785 ) ) ;
#1205 = EDGE_CURVE ( 'NONE', #4363, #3496, #3322, .T. ) ;
#1206 = EDGE_CURVE ( 'NONE', #4042, #2604, #523, .T. ) ;
#1207 = EDGE_CURVE ( 'NONE', #4335, #287, #1975, .T. ) ;
#1208 = DIRECTION ( 'NONE',  ( -1.000000000000000000, 0.000000000000000000, -0.000000000000000000 ) ) ;
#1209 = DIRECTION ( 'NONE',  ( 1.000000000000000000, 0.000000000000000000, 0.000000000000000000 ) ) ;
#1210 = VERTEX_POINT ( 'NONE', #2799 ) ;
#1211 = ORIENTED_EDGE ( 'NONE', *, *, #1872, .F. ) ;
#1212 = EDGE_LOOP ( 'NONE', ( #2634, #939, #2872, #2731 ) ) ;
#1213 = CARTESIAN_POINT ( 'NONE',  ( 0.000000000000000000, 0.000000000000000000, 0.000000000000000000 ) ) ;
#1214 = ORIENTED_EDGE ( 'NONE', *, *, #1752, .F. ) ;
#1215 = CIRCLE ( 'NONE', #2959, 0.2099999999999999367 ) ;
#1216 = CARTESIAN_POINT ( 'NONE',  ( 0.1318110236220472464, 1.614219481710762929E-17, -0.4499999999999999556 ) ) ;
#1217 = CYLINDRICAL_SURFACE ( 'NONE', #3007, 0.005740131578947354346 ) ;
#1218 = ORIENTED_EDGE ( 'NONE', *, *, #1569, .T. ) ;
#1219 = EDGE_CURVE ( 'NONE', #2268, #743, #4312, .T. ) ;
#1220 = ORIENTED_EDGE ( 'NONE', *, *, #2669, .T. ) ;
#1221 = DIRECTION ( 'NONE',  ( -1.000000000000000000, 0.000000000000000000, 0.000000000000000000 ) ) ;
#1222 = CARTESIAN_POINT ( 'NONE',  ( 0.2190000000000000002, 0.000000000000000000, -0.6030000000000000915 ) ) ;
#1223 = CIRCLE ( 'NONE', #1780, 0.2099999999999999367 ) ;
#1224 = AXIS2_PLACEMENT_3D ( 'NONE', #3687, #1423, #4449 ) ;
#1225 = CARTESIAN_POINT ( 'NONE',  ( 0.000000000000000000, 0.000000000000000000, -0.4499999999999999556 ) ) ;
#1226 = DIRECTION ( 'NONE',  ( 0.000000000000000000, 0.000000000000000000, -1.000000000000000000 ) ) ;
#1227 = CARTESIAN_POINT ( 'NONE',  ( 0.005545194838543985802, -0.01175691724979134427, -2.208000000000000185 ) ) ;
#1228 = CARTESIAN_POINT ( 'NONE',  ( 0.000000000000000000, -0.2240000000000000324, -0.5700000000000000622 ) ) ;
#1229 = DIRECTION ( 'NONE',  ( -0.000000000000000000, -0.000000000000000000, -1.000000000000000000 ) ) ;
#1230 = ADVANCED_FACE ( 'NONE', ( #2552 ), #4060, .T. ) ;
#1231 = CARTESIAN_POINT ( 'NONE',  ( 0.1071001038576073483, -0.1272773109243698075, -1.310000000000000053 ) ) ;
#1232 = LINE ( 'NONE', #4601, #1985 ) ;
#1233 = ORIENTED_EDGE ( 'NONE', *, *, #3970, .T. ) ;
#1234 = ORIENTED_EDGE ( 'NONE', *, *, #1205, .F. ) ;
#1235 = ORIENTED_EDGE ( 'NONE', *, *, #3425, .F. ) ;
#1236 = DIRECTION ( 'NONE',  ( 1.000000000000000000, 0.000000000000000000, 0.000000000000000000 ) ) ;
#1237 = ORIENTED_EDGE ( 'NONE', *, *, #4296, .T. ) ;
#1238 = DIRECTION ( 'NONE',  ( -1.000000000000000000, 0.000000000000000000, 0.000000000000000000 ) ) ;
#1239 = DIRECTION ( 'NONE',  ( -0.000000000000000000, -0.000000000000000000, -1.000000000000000000 ) ) ;
#1240 = ORIENTED_EDGE ( 'NONE', *, *, #3823, .F. ) ;
#1241 = VECTOR ( 'NONE', #1800, 39.37007874015748143 ) ;
#1242 = ORIENTED_EDGE ( 'NONE', *, *, #2964, .T. ) ;
#1243 = CARTESIAN_POINT ( 'NONE',  ( 0.000000000000000000, 0.000000000000000000, 0.000000000000000000 ) ) ;
#1244 = CARTESIAN_POINT ( 'NONE',  ( 0.000000000000000000, 0.000000000000000000, -0.5700000000000000622 ) ) ;
#1245 = AXIS2_PLACEMENT_3D ( 'NONE', #2358, #898, #3882 ) ;
#1246 = CARTESIAN_POINT ( 'NONE',  ( 0.000000000000000000, 0.000000000000000000, -0.4499999999999999556 ) ) ;
#1247 = CIRCLE ( 'NONE', #1882, 0.1118110236220472287 ) ;
#1248 = DIRECTION ( 'NONE',  ( 1.000000000000000000, 0.000000000000000000, 0.000000000000000000 ) ) ;
#1249 = CARTESIAN_POINT ( 'NONE',  ( 0.2190000000000000002, 2.681976490132703440E-17, -0.5550000000000000488 ) ) ;
#1250 = CIRCLE ( 'NONE', #4256, 0.005000000000000014849 ) ;
#1251 = CARTESIAN_POINT ( 'NONE',  ( 0.000000000000000000, 0.000000000000000000, -0.7730000000000000204 ) ) ;
#1252 =( BOUNDED_CURVE ( )  B_SPLINE_CURVE ( 3, ( #2087, #268, #947, #4015 ),
 .UNSPECIFIED., .F., .T. ) 
 B_SPLINE_CURVE_WITH_KNOTS ( ( 4, 4 ),
 ( 5.485793414285218716, 5.558892601374290976 ),
 .UNSPECIFIED. ) 
 CURVE ( )  GEOMETRIC_REPRESENTATION_ITEM ( )  RATIONAL_B_SPLINE_CURVE ( ( 1.000000000000000000, 0.9995547586393720429, 0.9995547586393720429, 1.000000000000000000 ) ) 
 REPRESENTATION_ITEM ( '' )  );
#1253 = DIRECTION ( 'NONE',  ( 1.000000000000000000, -0.000000000000000000, -0.000000000000000000 ) ) ;
#1254 = PLANE ( 'NONE',  #4232 ) ;
#1255 = LINE ( 'NONE', #2769, #4743 ) ;
#1256 = EDGE_LOOP ( 'NONE', ( #1042, #112 ) ) ;
#1257 = VERTEX_POINT ( 'NONE', #213 ) ;
#1258 = AXIS2_PLACEMENT_3D ( 'NONE', #3479, #3876, #1990 ) ;
#1259 = VECTOR ( 'NONE', #2126, 39.37007874015748143 ) ;
#1260 = CIRCLE ( 'NONE', #3720, 0.005000000000000014849 ) ;
#1261 = VERTEX_POINT ( 'NONE', #667 ) ;
#1262 = DIRECTION ( 'NONE',  ( -1.000000000000000000, 0.000000000000000000, 0.000000000000000000 ) ) ;
#1263 = LINE ( 'NONE', #2349, #2052 ) ;
#1264 = ORIENTED_EDGE ( 'NONE', *, *, #3699, .F. ) ;
#1265 = AXIS2_PLACEMENT_3D ( 'NONE', #2820, #882, #2740 ) ;
#1266 = AXIS2_PLACEMENT_3D ( 'NONE', #267, #2952, #311 ) ;
#1267 = EDGE_CURVE ( 'NONE', #456, #3951, #471, .T. ) ;
#1268 = EDGE_CURVE ( 'NONE', #3968, #3748, #3624, .T. ) ;
#1269 = EDGE_CURVE ( 'NONE', #3412, #290, #1577, .T. ) ;
#1270 = EDGE_CURVE ( 'NONE', #504, #480, #1742, .T. ) ;
#1271 = FACE_OUTER_BOUND ( 'NONE', #4721, .T. ) ;
#1272 = CARTESIAN_POINT ( 'NONE',  ( -0.1174615737310077540, 0.1091342860131922360, -1.449291610608395064 ) ) ;
#1273 = VERTEX_POINT ( 'NONE', #1739 ) ;
#1274 = ORIENTED_EDGE ( 'NONE', *, *, #2316, .F. ) ;
#1275 = FACE_OUTER_BOUND ( 'NONE', #1062, .T. ) ;
#1276 = DIRECTION ( 'NONE',  ( -1.000000000000000000, 0.000000000000000000, 0.000000000000000000 ) ) ;
#1277 = EDGE_CURVE ( 'NONE', #135, #1816, #2073, .T. ) ;
#1279 = AXIS2_PLACEMENT_3D ( 'NONE', #45, #4499, #1503 ) ;
#1278 = DIRECTION ( 'NONE',  ( 1.000000000000000000, 0.000000000000000000, 0.000000000000000000 ) ) ;
#1280 = CARTESIAN_POINT ( 'NONE',  ( 0.09206620300054814410, 0.1458626143293828559, -1.167312831922802996 ) ) ;
#1281 = DIRECTION ( 'NONE',  ( -1.224646799147353207E-16, 1.000000000000000000, 0.000000000000000000 ) ) ;
#1282 = DIRECTION ( 'NONE',  ( 0.000000000000000000, 0.000000000000000000, 1.000000000000000000 ) ) ;
#1283 = CARTESIAN_POINT ( 'NONE',  ( -0.1548646245976513514, -0.06071980048285321313, -1.310000000000000053 ) ) ;
#1284 = CARTESIAN_POINT ( 'NONE',  ( 0.000000000000000000, 0.000000000000000000, -0.6870000000000000551 ) ) ;
#1285 = DIRECTION ( 'NONE',  ( -0.000000000000000000, -0.000000000000000000, -1.000000000000000000 ) ) ;
#1286 = ORIENTED_EDGE ( 'NONE', *, *, #336, .T. ) ;
#1287 = VECTOR ( 'NONE', #4666, 39.37007874015748143 ) ;
#1288 = FACE_OUTER_BOUND ( 'NONE', #4768, .T. ) ;
#1289 = ORIENTED_EDGE ( 'NONE', *, *, #1974, .T. ) ;
#1290 = CARTESIAN_POINT ( 'NONE',  ( 0.1534829458819514936, 0.07687106098705488721, -1.185999999999999943 ) ) ;
#1291 = DIRECTION ( 'NONE',  ( -1.000000000000000000, 0.000000000000000000, 0.000000000000000000 ) ) ;
#1292 = ORIENTED_EDGE ( 'NONE', *, *, #2660, .F. ) ;
#1293 = DIRECTION ( 'NONE',  ( 0.000000000000000000, 0.000000000000000000, 1.000000000000000000 ) ) ;
#1294 = CARTESIAN_POINT ( 'NONE',  ( 0.000000000000000000, 0.000000000000000000, -1.042999999999999705 ) ) ;
#1295 = EDGE_LOOP ( 'NONE', ( #4205, #4623, #1986, #1921 ) ) ;
#1296 = ORIENTED_EDGE ( 'NONE', *, *, #1299, .T. ) ;
#1297 = DIRECTION ( 'NONE',  ( -1.000000000000000000, 0.000000000000000000, 0.000000000000000000 ) ) ;
#1298 = AXIS2_PLACEMENT_3D ( 'NONE', #4277, #438, #4221 ) ;
#1299 = EDGE_CURVE ( 'NONE', #825, #4509, #2445, .T. ) ;
#1300 = DIRECTION ( 'NONE',  ( -0.000000000000000000, -0.000000000000000000, -1.000000000000000000 ) ) ;
#1301 = CARTESIAN_POINT ( 'NONE',  ( 0.04949999999999999539, 0.000000000000000000, -1.458000000000000185 ) ) ;
#1302 = DIRECTION ( 'NONE',  ( 0.000000000000000000, 1.000000000000000000, -0.000000000000000000 ) ) ;
#1303 = LINE ( 'NONE', #3959, #3926 ) ;
#1304 = CARTESIAN_POINT ( 'NONE',  ( -0.1130564995388950167, 0.09921804972938565170, -1.458000000000000185 ) ) ;
#1305 = CARTESIAN_POINT ( 'NONE',  ( 0.2240000000000000324, 2.743208830090071273E-17, 0.000000000000000000 ) ) ;
#1306 = CIRCLE ( 'NONE', #126, 0.1118110236220472287 ) ;
#1307 = DIRECTION ( 'NONE',  ( -0.000000000000000000, -0.000000000000000000, 1.000000000000000000 ) ) ;
#1308 = VECTOR ( 'NONE', #3260, 39.37007874015748143 ) ;
#1309 = EDGE_LOOP ( 'NONE', ( #3013, #1776, #2501, #3132 ) ) ;
#1310 = CIRCLE ( 'NONE', #4078, 0.2190000000000000002 ) ;
#1311 = DIRECTION ( 'NONE',  ( 0.000000000000000000, -1.000000000000000000, 0.000000000000000000 ) ) ;
#1312 = EDGE_LOOP ( 'NONE', ( #848, #341, #4057, #1712 ) ) ;
#1313 = EDGE_CURVE ( 'NONE', #3258, #2723, #4268, .T. ) ;
#1314 = CARTESIAN_POINT ( 'NONE',  ( 0.000000000000000000, 0.000000000000000000, -0.6030000000000000915 ) ) ;
#1315 = CARTESIAN_POINT ( 'NONE',  ( -0.1002509391112690051, -0.1365899460810389432, -1.238502994603636775 ) ) ;
#1316 = ORIENTED_EDGE ( 'NONE', *, *, #3199, .F. ) ;
#1317 = DIRECTION ( 'NONE',  ( 0.000000000000000000, 0.000000000000000000, 1.000000000000000000 ) ) ;
#1318 = CARTESIAN_POINT ( 'NONE',  ( 0.000000000000000000, 0.000000000000000000, -0.5500000000000000444 ) ) ;
#1319 = EDGE_LOOP ( 'NONE', ( #4463, #3103, #371, #4874 ) ) ;
#1320 = ORIENTED_EDGE ( 'NONE', *, *, #190, .T. ) ;
#1321 = CARTESIAN_POINT ( 'NONE',  ( -0.04949999999999999539, 1.818600496733819184E-17, -1.458000000000000185 ) ) ;
#1322 = CARTESIAN_POINT ( 'NONE',  ( -0.2240000000000000324, 0.1620546218487395607, -1.042999999999999705 ) ) ;
#1323 = TOROIDAL_SURFACE ( 'NONE', #4091, 0.2190000000000000002, 0.005000000000000000104 ) ;
#1324 = DIRECTION ( 'NONE',  ( 1.000000000000000000, 0.000000000000000000, 0.000000000000000000 ) ) ;
#1325 = EDGE_LOOP ( 'NONE', ( #1560, #2202, #353, #1316 ) ) ;
#1326 = CARTESIAN_POINT ( 'NONE',  ( 0.1515401985390432138, 0.08846349796184481418, -1.096999999999999753 ) ) ;
#1327 = LINE ( 'NONE', #300, #3972 ) ;
#1328 = DIRECTION ( 'NONE',  ( -0.000000000000000000, -0.000000000000000000, 1.000000000000000000 ) ) ;
#1329 = TOROIDAL_SURFACE ( 'NONE', #4722, 0.2190000000000000002, 0.005000000000000000104 ) ;
#1330 = EDGE_CURVE ( 'NONE', #2357, #4339, #2847, .T. ) ;
#1331 = EDGE_CURVE ( 'NONE', #4680, #743, #2765, .T. ) ;
#1332 = EDGE_CURVE ( 'NONE', #1076, #4125, #1260, .T. ) ;
#1333 = CARTESIAN_POINT ( 'NONE',  ( 0.000000000000000000, 0.000000000000000000, -1.131999999999999895 ) ) ;
#1334 = ORIENTED_EDGE ( 'NONE', *, *, #843, .T. ) ;
#1335 = CARTESIAN_POINT ( 'NONE',  ( 0.000000000000000000, 0.000000000000000000, -0.01000000000000002970 ) ) ;
#1336 = ORIENTED_EDGE ( 'NONE', *, *, #2787, .T. ) ;
#1337 = DIRECTION ( 'NONE',  ( 0.000000000000000000, -1.000000000000000000, 0.000000000000000000 ) ) ;
#1338 = DIRECTION ( 'NONE',  ( -1.000000000000000000, 0.000000000000000000, 0.000000000000000000 ) ) ;
#1339 = EDGE_LOOP ( 'NONE', ( #2459, #1459, #694, #2182 ) ) ;
#1340 = CIRCLE ( 'NONE', #3880, 0.01000000000000000021 ) ;
#1341 = DIRECTION ( 'NONE',  ( -0.000000000000000000, -0.000000000000000000, -1.000000000000000000 ) ) ;
#1342 = CARTESIAN_POINT ( 'NONE',  ( -0.1174588720341970399, -0.1092467498743630860, -1.448428178383922349 ) ) ;
#1343 = AXIS2_PLACEMENT_3D ( 'NONE', #4427, #2593, #3345 ) ;
#1344 = EDGE_LOOP ( 'NONE', ( #3651, #4577, #887, #943 ) ) ;
#1345 = VERTEX_POINT ( 'NONE', #1786 ) ;
#1346 = CIRCLE ( 'NONE', #1586, 0.2240000000000000324 ) ;
#1347 = DIRECTION ( 'NONE',  ( 0.000000000000000000, 0.000000000000000000, -1.000000000000000000 ) ) ;
#1348 = ORIENTED_EDGE ( 'NONE', *, *, #348, .T. ) ;
#1349 = CARTESIAN_POINT ( 'NONE',  ( -0.2240000000000000324, 0.1854999999999999982, -0.8630000000000002114 ) ) ;
#1350 = LINE ( 'NONE', #3981, #4444 ) ;
#1351 = FACE_OUTER_BOUND ( 'NONE', #1309, .T. ) ;
#1352 = AXIS2_PLACEMENT_3D ( 'NONE', #3341, #2491, #4003 ) ;
#1353 = CARTESIAN_POINT ( 'NONE',  ( -0.2240000000000000324, 0.000000000000000000, 0.000000000000000000 ) ) ;
#1354 = VERTEX_POINT ( 'NONE', #284 ) ;
#1355 = VECTOR ( 'NONE', #4048, 39.37007874015748143 ) ;
#1356 = CARTESIAN_POINT ( 'NONE',  ( 0.2240000000000000324, 2.743208830090071273E-17, 0.000000000000000000 ) ) ;
#1357 = EDGE_CURVE ( 'NONE', #1257, #1004, #1766, .T. ) ;
#1358 = EDGE_CURVE ( 'NONE', #1257, #3601, #3081, .T. ) ;
#1359 = EDGE_LOOP ( 'NONE', ( #4294, #813, #3899, #4845 ) ) ;
#1360 = CARTESIAN_POINT ( 'NONE',  ( 0.1174588720341970399, -0.1092467498743631277, -1.448428178383921905 ) ) ;
#1361 = DIRECTION ( 'NONE',  ( -1.000000000000000000, -1.776356839400250465E-15, 0.000000000000000000 ) ) ;
#1362 = ORIENTED_EDGE ( 'NONE', *, *, #4533, .F. ) ;
#1363 = DIRECTION ( 'NONE',  ( 1.000000000000000000, 0.000000000000000000, 0.000000000000000000 ) ) ;
#1364 = DIRECTION ( 'NONE',  ( 0.000000000000000000, -0.1291610608394971327, 0.9916236283806550977 ) ) ;
#1365 = EDGE_LOOP ( 'NONE', ( #3476, #2578, #1188, #360 ) ) ;
#1366 = ORIENTED_EDGE ( 'NONE', *, *, #423, .F. ) ;
#1367 = DIRECTION ( 'NONE',  ( -1.000000000000000000, 0.000000000000000000, 0.000000000000000000 ) ) ;
#1368 = CARTESIAN_POINT ( 'NONE',  ( 0.005545194838543993608, 0.01175691724979135121, -2.208000000000000185 ) ) ;
#1369 = EDGE_CURVE ( 'NONE', #1912, #4883, #3325, .T. ) ;
#1370 = ORIENTED_EDGE ( 'NONE', *, *, #3758, .F. ) ;
#1371 = DIRECTION ( 'NONE',  ( 0.000000000000000000, -0.1291610608394971327, -0.9916236283806550977 ) ) ;
#1372 =( BOUNDED_CURVE ( )  B_SPLINE_CURVE ( 3, ( #3826, #2603, #3451, #1120 ),
 .UNSPECIFIED., .F., .T. ) 
 B_SPLINE_CURVE_WITH_KNOTS ( ( 4, 4 ),
 ( 5.183275379226897961, 5.235760225688394165 ),
 .UNSPECIFIED. ) 
 CURVE ( )  GEOMETRIC_REPRESENTATION_ITEM ( )  RATIONAL_B_SPLINE_CURVE ( ( 1.000000000000000000, 0.9997704582478896818, 0.9997704582478896818, 1.000000000000000000 ) ) 
 REPRESENTATION_ITEM ( '' )  );
#1373 = LINE ( 'NONE', #2565, #1992 ) ;
#1374 = CARTESIAN_POINT ( 'NONE',  ( -0.08733377858618668332, -0.1504621848739496059, -1.131999999999999895 ) ) ;
#1375 = VECTOR ( 'NONE', #2400, 39.37007874015748143 ) ;
#1376 = FACE_OUTER_BOUND ( 'NONE', #3771, .T. ) ;
#1377 = ORIENTED_EDGE ( 'NONE', *, *, #3357, .F. ) ;
#1378 = EDGE_CURVE ( 'NONE', #4339, #4771, #870, .T. ) ;
#1379 = DIRECTION ( 'NONE',  ( 0.000000000000000000, 0.000000000000000000, 1.000000000000000000 ) ) ;
#1380 = AXIS2_PLACEMENT_3D ( 'NONE', #3444, #2005, #2768 ) ;
#1381 = ORIENTED_EDGE ( 'NONE', *, *, #1145, .F. ) ;
#1382 = CARTESIAN_POINT ( 'NONE',  ( -0.2240000000000000324, 0.000000000000000000, -0.7300000000000000933 ) ) ;
#1383 = DIRECTION ( 'NONE',  ( -0.000000000000000000, -0.000000000000000000, -1.000000000000000000 ) ) ;
#1384 = AXIS2_PLACEMENT_3D ( 'NONE', #1916, #3802, #2978 ) ;
#1385 = ORIENTED_EDGE ( 'NONE', *, *, #2324, .F. ) ;
#1386 = EDGE_CURVE ( 'NONE', #4509, #4178, #3005, .T. ) ;
#1387 = AXIS2_PLACEMENT_3D ( 'NONE', #2133, #3847, #57 ) ;
#1388 = EDGE_CURVE ( 'NONE', #1396, #502, #704, .T. ) ;
#1389 = CARTESIAN_POINT ( 'NONE',  ( 0.1495837840720269651, -0.09702272663179234424, -1.031287212146854815 ) ) ;
#1390 = DIRECTION ( 'NONE',  ( 1.000000000000000000, -0.000000000000000000, -0.000000000000000000 ) ) ;
#1391 = ORIENTED_EDGE ( 'NONE', *, *, #3483, .F. ) ;
#1392 = ORIENTED_EDGE ( 'NONE', *, *, #1896, .F. ) ;
#1393 = AXIS2_PLACEMENT_3D ( 'NONE', #830, #1971, #3193 ) ;
#1394 = DIRECTION ( 'NONE',  ( 0.000000000000000000, 0.000000000000000000, 1.000000000000000000 ) ) ;
#1395 = CARTESIAN_POINT ( 'NONE',  ( 0.000000000000000000, 0.000000000000000000, -0.5830000000000000737 ) ) ;
#1396 = VERTEX_POINT ( 'NONE', #4724 ) ;
#1397 = DIRECTION ( 'NONE',  ( -1.000000000000000000, 0.000000000000000000, 0.000000000000000000 ) ) ;
#1398 = CARTESIAN_POINT ( 'NONE',  ( 0.000000000000000000, 0.000000000000000000, -1.274999999999999911 ) ) ;
#1399 = DIRECTION ( 'NONE',  ( 1.000000000000000000, 0.000000000000000000, 0.000000000000000000 ) ) ;
#1400 =( BOUNDED_CURVE ( )  B_SPLINE_CURVE ( 3, ( #3753, #2981, #3382, #1492 ),
 .UNSPECIFIED., .F., .T. ) 
 B_SPLINE_CURVE_WITH_KNOTS ( ( 4, 4 ),
 ( 5.273899115563845719, 5.334630530796096615 ),
 .UNSPECIFIED. ) 
 CURVE ( )  GEOMETRIC_REPRESENTATION_ITEM ( )  RATIONAL_B_SPLINE_CURVE ( ( 1.000000000000000000, 0.9996926648836124141, 0.9996926648836124141, 1.000000000000000000 ) ) 
 REPRESENTATION_ITEM ( '' )  );
#1401 = LINE ( 'NONE', #2846, #4668 ) ;
#1402 = AXIS2_PLACEMENT_3D ( 'NONE', #2957, #3267, #1446 ) ;
#1403 = CIRCLE ( 'NONE', #153, 0.2179999999999999993 ) ;
#1404 = CARTESIAN_POINT ( 'NONE',  ( 0.000000000000000000, 0.000000000000000000, -1.274999999999999911 ) ) ;
#1405 = ORIENTED_EDGE ( 'NONE', *, *, #1951, .T. ) ;
#1406 = DIRECTION ( 'NONE',  ( -0.000000000000000000, -0.000000000000000000, -1.000000000000000000 ) ) ;
#1407 = DIRECTION ( 'NONE',  ( 0.000000000000000000, 0.000000000000000000, 1.000000000000000000 ) ) ;
#1408 = ORIENTED_EDGE ( 'NONE', *, *, #3701, .T. ) ;
#1409 = EDGE_LOOP ( 'NONE', ( #620, #1658, #3239, #4144 ) ) ;
#1410 = CARTESIAN_POINT ( 'NONE',  ( 0.000000000000000000, 0.000000000000000000, -0.1380000000000000115 ) ) ;
#1411 = CARTESIAN_POINT ( 'NONE',  ( -0.08221136903435509458, 0.1550210084033614155, -1.096999999999999753 ) ) ;
#1412 = EDGE_LOOP ( 'NONE', ( #1609, #3048, #4540, #1088, #2311, #4825 ) ) ;
#1413 = ORIENTED_EDGE ( 'NONE', *, *, #191, .T. ) ;
#1414 = AXIS2_PLACEMENT_3D ( 'NONE', #717, #4575, #1481 ) ;
#1415 = CARTESIAN_POINT ( 'NONE',  ( -0.09431023057885461192, -0.1434285714285715441, -1.185999999999999943 ) ) ;
#1416 = AXIS2_PLACEMENT_3D ( 'NONE', #3853, #3156, #2804 ) ;
#1417 = ADVANCED_FACE ( 'NONE', ( #1011, #3068 ), #4550, .T. ) ;
#1418 = EDGE_CURVE ( 'NONE', #4539, #665, #546, .T. ) ;
#1419 = ADVANCED_FACE ( 'NONE', ( #2973, #2596 ), #1187, .F. ) ;
#1420 = VECTOR ( 'NONE', #2420, 39.37007874015748143 ) ;
#1421 = CARTESIAN_POINT ( 'NONE',  ( 0.000000000000000000, 0.000000000000000000, -0.6160000000000001030 ) ) ;
#1422 = EDGE_LOOP ( 'NONE', ( #3863, #2398 ) ) ;
#1423 = DIRECTION ( 'NONE',  ( -0.000000000000000000, -0.000000000000000000, -1.000000000000000000 ) ) ;
#1424 = CARTESIAN_POINT ( 'NONE',  ( 0.2190000000000000002, 2.681976490132703440E-17, -0.5880000000000000782 ) ) ;
#1425 = AXIS2_PLACEMENT_3D ( 'NONE', #252, #228, #1053 ) ;
#1426 = CARTESIAN_POINT ( 'NONE',  ( 0.000000000000000000, 0.000000000000000000, -0.5550000000000000488 ) ) ;
#1427 = ADVANCED_FACE ( 'NONE', ( #686 ), #2296, .F. ) ;
#1428 = AXIS2_PLACEMENT_3D ( 'NONE', #4331, #2869, #936 ) ;
#1429 = LINE ( 'NONE', #4129, #1061 ) ;
#1430 = MANIFOLD_SOLID_BREP ( 'Fillet8', #2726 ) ;
#1431 = DIRECTION ( 'NONE',  ( -0.000000000000000000, -0.000000000000000000, -1.000000000000000000 ) ) ;
#1432 = AXIS2_PLACEMENT_3D ( 'NONE', #2639, #4152, #3816 ) ;
#1433 = ORIENTED_EDGE ( 'NONE', *, *, #3823, .T. ) ;
#1434 = CARTESIAN_POINT ( 'NONE',  ( 0.07624201275173775327, -0.1598480311855851599, -1.059940921865507812 ) ) ;
#1435 = DIRECTION ( 'NONE',  ( 1.000000000000000000, 0.000000000000000000, 0.000000000000000000 ) ) ;
#1436 = AXIS2_PLACEMENT_3D ( 'NONE', #4451, #656, #4352 ) ;
#1437 = ADVANCED_FACE ( 'NONE', ( #2200 ), #3722, .F. ) ;
#1438 = VERTEX_POINT ( 'NONE', #766 ) ;
#1439 = VERTEX_POINT ( 'NONE', #3348 ) ;
#1440 = FACE_OUTER_BOUND ( 'NONE', #1325, .T. ) ;
#1441 = LENGTH_MEASURE_WITH_UNIT ( LENGTH_MEASURE( 0.02539999999999999897 ), #4824 );
#1442 = ORIENTED_EDGE ( 'NONE', *, *, #2536, .F. ) ;
#1443 = CARTESIAN_POINT ( 'NONE',  ( 0.000000000000000000, 0.000000000000000000, -0.6160000000000001030 ) ) ;
#1444 = EDGE_CURVE ( 'NONE', #1958, #1584, #52, .T. ) ;
#1445 = DIRECTION ( 'NONE',  ( -1.000000000000000000, 0.000000000000000000, 0.000000000000000000 ) ) ;
#1446 = DIRECTION ( 'NONE',  ( -1.000000000000000000, 0.000000000000000000, 0.000000000000000000 ) ) ;
#1447 = ORIENTED_EDGE ( 'NONE', *, *, #3276, .F. ) ;
#1448 = ADVANCED_FACE ( 'NONE', ( #1554 ), #3022, .F. ) ;
#1449 = CARTESIAN_POINT ( 'NONE',  ( 0.000000000000000000, -0.2180000000000000826, -0.7150000000000001910 ) ) ;
#1450 = DIRECTION ( 'NONE',  ( 1.000000000000000000, -0.000000000000000000, -0.000000000000000000 ) ) ;
#1451 = FACE_OUTER_BOUND ( 'NONE', #2456, .T. ) ;
#1452 = CARTESIAN_POINT ( 'NONE',  ( 0.1521343974586219505, 0.08542853503571147533, -1.120300683110313722 ) ) ;
#1453 = TOROIDAL_SURFACE ( 'NONE', #4062, 0.2190000000000000002, 0.005000000000000000104 ) ;
#1454 = CIRCLE ( 'NONE', #1702, 0.1854999999999999982 ) ;
#1455 = ORIENTED_EDGE ( 'NONE', *, *, #4215, .T. ) ;
#1456 = FACE_BOUND ( 'NONE', #4240, .T. ) ;
#1457 = DIRECTION ( 'NONE',  ( 0.000000000000000000, -0.000000000000000000, 1.000000000000000000 ) ) ;
#1458 = ORIENTED_EDGE ( 'NONE', *, *, #392, .T. ) ;
#1459 = ORIENTED_EDGE ( 'NONE', *, *, #4831, .F. ) ;
#1460 = EDGE_CURVE ( 'NONE', #211, #182, #3259, .T. ) ;
#1461 = VECTOR ( 'NONE', #4280, 39.37007874015748143 ) ;
#1462 = ORIENTED_EDGE ( 'NONE', *, *, #3227, .F. ) ;
#1463 = CARTESIAN_POINT ( 'NONE',  ( 0.000000000000000000, 0.000000000000000000, -1.399000000000000021 ) ) ;
#1464 = ORIENTED_EDGE ( 'NONE', *, *, #2103, .F. ) ;
#1465 = PLANE ( 'NONE',  #3449 ) ;
#1466 = CARTESIAN_POINT ( 'NONE',  ( 0.2179999999999999993, 2.669730022141229935E-17, -0.6490000000000001323 ) ) ;
#1467 = CYLINDRICAL_SURFACE ( 'NONE', #3324, 0.2240000000000000324 ) ;
#1468 = EDGE_LOOP ( 'NONE', ( #2718, #225, #1764, #2198 ) ) ;
#1469 = ORIENTED_EDGE ( 'NONE', *, *, #2979, .T. ) ;
#1470 = DIRECTION ( 'NONE',  ( 1.000000000000000000, 0.000000000000000000, -0.000000000000000000 ) ) ;
#1472 = B_SPLINE_CURVE_WITH_KNOTS ( 'NONE', 3,
 ( #561, #2025, #1973, #3137, #101, #1304 ),
 .UNSPECIFIED., .F., .F.,
 ( 4, 2, 4 ),
 ( 0.000000000000000000, 0.0001914726406245890068, 0.0003829452812491780135 ),
 .UNSPECIFIED. ) ;
#1471 = CARTESIAN_POINT ( 'NONE',  ( 0.000000000000000000, 0.000000000000000000, 0.000000000000000000 ) ) ;
#1473 = DIRECTION ( 'NONE',  ( -1.000000000000000000, 0.000000000000000000, 0.000000000000000000 ) ) ;
#1474 = DIRECTION ( 'NONE',  ( 0.000000000000000000, 0.000000000000000000, 1.000000000000000000 ) ) ;
#1475 = FACE_OUTER_BOUND ( 'NONE', #1256, .T. ) ;
#1476 = EDGE_CURVE ( 'NONE', #2346, #1014, #2374, .T. ) ;
#1477 = EDGE_CURVE ( 'NONE', #743, #4680, #176, .T. ) ;
#1478 = EDGE_CURVE ( 'NONE', #728, #791, #2772, .T. ) ;
#1479 = ORIENTED_EDGE ( 'NONE', *, *, #4535, .F. ) ;
#1480 = DIRECTION ( 'NONE',  ( -0.000000000000000000, -0.000000000000000000, -1.000000000000000000 ) ) ;
#1481 = DIRECTION ( 'NONE',  ( -1.000000000000000000, 0.000000000000000000, 0.000000000000000000 ) ) ;
#1482 = AXIS2_PLACEMENT_3D ( 'NONE', #1471, #385, #2312 ) ;
#1483 = VERTEX_POINT ( 'NONE', #3141 ) ;
#1484 = ORIENTED_EDGE ( 'NONE', *, *, #1789, .F. ) ;
#1485 = AXIS2_PLACEMENT_3D ( 'NONE', #433, #529, #457 ) ;
#1486 = EDGE_CURVE ( 'NONE', #4685, #4306, #637, .T. ) ;
#1487 = EDGE_LOOP ( 'NONE', ( #4162, #2670 ) ) ;
#1488 = ORIENTED_EDGE ( 'NONE', *, *, #2813, .F. ) ;
#1489 = CIRCLE ( 'NONE', #2752, 0.1678428571428571270 ) ;
#1490 = DIRECTION ( 'NONE',  ( -0.000000000000000000, -0.000000000000000000, -1.000000000000000000 ) ) ;
#1491 = CARTESIAN_POINT ( 'NONE',  ( 0.04599833762912247659, -0.1790451116039081803, -0.9125568851054791653 ) ) ;
#1492 = CARTESIAN_POINT ( 'NONE',  ( -0.1071001038576073761, 0.1272773109243697798, -1.310000000000000053 ) ) ;
#1493 = VERTEX_POINT ( 'NONE', #4696 ) ;
#1494 = VECTOR ( 'NONE', #2858, 39.37007874015748854 ) ;
#1495 = ORIENTED_EDGE ( 'NONE', *, *, #1179, .F. ) ;
#1496 = CARTESIAN_POINT ( 'NONE',  ( 0.1548646245976513514, -0.06071980048285321313, -1.310000000000000053 ) ) ;
#1497 = SPHERICAL_SURFACE ( 'NONE', #3734, 0.04000000000000000083 ) ;
#1498 = AXIS2_PLACEMENT_3D ( 'NONE', #1660, #4307, #4334 ) ;
#1499 = AXIS2_PLACEMENT_3D ( 'NONE', #4526, #1457, #2643 ) ;
#1500 = CIRCLE ( 'NONE', #865, 0.2190000000000000002 ) ;
#1501 = CARTESIAN_POINT ( 'NONE',  ( 0.1536844629971411691, -0.07535419244681122730, -1.197645635889613036 ) ) ;
#1502 = CIRCLE ( 'NONE', #4663, 0.2190000000000000002 ) ;
#1503 = DIRECTION ( 'NONE',  ( 0.000000000000000000, -0.1291610608394971604, 0.9916236283806550977 ) ) ;
#1504 = FACE_OUTER_BOUND ( 'NONE', #1610, .T. ) ;
#1505 = AXIS2_PLACEMENT_3D ( 'NONE', #3399, #1507, #1209 ) ;
#1506 = ORIENTED_EDGE ( 'NONE', *, *, #609, .F. ) ;
#1507 = DIRECTION ( 'NONE',  ( 0.000000000000000000, 0.000000000000000000, 1.000000000000000000 ) ) ;
#1508 = ORIENTED_EDGE ( 'NONE', *, *, #540, .T. ) ;
#1509 = EDGE_CURVE ( 'NONE', #1666, #2936, #1903, .T. ) ;
#1510 = AXIS2_PLACEMENT_3D ( 'NONE', #3363, #2283, #1470 ) ;
#1511 = VERTEX_POINT ( 'NONE', #3941 ) ;
#1512 = PLANE ( 'NONE',  #2732 ) ;
#1513 = ORIENTED_EDGE ( 'NONE', *, *, #4059, .T. ) ;
#1514 = DIRECTION ( 'NONE',  ( -1.000000000000000000, 0.000000000000000000, 0.000000000000000000 ) ) ;
#1515 = CIRCLE ( 'NONE', #884, 0.2240000000000000324 ) ;
#1516 = CARTESIAN_POINT ( 'NONE',  ( 0.000000000000000000, 0.000000000000000000, 0.000000000000000000 ) ) ;
#1517 = CARTESIAN_POINT ( 'NONE',  ( 0.1654999999999999805, 0.000000000000000000, -0.01000000000000002970 ) ) ;
#1518 = ORIENTED_EDGE ( 'NONE', *, *, #4361, .T. ) ;
#1519 = AXIS2_PLACEMENT_3D ( 'NONE', #3323, #1063, #4083 ) ;
#1520 = ORIENTED_EDGE ( 'NONE', *, *, #2084, .F. ) ;
#1521 = LINE ( 'NONE', #3810, #1089 ) ;
#1522 = CARTESIAN_POINT ( 'NONE',  ( 0.1174778889207218346, 0.1091717148729781511, -1.449004253555845390 ) ) ;
#1523 = EDGE_CURVE ( 'NONE', #3830, #4685, #2535, .T. ) ;
#1524 = CARTESIAN_POINT ( 'NONE',  ( -0.2240000000000000324, 0.1854999999999999982, -0.8630000000000002114 ) ) ;
#1525 = CARTESIAN_POINT ( 'NONE',  ( 0.000000000000000000, 0.000000000000000000, -0.8076825937704782410 ) ) ;
#1526 = FACE_OUTER_BOUND ( 'NONE', #4729, .T. ) ;
#1527 = CARTESIAN_POINT ( 'NONE',  ( -0.2240000000000000324, 0.06071980048285317844, -1.310000000000000053 ) ) ;
#1528 = ORIENTED_EDGE ( 'NONE', *, *, #1905, .T. ) ;
#1529 =( LENGTH_UNIT ( ) NAMED_UNIT ( * ) SI_UNIT ( $, .METRE. ) );
#1530 = ORIENTED_EDGE ( 'NONE', *, *, #1460, .F. ) ;
#1531 = VERTEX_POINT ( 'NONE', #2030 ) ;
#1532 = CIRCLE ( 'NONE', #1853, 0.004999999999999946328 ) ;
#1533 = EDGE_LOOP ( 'NONE', ( #1099, #56 ) ) ;
#1534 = DIRECTION ( 'NONE',  ( 1.000000000000000000, 0.000000000000000000, 0.000000000000000000 ) ) ;
#1535 = ORIENTED_EDGE ( 'NONE', *, *, #4711, .F. ) ;
#1536 = AXIS2_PLACEMENT_3D ( 'NONE', #2775, #1337, #2056 ) ;
#1537 = ADVANCED_FACE ( 'NONE', ( #1656 ), #467, .F. ) ;
#1538 = CARTESIAN_POINT ( 'NONE',  ( 0.1038771310065983167, 0.1318361344537815338, -1.274999999999999911 ) ) ;
#1539 = AXIS2_PLACEMENT_3D ( 'NONE', #3586, #1019, #197 ) ;
#1540 = EDGE_CURVE ( 'NONE', #1438, #4042, #3729, .T. ) ;
#1541 = EDGE_CURVE ( 'NONE', #1184, #1566, #1255, .T. ) ;
#1542 = CARTESIAN_POINT ( 'NONE',  ( -0.0002500000000000000594, 0.007005446710218416438, -1.458000000000000185 ) ) ;
#1543 = CARTESIAN_POINT ( 'NONE',  ( -0.2240000000000000324, -0.07687106098705495660, -1.185999999999999943 ) ) ;
#1544 = ORIENTED_EDGE ( 'NONE', *, *, #1805, .T. ) ;
#1545 = CIRCLE ( 'NONE', #1149, 0.1554999999999999993 ) ;
#1546 = ORIENTED_EDGE ( 'NONE', *, *, #2817, .T. ) ;
#1547 = FACE_OUTER_BOUND ( 'NONE', #3976, .T. ) ;
#1548 = PLANE ( 'NONE',  #4517 ) ;
#1549 = DIRECTION ( 'NONE',  ( 1.000000000000000000, 0.000000000000000000, -0.000000000000000000 ) ) ;
#1550 = CARTESIAN_POINT ( 'NONE',  ( 0.04949999999999999539, 0.000000000000000000, -2.208000000000000185 ) ) ;
#1551 = DIRECTION ( 'NONE',  ( -0.000000000000000000, -0.000000000000000000, -1.000000000000000000 ) ) ;
#1552 = DIRECTION ( 'NONE',  ( -1.000000000000000000, 0.000000000000000000, 0.000000000000000000 ) ) ;
#1553 = CARTESIAN_POINT ( 'NONE',  ( 0.1101443975884642545, -0.1226357439655118703, -1.345635256006715519 ) ) ;
#1554 = FACE_OUTER_BOUND ( 'NONE', #3698, .T. ) ;
#1555 = ORIENTED_EDGE ( 'NONE', *, *, #3758, .T. ) ;
#1556 = VERTEX_POINT ( 'NONE', #130 ) ;
#1557 = AXIS2_PLACEMENT_3D ( 'NONE', #1421, #4760, #3999 ) ;
#1558 = ORIENTED_EDGE ( 'NONE', *, *, #4077, .F. ) ;
#1559 = CARTESIAN_POINT ( 'NONE',  ( 0.000000000000000000, 0.000000000000000000, -0.01000000000000002970 ) ) ;
#1560 = ORIENTED_EDGE ( 'NONE', *, *, #235, .F. ) ;
#1561 =( BOUNDED_CURVE ( )  B_SPLINE_CURVE ( 3, ( #3203, #1315, #4631, #3947 ),
 .UNSPECIFIED., .F., .T. ) 
 B_SPLINE_CURVE_WITH_KNOTS ( ( 4, 4 ),
 ( 0.8420791524432457154, 0.9077505170890608488 ),
 .UNSPECIFIED. ) 
 CURVE ( )  GEOMETRIC_REPRESENTATION_ITEM ( )  RATIONAL_B_SPLINE_CURVE ( ( 1.000000000000000000, 0.9996406382786497957, 0.9996406382786497957, 1.000000000000000000 ) ) 
 REPRESENTATION_ITEM ( '' )  );
#1562 = CYLINDRICAL_SURFACE ( 'NONE', #3644, 0.2240000000000000324 ) ;
#1563 = CIRCLE ( 'NONE', #4798, 0.04000000000000000083 ) ;
#1564 = CARTESIAN_POINT ( 'NONE',  ( 0.000000000000000000, 0.000000000000000000, -1.007999999999999785 ) ) ;
#1565 = CARTESIAN_POINT ( 'NONE',  ( 0.000000000000000000, 0.000000000000000000, 0.000000000000000000 ) ) ;
#1566 = VERTEX_POINT ( 'NONE', #2395 ) ;
#1567 = ORIENTED_EDGE ( 'NONE', *, *, #3819, .F. ) ;
#1568 = EDGE_CURVE ( 'NONE', #2931, #2723, #87, .T. ) ;
#1569 = EDGE_CURVE ( 'NONE', #4434, #2236, #3118, .T. ) ;
#1570 = EDGE_CURVE ( 'NONE', #3129, #1483, #3493, .T. ) ;
#1571 = DIRECTION ( 'NONE',  ( 0.000000000000000000, 0.000000000000000000, 1.000000000000000000 ) ) ;
#1572 = AXIS2_PLACEMENT_3D ( 'NONE', #4705, #995, #2928 ) ;
#1573 = CARTESIAN_POINT ( 'NONE',  ( 0.000000000000000000, 0.000000000000000000, -0.05300000000000001932 ) ) ;
#1574 = LINE ( 'NONE', #3514, #4555 ) ;
#1575 = DIRECTION ( 'NONE',  ( -1.000000000000000000, 0.000000000000000000, 0.000000000000000000 ) ) ;
#1576 = DIRECTION ( 'NONE',  ( -1.000000000000000000, 1.776356839400250465E-15, 0.000000000000000000 ) ) ;
#1577 = CIRCLE ( 'NONE', #3645, 0.005000000000000014849 ) ;
#1578 = DIRECTION ( 'NONE',  ( 1.000000000000000000, 0.000000000000000000, 0.000000000000000000 ) ) ;
#1579 = CONICAL_SURFACE ( 'NONE', #2607, 0.1600000000000000033, 0.04283093266872733257 ) ;
#1580 = ORIENTED_EDGE ( 'NONE', *, *, #3037, .T. ) ;
#1581 = VECTOR ( 'NONE', #4007, 39.37007874015748143 ) ;
#1582 = LINE ( 'NONE', #2029, #2808 ) ;
#1583 = CARTESIAN_POINT ( 'NONE',  ( 0.000000000000000000, 0.000000000000000000, -0.5700000000000000622 ) ) ;
#1584 = VERTEX_POINT ( 'NONE', #3918 ) ;
#1585 = EDGE_LOOP ( 'NONE', ( #3405, #4872, #3298, #3985 ) ) ;
#1586 = AXIS2_PLACEMENT_3D ( 'NONE', #2980, #316, #1842 ) ;
#1587 = AXIS2_PLACEMENT_3D ( 'NONE', #2245, #3769, #2269 ) ;
#1588 = EDGE_CURVE ( 'NONE', #1809, #4350, #3570, .T. ) ;
#1589 = ORIENTED_EDGE ( 'NONE', *, *, #1064, .T. ) ;
#1590 = CARTESIAN_POINT ( 'NONE',  ( 0.0002500000000000000052, 0.007505446710218416882, -1.457292893218813612 ) ) ;
#1591 = ORIENTED_EDGE ( 'NONE', *, *, #1523, .T. ) ;
#1592 = AXIS2_PLACEMENT_3D ( 'NONE', #852, #2020, #2786 ) ;
#1593 = CARTESIAN_POINT ( 'NONE',  ( -0.1654999999999999805, 2.026790452588869384E-17, -0.01000000000000002970 ) ) ;
#1594 = DIRECTION ( 'NONE',  ( -1.000000000000000000, 1.224646799147353454E-16, 0.000000000000000000 ) ) ;
#1595 = ORIENTED_EDGE ( 'NONE', *, *, #2300, .F. ) ;
#1596 = ADVANCED_FACE ( 'NONE', ( #2371 ), #4674, .T. ) ;
#1597 = ORIENTED_EDGE ( 'NONE', *, *, #2451, .T. ) ;
#1598 = CARTESIAN_POINT ( 'NONE',  ( 0.1899999999999999467, 0.000000000000000000, -0.8000125210645688822 ) ) ;
#1599 = CYLINDRICAL_SURFACE ( 'NONE', #4594, 0.2240000000000000324 ) ;
#1600 = CARTESIAN_POINT ( 'NONE',  ( 0.000000000000000000, 0.000000000000000000, -0.1380000000000000115 ) ) ;
#1601 = CARTESIAN_POINT ( 'NONE',  ( 0.000000000000000000, 0.000000000000000000, -1.310000000000000053 ) ) ;
#1602 = FACE_OUTER_BOUND ( 'NONE', #201, .T. ) ;
#1603 = DIRECTION ( 'NONE',  ( 0.000000000000000000, 0.000000000000000000, -1.000000000000000000 ) ) ;
#1604 =( BOUNDED_CURVE ( )  B_SPLINE_CURVE ( 3, ( #3085, #1132, #780, #4497 ),
 .UNSPECIFIED., .F., .T. ) 
 B_SPLINE_CURVE_WITH_KNOTS ( ( 4, 4 ),
 ( 4.895577166755490595, 4.923903003844380066 ),
 .UNSPECIFIED. ) 
 CURVE ( )  GEOMETRIC_REPRESENTATION_ITEM ( )  RATIONAL_B_SPLINE_CURVE ( ( 1.000000000000000000, 0.9999331383637506399, 0.9999331383637506399, 1.000000000000000000 ) ) 
 REPRESENTATION_ITEM ( '' )  );
#1605 = DIRECTION ( 'NONE',  ( -0.000000000000000000, -0.000000000000000000, -1.000000000000000000 ) ) ;
#1606 = ORIENTED_EDGE ( 'NONE', *, *, #2508, .T. ) ;
#1607 = FACE_OUTER_BOUND ( 'NONE', #2594, .T. ) ;
#1608 = DIRECTION ( 'NONE',  ( 1.000000000000000000, 0.000000000000000000, -0.000000000000000000 ) ) ;
#1609 = ORIENTED_EDGE ( 'NONE', *, *, #4773, .F. ) ;
#1610 = EDGE_LOOP ( 'NONE', ( #2861, #4706, #2920, #1662 ) ) ;
#1611 = ORIENTED_EDGE ( 'NONE', *, *, #1541, .T. ) ;
#1612 = CARTESIAN_POINT ( 'NONE',  ( -0.1038771310065983167, -0.1318361344537815893, -1.274999999999999911 ) ) ;
#1613 = ORIENTED_EDGE ( 'NONE', *, *, #4627, .F. ) ;
#1614 = EDGE_CURVE ( 'NONE', #1816, #3927, #1751, .T. ) ;
#1615 = AXIS2_PLACEMENT_3D ( 'NONE', #44, #532, #1203 ) ;
#1616 = CARTESIAN_POINT ( 'NONE',  ( -0.2190000000000000002, 0.000000000000000000, -0.7200000000000000844 ) ) ;
#1617 = FACE_OUTER_BOUND ( 'NONE', #261, .T. ) ;
#1618 = ORIENTED_EDGE ( 'NONE', *, *, #4059, .F. ) ;
#1619 = EDGE_LOOP ( 'NONE', ( #2673, #4486, #2273, #1862 ) ) ;
#1620 = DIRECTION ( 'NONE',  ( -0.000000000000000000, -0.000000000000000000, -1.000000000000000000 ) ) ;
#1621 = CIRCLE ( 'NONE', #1380, 0.1754714285714285560 ) ;
#1622 = DIRECTION ( 'NONE',  ( -0.000000000000000000, -0.000000000000000000, 1.000000000000000000 ) ) ;
#1623 = CIRCLE ( 'NONE', #4549, 0.2240000000000000324 ) ;
#1624 = CARTESIAN_POINT ( 'NONE',  ( 0.000000000000000000, 0.000000000000000000, -0.01000000000000002970 ) ) ;
#1625 = DIRECTION ( 'NONE',  ( -0.000000000000000000, -0.000000000000000000, 1.000000000000000000 ) ) ;
#1626 = DIRECTION ( 'NONE',  ( 0.000000000000000000, 0.000000000000000000, -1.000000000000000000 ) ) ;
#1627 = LINE ( 'NONE', #4642, #2301 ) ;
#1628 = VECTOR ( 'NONE', #137, 39.37007874015748143 ) ;
#1629 = DIRECTION ( 'NONE',  ( 0.000000000000000000, 0.000000000000000000, -1.000000000000000000 ) ) ;
#1630 = CARTESIAN_POINT ( 'NONE',  ( -0.1540272494696167949, 0.07231223745764311928, -1.220999999999999863 ) ) ;
#1631 = DIRECTION ( 'NONE',  ( 0.000000000000000000, 0.000000000000000000, 1.000000000000000000 ) ) ;
#1632 = EDGE_LOOP ( 'NONE', ( #4287, #723, #1645, #1520 ) ) ;
#1633 = ORIENTED_EDGE ( 'NONE', *, *, #707, .F. ) ;
#1634 = EDGE_CURVE ( 'NONE', #2297, #3473, #2932, .T. ) ;
#1635 = ADVANCED_FACE ( 'NONE', ( #106, #2424 ), #1953, .F. ) ;
#1636 = EDGE_CURVE ( 'NONE', #1050, #647, #1232, .T. ) ;
#1637 = EDGE_CURVE ( 'NONE', #4367, #3995, #954, .T. ) ;
#1638 = ORIENTED_EDGE ( 'NONE', *, *, #2964, .F. ) ;
#1639 = ORIENTED_EDGE ( 'NONE', *, *, #1642, .F. ) ;
#1640 = CARTESIAN_POINT ( 'NONE',  ( 0.2190000000000000002, 2.681976490132703440E-17, -0.7200000000000000844 ) ) ;
#1641 = ORIENTED_EDGE ( 'NONE', *, *, #3618, .T. ) ;
#1642 = EDGE_CURVE ( 'NONE', #2626, #3075, #4092, .T. ) ;
#1643 = DIRECTION ( 'NONE',  ( 0.000000000000000000, -0.1291610608394971604, -0.9916236283806550977 ) ) ;
#1644 = DIRECTION ( 'NONE',  ( 0.000000000000000000, 0.000000000000000000, -1.000000000000000000 ) ) ;
#1645 = ORIENTED_EDGE ( 'NONE', *, *, #2963, .T. ) ;
#1646 = AXIS2_PLACEMENT_3D ( 'NONE', #1225, #2438, #485 ) ;
#1647 = EDGE_LOOP ( 'NONE', ( #4155, #645, #2835, #4122 ) ) ;
#1648 = AXIS2_PLACEMENT_3D ( 'NONE', #946, #3875, #500 ) ;
#1649 = DIRECTION ( 'NONE',  ( -0.000000000000000000, -0.000000000000000000, -1.000000000000000000 ) ) ;
#1650 = LINE ( 'NONE', #4272, #4672 ) ;
#1651 = DIRECTION ( 'NONE',  ( 0.000000000000000000, 0.000000000000000000, 1.000000000000000000 ) ) ;
#1652 = FACE_OUTER_BOUND ( 'NONE', #6, .T. ) ;
#1653 = DIRECTION ( 'NONE',  ( -0.000000000000000000, 0.000000000000000000, -1.000000000000000000 ) ) ;
#1654 = DIRECTION ( 'NONE',  ( -1.000000000000000000, 1.224646799147346798E-16, 0.000000000000000000 ) ) ;
#1655 = CARTESIAN_POINT ( 'NONE',  ( -0.07927539734921894288, -0.1575020654655283070, -1.077951884490460310 ) ) ;
#1656 = FACE_OUTER_BOUND ( 'NONE', #3636, .T. ) ;
#1657 = VERTEX_POINT ( 'NONE', #3593 ) ;
#1658 = ORIENTED_EDGE ( 'NONE', *, *, #1117, .F. ) ;
#1659 = CIRCLE ( 'NONE', #1891, 0.1777857142857142969 ) ;
#1660 = CARTESIAN_POINT ( 'NONE',  ( 0.000000000000000000, 0.000000000000000000, -0.6970000000000000639 ) ) ;
#1661 = AXIS2_PLACEMENT_3D ( 'NONE', #1335, #2674, #2426 ) ;
#1662 = ORIENTED_EDGE ( 'NONE', *, *, #1313, .F. ) ;
#1663 = LINE ( 'NONE', #3986, #4148 ) ;
#1664 = FACE_OUTER_BOUND ( 'NONE', #444, .T. ) ;
#1665 = EDGE_CURVE ( 'NONE', #1983, #1941, #4117, .T. ) ;
#1666 = VERTEX_POINT ( 'NONE', #585 ) ;
#1667 = CIRCLE ( 'NONE', #3168, 0.005000000000000014849 ) ;
#1668 = AXIS2_PLACEMENT_3D ( 'NONE', #4088, #2880, #3627 ) ;
#1669 = AXIS2_PLACEMENT_3D ( 'NONE', #4622, #2051, #3498 ) ;
#1670 = CARTESIAN_POINT ( 'NONE',  ( -0.0002500000000000000052, 0.007505446710218416882, -1.457292893218813612 ) ) ;
#1671 = DIRECTION ( 'NONE',  ( 0.000000000000000000, 0.000000000000000000, -1.000000000000000000 ) ) ;
#1672 = ORIENTED_EDGE ( 'NONE', *, *, #707, .T. ) ;
#1673 = ORIENTED_EDGE ( 'NONE', *, *, #230, .T. ) ;
#1674 = CARTESIAN_POINT ( 'NONE',  ( 0.000000000000000000, 0.000000000000000000, 0.000000000000000000 ) ) ;
#1675 = AXIS2_PLACEMENT_3D ( 'NONE', #4297, #900, #3933 ) ;
#1676 = CARTESIAN_POINT ( 'NONE',  ( 0.1487688718478926142, 0.1000559349366347411, -1.007999999999999785 ) ) ;
#1678 = VECTOR ( 'NONE', #607, 39.37007874015748143 ) ;
#1677 = DIRECTION ( 'NONE',  ( -1.000000000000000000, 0.000000000000000000, 0.000000000000000000 ) ) ;
#1679 = CARTESIAN_POINT ( 'NONE',  ( 0.0002500000000000000052, -0.007005446710218416438, -1.457292893218813612 ) ) ;
#1680 = DIRECTION ( 'NONE',  ( -0.000000000000000000, -0.000000000000000000, -1.000000000000000000 ) ) ;
#1681 = DIRECTION ( 'NONE',  ( -0.000000000000000000, -0.000000000000000000, -1.000000000000000000 ) ) ;
#1682 = DIRECTION ( 'NONE',  ( 1.000000000000000000, 0.000000000000000000, 0.000000000000000000 ) ) ;
#1683 = EDGE_CURVE ( 'NONE', #2227, #3188, #3015, .T. ) ;
#1684 = DIRECTION ( 'NONE',  ( 1.000000000000000000, 0.000000000000000000, -0.000000000000000000 ) ) ;
#1685 = DIRECTION ( 'NONE',  ( -0.000000000000000000, -0.000000000000000000, -1.000000000000000000 ) ) ;
#1686 = ORIENTED_EDGE ( 'NONE', *, *, #3547, .F. ) ;
#1687 = CIRCLE ( 'NONE', #2388, 0.2180000000000000826 ) ;
#1688 = CARTESIAN_POINT ( 'NONE',  ( 0.1600000000000000033, 0.000000000000000000, -1.458000000000000185 ) ) ;
#1689 = EDGE_LOOP ( 'NONE', ( #739, #2525, #2271, #4379 ) ) ;
#1690 = DIRECTION ( 'NONE',  ( 1.000000000000000000, 0.000000000000000000, 0.000000000000000000 ) ) ;
#1691 = CARTESIAN_POINT ( 'NONE',  ( -0.2240000000000000324, -0.08846349796184491132, -1.096999999999999753 ) ) ;
#1692 = ORIENTED_EDGE ( 'NONE', *, *, #2839, .F. ) ;
#1693 = LINE ( 'NONE', #3973, #2152 ) ;
#1694 = FACE_OUTER_BOUND ( 'NONE', #4736, .T. ) ;
#1695 = VERTEX_POINT ( 'NONE', #2149 ) ;
#1696 = ORIENTED_EDGE ( 'NONE', *, *, #4238, .T. ) ;
#1697 = DIRECTION ( 'NONE',  ( -0.000000000000000000, -0.000000000000000000, -1.000000000000000000 ) ) ;
#1698 = CIRCLE ( 'NONE', #3600, 0.1663428571428571257 ) ;
#1699 = ADVANCED_FACE ( 'NONE', ( #1376 ), #871, .T. ) ;
#1700 = CARTESIAN_POINT ( 'NONE',  ( -0.04949999999999999539, 1.818600496733819184E-17, -2.208000000000000185 ) ) ;
#1701 = EDGE_CURVE ( 'NONE', #3927, #2478, #3793, .T. ) ;
#1702 = AXIS2_PLACEMENT_3D ( 'NONE', #4045, #652, #4785 ) ;
#1703 = EDGE_CURVE ( 'NONE', #3631, #185, #982, .T. ) ;
#1704 = DIRECTION ( 'NONE',  ( -1.000000000000000000, 0.000000000000000000, 0.000000000000000000 ) ) ;
#1705 = EDGE_LOOP ( 'NONE', ( #1878, #2908, #2890, #2150 ) ) ;
#1706 = CARTESIAN_POINT ( 'NONE',  ( 0.000000000000000000, 0.000000000000000000, -0.5500000000000000444 ) ) ;
#1707 = CARTESIAN_POINT ( 'NONE',  ( -0.1174615737310078095, -0.1091342860131922360, -1.449291610608395064 ) ) ;
#1708 = DIRECTION ( 'NONE',  ( 0.000000000000000000, -1.000000000000000000, 0.000000000000000000 ) ) ;
#1709 = CIRCLE ( 'NONE', #828, 0.009999999999999892655 ) ;
#1710 = DIRECTION ( 'NONE',  ( -0.000000000000000000, -0.000000000000000000, -1.000000000000000000 ) ) ;
#1711 = CIRCLE ( 'NONE', #990, 0.1554999999999999993 ) ;
#1712 = ORIENTED_EDGE ( 'NONE', *, *, #4174, .F. ) ;
#1713 = PLANE ( 'NONE',  #4029 ) ;
#1714 = ORIENTED_EDGE ( 'NONE', *, *, #558, .T. ) ;
#1715 = CARTESIAN_POINT ( 'NONE',  ( 0.2179999999999999993, 2.669730022141229935E-17, -0.6820000000000001616 ) ) ;
#1716 = CARTESIAN_POINT ( 'NONE',  ( 0.2190000000000000002, 2.681976490132703440E-17, -0.6870000000000000551 ) ) ;
#1717 = EDGE_LOOP ( 'NONE', ( #897, #778 ) ) ;
#1718 = LINE ( 'NONE', #3529, #1763 ) ;
#1719 = CARTESIAN_POINT ( 'NONE',  ( -0.1174768592582849380, -0.1092093337986923818, -1.448715437287459107 ) ) ;
#1720 = VERTEX_POINT ( 'NONE', #2470 ) ;
#1721 = EDGE_LOOP ( 'NONE', ( #2602, #4808, #3273, #2403 ) ) ;
#1722 = DIRECTION ( 'NONE',  ( 1.000000000000000000, 0.000000000000000000, 0.000000000000000000 ) ) ;
#1723 = TOROIDAL_SURFACE ( 'NONE', #4868, 0.1654999999999999805, 0.01000000000000000021 ) ;
#1724 = CARTESIAN_POINT ( 'NONE',  ( -0.2240000000000000324, -0.1202436974789916069, -1.363999999999999879 ) ) ;
#1725 = ADVANCED_FACE ( 'NONE', ( #4791 ), #229, .T. ) ;
#1726 = ORIENTED_EDGE ( 'NONE', *, *, #1540, .F. ) ;
#1727 = CARTESIAN_POINT ( 'NONE',  ( 0.2190000000000000002, 0.000000000000000000, -0.7300000000000000933 ) ) ;
#1728 = EDGE_CURVE ( 'NONE', #1018, #3871, #1401, .T. ) ;
#1729 = EDGE_CURVE ( 'NONE', #2373, #650, #893, .T. ) ;
#1730 = DIRECTION ( 'NONE',  ( -1.000000000000000000, 0.000000000000000000, 0.000000000000000000 ) ) ;
#1731 = CARTESIAN_POINT ( 'NONE',  ( 0.1141601790024965590, -0.1156848739495798528, -1.399000000000000021 ) ) ;
#1732 = VECTOR ( 'NONE', #170, 39.37007874015748143 ) ;
#1733 = CARTESIAN_POINT ( 'NONE',  ( -0.1547270640103155515, -0.06376022524771993161, -1.286657384063281784 ) ) ;
#1734 = VERTEX_POINT ( 'NONE', #3619 ) ;
#1735 = DIRECTION ( 'NONE',  ( 1.000000000000000000, -0.000000000000000000, -0.000000000000000000 ) ) ;
#1736 = ORIENTED_EDGE ( 'NONE', *, *, #2300, .T. ) ;
#1737 = CARTESIAN_POINT ( 'NONE',  ( -0.1547270640103161898, 0.06376022524771987610, -1.286657384063281784 ) ) ;
#1738 = PRODUCT_DEFINITION_FORMATION_WITH_SPECIFIED_SOURCE ( 'ANY', '', #1045, .NOT_KNOWN. ) ;
#1739 = CARTESIAN_POINT ( 'NONE',  ( -0.005545194838543994476, -0.01175691724979132519, -1.458000000000000185 ) ) ;
#1740 = ORIENTED_EDGE ( 'NONE', *, *, #3030, .F. ) ;
#1741 = TOROIDAL_SURFACE ( 'NONE', #2365, 0.2190000000000000002, 0.005000000000000000104 ) ;
#1742 = CIRCLE ( 'NONE', #628, 0.1654999999999999805 ) ;
#1743 = AXIS2_PLACEMENT_3D ( 'NONE', #4849, #1940, #3459 ) ;
#1744 = ADVANCED_FACE ( 'NONE', ( #302 ), #2896, .T. ) ;
#1745 = CARTESIAN_POINT ( 'NONE',  ( -0.2240000000000000324, 0.08846349796184481418, -1.096999999999999753 ) ) ;
#1746 = CARTESIAN_POINT ( 'NONE',  ( 0.000000000000000000, 0.000000000000000000, -0.1380000000000000115 ) ) ;
#1747 = VECTOR ( 'NONE', #1605, 39.37007874015748143 ) ;
#1748 = ORIENTED_EDGE ( 'NONE', *, *, #450, .F. ) ;
#1749 = VERTEX_POINT ( 'NONE', #4378 ) ;
#1750 = CARTESIAN_POINT ( 'NONE',  ( -0.08733377858618668332, -0.1504621848739496059, -1.131999999999999895 ) ) ;
#1751 = CIRCLE ( 'NONE', #3174, 0.1701571428571428679 ) ;
#1752 = EDGE_CURVE ( 'NONE', #4603, #631, #3574, .T. ) ;
#1753 = PLANE ( 'NONE',  #773 ) ;
#1754 = ORIENTED_EDGE ( 'NONE', *, *, #1829, .T. ) ;
#1755 = DIRECTION ( 'NONE',  ( 0.000000000000000000, -1.000000000000000000, 0.000000000000000000 ) ) ;
#1756 = CARTESIAN_POINT ( 'NONE',  ( -0.1549259135372739182, 0.04912736350806325841, -1.399000000000000021 ) ) ;
#1757 = CARTESIAN_POINT ( 'NONE',  ( 0.000000000000000000, 0.000000000000000000, 0.000000000000000000 ) ) ;
#1758 = CIRCLE ( 'NONE', #1036, 0.2190000000000000002 ) ;
#1759 =( BOUNDED_CURVE ( )  B_SPLINE_CURVE ( 3, ( #1750, #4018, #2114, #1415 ),
 .UNSPECIFIED., .F., .T. ) 
 B_SPLINE_CURVE_WITH_KNOTS ( ( 4, 4 ),
 ( 0.7242927058052953670, 0.7973918928943677376 ),
 .UNSPECIFIED. ) 
 CURVE ( )  GEOMETRIC_REPRESENTATION_ITEM ( )  RATIONAL_B_SPLINE_CURVE ( ( 1.000000000000000000, 0.9995547586393720429, 0.9995547586393720429, 1.000000000000000000 ) ) 
 REPRESENTATION_ITEM ( '' )  );
#1760 = CARTESIAN_POINT ( 'NONE',  ( 0.000000000000000000, 0.000000000000000000, 0.000000000000000000 ) ) ;
#1761 = VERTEX_POINT ( 'NONE', #2124 ) ;
#1762 = LINE ( 'NONE', #2221, #475 ) ;
#1763 = VECTOR ( 'NONE', #220, 39.37007874015748143 ) ;
#1764 = ORIENTED_EDGE ( 'NONE', *, *, #3786, .T. ) ;
#1765 = CARTESIAN_POINT ( 'NONE',  ( 0.2180000000000000826, 2.669730022141230551E-17, -0.7150000000000001910 ) ) ;
#1766 = LINE ( 'NONE', #2524, #4180 ) ;
#1767 = ORIENTED_EDGE ( 'NONE', *, *, #3870, .T. ) ;
#1768 =( BOUNDED_CURVE ( )  B_SPLINE_CURVE ( 3, ( #3410, #1491, #3829, #4537 ),
 .UNSPECIFIED., .F., .T. ) 
 B_SPLINE_CURVE_WITH_KNOTS ( ( 4, 4 ),
 ( 5.756912905094763389, 6.282709598843288390 ),
 .UNSPECIFIED. ) 
 CURVE ( )  GEOMETRIC_REPRESENTATION_ITEM ( )  RATIONAL_B_SPLINE_CURVE ( ( 1.000000000000000000, 0.9770938743522032954, 0.9770938743522032954, 1.000000000000000000 ) ) 
 REPRESENTATION_ITEM ( '' )  );
#1769 = FACE_OUTER_BOUND ( 'NONE', #2453, .T. ) ;
#1770 = DIRECTION ( 'NONE',  ( 0.000000000000000000, 1.000000000000000000, 0.000000000000000000 ) ) ;
#1771 = VERTEX_POINT ( 'NONE', #2547 ) ;
#1772 = EDGE_LOOP ( 'NONE', ( #4576, #1546, #4, #4589, #2304 ) ) ;
#1773 = CARTESIAN_POINT ( 'NONE',  ( 0.000000000000000000, -0.2180000000000000271, -0.7479999999999999982 ) ) ;
#1774 = CYLINDRICAL_SURFACE ( 'NONE', #4844, 0.04000000000000000083 ) ;
#1775 = CARTESIAN_POINT ( 'NONE',  ( 0.000000000000000000, 0.000000000000000000, -0.7680000000000001270 ) ) ;
#1776 = ORIENTED_EDGE ( 'NONE', *, *, #845, .T. ) ;
#1777 = CARTESIAN_POINT ( 'NONE',  ( 0.000000000000000000, 0.000000000000000000, -0.7530000000000000027 ) ) ;
#1778 = CARTESIAN_POINT ( 'NONE',  ( 0.000000000000000000, 0.000000000000000000, -0.7530000000000000027 ) ) ;
#1779 = LINE ( 'NONE', #3641, #3648 ) ;
#1780 = AXIS2_PLACEMENT_3D ( 'NONE', #987, #3176, #3149 ) ;
#1781 = CARTESIAN_POINT ( 'NONE',  ( 0.000000000000000000, 0.000000000000000000, -0.5650000000000000577 ) ) ;
#1782 = ORIENTED_EDGE ( 'NONE', *, *, #2773, .F. ) ;
#1783 = DIRECTION ( 'NONE',  ( -1.000000000000000000, 0.000000000000000000, 0.000000000000000000 ) ) ;
#1784 = ORIENTED_EDGE ( 'NONE', *, *, #4359, .T. ) ;
#1785 = PLANE ( 'NONE',  #4543 ) ;
#1786 = CARTESIAN_POINT ( 'NONE',  ( -0.2084707873325980509, 2.553030824225948250E-17, -0.8076825937704782410 ) ) ;
#1787 = AXIS2_PLACEMENT_3D ( 'NONE', #10, #697, #3332 ) ;
#1788 = ORIENTED_EDGE ( 'NONE', *, *, #419, .F. ) ;
#1789 = EDGE_CURVE ( 'NONE', #3711, #1184, #899, .T. ) ;
#1790 = ADVANCED_FACE ( 'NONE', ( #1806 ), #4695, .F. ) ;
#1791 = ADVANCED_FACE ( 'NONE', ( #2076 ), #3204, .T. ) ;
#1792 = EDGE_CURVE ( 'NONE', #1720, #1050, #2564, .T. ) ;
#1793 = ORIENTED_EDGE ( 'NONE', *, *, #1378, .T. ) ;
#1794 = FACE_OUTER_BOUND ( 'NONE', #1619, .T. ) ;
#1795 = CARTESIAN_POINT ( 'NONE',  ( 0.000000000000000000, 0.000000000000000000, -1.448000000000000176 ) ) ;
#1796 = ORIENTED_EDGE ( 'NONE', *, *, #3114, .F. ) ;
#1797 = ORIENTED_EDGE ( 'NONE', *, *, #337, .T. ) ;
#1798 = EDGE_CURVE ( 'NONE', #3702, #4441, #1532, .T. ) ;
#1799 = CARTESIAN_POINT ( 'NONE',  ( -0.2240000000000000324, 0.04912736350806325841, -1.399000000000000021 ) ) ;
#1800 = DIRECTION ( 'NONE',  ( -1.000000000000000000, 0.000000000000000000, 0.000000000000000000 ) ) ;
#1801 = ORIENTED_EDGE ( 'NONE', *, *, #4627, .T. ) ;
#1802 = CARTESIAN_POINT ( 'NONE',  ( 0.000000000000000000, 0.000000000000000000, 0.000000000000000000 ) ) ;
#1803 = CARTESIAN_POINT ( 'NONE',  ( 0.0002499999999999823327, 0.007505446710218416882, -2.208000000000000185 ) ) ;
#1804 = CARTESIAN_POINT ( 'NONE',  ( 0.1548646245976516012, 0.06071980048285317844, -1.310000000000000053 ) ) ;
#1805 = EDGE_CURVE ( 'NONE', #3575, #4487, #4303, .T. ) ;
#1806 = FACE_OUTER_BOUND ( 'NONE', #3187, .T. ) ;
#1807 = AXIS2_PLACEMENT_3D ( 'NONE', #1524, #2339, #3858 ) ;
#1808 = CARTESIAN_POINT ( 'NONE',  ( 0.000000000000000000, 0.000000000000000000, -1.131999999999999895 ) ) ;
#1809 = VERTEX_POINT ( 'NONE', #733 ) ;
#1810 = ADVANCED_FACE ( 'NONE', ( #4546, #2194 ), #3418, .F. ) ;
#1811 = CARTESIAN_POINT ( 'NONE',  ( 0.000000000000000000, 0.000000000000000000, -0.7730000000000000204 ) ) ;
#1813 = ADVANCED_FACE ( 'NONE', ( #1451 ), #1155, .F. ) ;
#1812 = CARTESIAN_POINT ( 'NONE',  ( 0.1540272494696167949, 0.07231223745764311928, -1.220999999999999863 ) ) ;
#1814 = ORIENTED_EDGE ( 'NONE', *, *, #209, .T. ) ;
#1815 = ADVANCED_FACE ( 'NONE', ( #2619 ), #740, .T. ) ;
#1816 = VERTEX_POINT ( 'NONE', #4175 ) ;
#1817 = CARTESIAN_POINT ( 'NONE',  ( 0.000000000000000000, 0.000000000000000000, 0.000000000000000000 ) ) ;
#1818 = CARTESIAN_POINT ( 'NONE',  ( -0.1499602011100214793, 0.09549711140722297320, -1.042999999999999705 ) ) ;
#1819 = ORIENTED_EDGE ( 'NONE', *, *, #1080, .T. ) ;
#1820 = AXIS2_PLACEMENT_3D ( 'NONE', #1213, #473, #3150 ) ;
#1821 = CARTESIAN_POINT ( 'NONE',  ( -0.2240000000000000324, 0.1272773109243697798, -1.310000000000000053 ) ) ;
#1822 = CIRCLE ( 'NONE', #1743, 0.2179999999999999993 ) ;
#1823 = CARTESIAN_POINT ( 'NONE',  ( -0.1549685680697645007, 0.05064658825081008037, -1.387336274555685867 ) ) ;
#1824 = DIRECTION ( 'NONE',  ( 0.000000000000000000, -1.000000000000000000, 0.000000000000000000 ) ) ;
#1825 = ORIENTED_EDGE ( 'NONE', *, *, #3395, .F. ) ;
#1826 = DIRECTION ( 'NONE',  ( -1.000000000000000000, -1.776356839400250465E-15, 0.000000000000000000 ) ) ;
#1827 = PLANE ( 'NONE',  #251 ) ;
#1828 = CARTESIAN_POINT ( 'NONE',  ( -0.1491866468302166793, -0.09854243966153444778, -1.019619737918512570 ) ) ;
#1829 = EDGE_CURVE ( 'NONE', #2372, #3450, #4814, .T. ) ;
#1830 = CARTESIAN_POINT ( 'NONE',  ( -0.1115653416679154158, -0.1202436974789916485, -1.363999999999999879 ) ) ;
#1831 = CONICAL_SURFACE ( 'NONE', #1592, 0.2099999999999999922, 0.3935870263623504339 ) ;
#1832 = ORIENTED_EDGE ( 'NONE', *, *, #1477, .T. ) ;
#1833 = CARTESIAN_POINT ( 'NONE',  ( 0.07311675417812021904, -0.1620546218487396439, -1.042999999999999705 ) ) ;
#1834 = CARTESIAN_POINT ( 'NONE',  ( -0.2240000000000000324, -0.07231223745764317479, -1.220999999999999863 ) ) ;
#1835 = CIRCLE ( 'NONE', #2464, 0.2179999999999999993 ) ;
#1836 = ORIENTED_EDGE ( 'NONE', *, *, #2485, .F. ) ;
#1837 = VERTEX_POINT ( 'NONE', #1874 ) ;
#1838 = ORIENTED_EDGE ( 'NONE', *, *, #2352, .F. ) ;
#1839 = CARTESIAN_POINT ( 'NONE',  ( 0.1141601790024966284, 0.1156848739495798528, -1.399000000000000021 ) ) ;
#1840 = VERTEX_POINT ( 'NONE', #4100 ) ;
#1841 = DIRECTION ( 'NONE',  ( 0.000000000000000000, -0.000000000000000000, 1.000000000000000000 ) ) ;
#1842 = DIRECTION ( 'NONE',  ( -1.000000000000000000, 0.000000000000000000, 0.000000000000000000 ) ) ;
#1843 = CARTESIAN_POINT ( 'NONE',  ( 0.2179999999999999993, 2.669730022141229935E-17, -0.6160000000000001030 ) ) ;
#1844 = ORIENTED_EDGE ( 'NONE', *, *, #2451, .F. ) ;
#1845 = EDGE_CURVE ( 'NONE', #3353, #375, #386, .T. ) ;
#1846 = FACE_OUTER_BOUND ( 'NONE', #2008, .T. ) ;
#1847 = EDGE_CURVE ( 'NONE', #1912, #4086, #1429, .T. ) ;
#1848 = DIRECTION ( 'NONE',  ( 1.000000000000000000, 0.000000000000000000, 0.000000000000000000 ) ) ;
#1849 = DIRECTION ( 'NONE',  ( 0.000000000000000000, 0.000000000000000000, 1.000000000000000000 ) ) ;
#1850 = FACE_OUTER_BOUND ( 'NONE', #4255, .T. ) ;
#1851 = DIRECTION ( 'NONE',  ( 1.000000000000000000, 0.000000000000000000, 0.000000000000000000 ) ) ;
#1852 = EDGE_CURVE ( 'NONE', #1122, #3412, #428, .T. ) ;
#1853 = AXIS2_PLACEMENT_3D ( 'NONE', #2966, #4857, #2286 ) ;
#1854 = ORIENTED_EDGE ( 'NONE', *, *, #3638, .F. ) ;
#1855 = DIRECTION ( 'NONE',  ( 1.000000000000000000, 0.000000000000000000, 0.000000000000000000 ) ) ;
#1856 = FILL_AREA_STYLE_COLOUR ( '', #2605 ) ;
#1857 = ORIENTED_EDGE ( 'NONE', *, *, #1064, .F. ) ;
#1858 = CIRCLE ( 'NONE', #2728, 0.1554999999999999993 ) ;
#1859 = AXIS2_PLACEMENT_3D ( 'NONE', #655, #421, #516 ) ;
#1860 = EDGE_LOOP ( 'NONE', ( #4755, #2185, #4041, #3101 ) ) ;
#1861 = CYLINDRICAL_SURFACE ( 'NONE', #1942, 0.2179999999999999993 ) ;
#1862 = ORIENTED_EDGE ( 'NONE', *, *, #3152, .F. ) ;
#1863 = TOROIDAL_SURFACE ( 'NONE', #365, 0.2190000000000000002, 0.005000000000000000104 ) ;
#1864 = DIRECTION ( 'NONE',  ( -0.000000000000000000, -0.000000000000000000, -1.000000000000000000 ) ) ;
#1865 = DIRECTION ( 'NONE',  ( 0.000000000000000000, 0.000000000000000000, 1.000000000000000000 ) ) ;
#1866 = CARTESIAN_POINT ( 'NONE',  ( 0.000000000000000000, 0.000000000000000000, 0.000000000000000000 ) ) ;
#1867 = ORIENTED_EDGE ( 'NONE', *, *, #4506, .F. ) ;
#1868 = ORIENTED_EDGE ( 'NONE', *, *, #3548, .T. ) ;
#1869 = LINE ( 'NONE', #4168, #693 ) ;
#1870 = CARTESIAN_POINT ( 'NONE',  ( 0.000000000000000000, 0.000000000000000000, -0.6820000000000001616 ) ) ;
#1871 = CARTESIAN_POINT ( 'NONE',  ( 0.000000000000000000, -0.01324013157894735580, -2.208000000000000185 ) ) ;
#1872 = EDGE_CURVE ( 'NONE', #4042, #844, #4483, .T. ) ;
#1873 = EDGE_CURVE ( 'NONE', #1584, #3520, #219, .T. ) ;
#1874 = CARTESIAN_POINT ( 'NONE',  ( 0.2240000000000000324, 2.743208830090071273E-17, -0.7200000000000000844 ) ) ;
#1875 = FACE_OUTER_BOUND ( 'NONE', #3262, .T. ) ;
#1876 = CARTESIAN_POINT ( 'NONE',  ( 0.000000000000000000, 0.000000000000000000, -0.7350000000000000977 ) ) ;
#1877 = CIRCLE ( 'NONE', #1557, 0.2179999999999999993 ) ;
#1878 = ORIENTED_EDGE ( 'NONE', *, *, #815, .F. ) ;
#1879 = ORIENTED_EDGE ( 'NONE', *, *, #4020, .T. ) ;
#1880 =( BOUNDED_CURVE ( )  B_SPLINE_CURVE ( 3, ( #2901, #1113, #1434, #1833 ),
 .UNSPECIFIED., .F., .T. ) 
 B_SPLINE_CURVE_WITH_KNOTS ( ( 4, 4 ),
 ( 5.609664416122655872, 5.695134176570989304 ),
 .UNSPECIFIED. ) 
 CURVE ( )  GEOMETRIC_REPRESENTATION_ITEM ( )  RATIONAL_B_SPLINE_CURVE ( ( 1.000000000000000000, 0.9993913359779373895, 0.9993913359779373895, 1.000000000000000000 ) ) 
 REPRESENTATION_ITEM ( '' )  );
#1881 = AXIS2_PLACEMENT_3D ( 'NONE', #2587, #4191, #2260 ) ;
#1882 = AXIS2_PLACEMENT_3D ( 'NONE', #4595, #4220, #855 ) ;
#1883 = ORIENTED_EDGE ( 'NONE', *, *, #4359, .F. ) ;
#1884 = DIRECTION ( 'NONE',  ( 0.000000000000000000, 0.000000000000000000, 1.000000000000000000 ) ) ;
#1885 = ORIENTED_EDGE ( 'NONE', *, *, #4215, .F. ) ;
#1886 = DIRECTION ( 'NONE',  ( -1.000000000000000000, 0.000000000000000000, 0.000000000000000000 ) ) ;
#1887 = ADVANCED_FACE ( 'NONE', ( #3389 ), #2719, .T. ) ;
#1888 = CARTESIAN_POINT ( 'NONE',  ( 0.000000000000000000, 0.000000000000000000, -1.458000000000000185 ) ) ;
#1889 = CARTESIAN_POINT ( 'NONE',  ( -0.1174768592582851184, 0.1092093337986922985, -1.448715437287459107 ) ) ;
#1890 = ORIENTED_EDGE ( 'NONE', *, *, #968, .F. ) ;
#1891 = AXIS2_PLACEMENT_3D ( 'NONE', #1294, #2332, #1196 ) ;
#1892 = ORIENTED_EDGE ( 'NONE', *, *, #1642, .T. ) ;
#1893 = CARTESIAN_POINT ( 'NONE',  ( 0.1546283477921912008, -0.06527862401226501576, -1.274999999999999911 ) ) ;
#1894 = DIRECTION ( 'NONE',  ( 0.000000000000000000, 1.000000000000000000, 0.000000000000000000 ) ) ;
#1895 = AXIS2_PLACEMENT_3D ( 'NONE', #441, #2665, #4571 ) ;
#1896 = EDGE_CURVE ( 'NONE', #4707, #2372, #3041, .T. ) ;
#1897 = CARTESIAN_POINT ( 'NONE',  ( 0.1173181939904411331, -0.1088053569415764893, -1.451816937029187349 ) ) ;
#1898 = DIRECTION ( 'NONE',  ( 0.000000000000000000, 0.000000000000000000, 1.000000000000000000 ) ) ;
#1899 = AXIS2_PLACEMENT_3D ( 'NONE', #562, #858, #3891 ) ;
#1900 = PLANE ( 'NONE',  #3578 ) ;
#1901 = FACE_OUTER_BOUND ( 'NONE', #4016, .T. ) ;
#1902 = AXIS2_PLACEMENT_3D ( 'NONE', #4823, #3992, #332 ) ;
#1903 = CIRCLE ( 'NONE', #1033, 0.1318110236220472464 ) ;
#1904 = ORIENTED_EDGE ( 'NONE', *, *, #100, .F. ) ;
#1905 = EDGE_CURVE ( 'NONE', #1345, #3748, #3988, .T. ) ;
#1906 = SURFACE_STYLE_USAGE ( .BOTH. , #3046 ) ;
#1907 = ORIENTED_EDGE ( 'NONE', *, *, #1683, .T. ) ;
#1908 = ORIENTED_EDGE ( 'NONE', *, *, #4260, .T. ) ;
#1909 = EDGE_CURVE ( 'NONE', #502, #4082, #90, .T. ) ;
#1910 = ADVANCED_FACE ( 'NONE', ( #3090 ), #122, .F. ) ;
#1911 = AXIS2_PLACEMENT_3D ( 'NONE', #2991, #3044, #1926 ) ;
#1912 = VERTEX_POINT ( 'NONE', #3912 ) ;
#1913 = DIRECTION ( 'NONE',  ( -1.000000000000000000, 0.000000000000000000, 0.000000000000000000 ) ) ;
#1914 = ORIENTED_EDGE ( 'NONE', *, *, #3673, .T. ) ;
#1915 =( BOUNDED_CURVE ( )  B_SPLINE_CURVE ( 3, ( #379, #4538, #3035, #12 ),
 .UNSPECIFIED., .F., .T. ) 
 B_SPLINE_CURVE_WITH_KNOTS ( ( 4, 4 ),
 ( 4.967955339622989186, 4.996775328293030505 ),
 .UNSPECIFIED. ) 
 CURVE ( )  GEOMETRIC_REPRESENTATION_ITEM ( )  RATIONAL_B_SPLINE_CURVE ( ( 1.000000000000000000, 0.9999307852187927503, 0.9999307852187927503, 1.000000000000000000 ) ) 
 REPRESENTATION_ITEM ( '' )  );
#1916 = CARTESIAN_POINT ( 'NONE',  ( 0.000000000000000000, 0.000000000000000000, -0.6030000000000000915 ) ) ;
#1917 = CARTESIAN_POINT ( 'NONE',  ( -0.0002500000000000000052, -0.007505446710218416882, -1.457292893218813612 ) ) ;
#1918 = CARTESIAN_POINT ( 'NONE',  ( 0.2180000000000000271, 2.669730022141230243E-17, -0.7479999999999999982 ) ) ;
#1919 = EDGE_LOOP ( 'NONE', ( #3772, #572, #1767, #4206 ) ) ;
#1920 = AXIS2_PLACEMENT_3D ( 'NONE', #2522, #347, #4430 ) ;
#1921 = ORIENTED_EDGE ( 'NONE', *, *, #4756, .F. ) ;
#1922 = CARTESIAN_POINT ( 'NONE',  ( -0.1167465203317176459, -0.1074925273161379397, -1.454101907187524745 ) ) ;
#1923 = CARTESIAN_POINT ( 'NONE',  ( 0.000000000000000000, 0.000000000000000000, -1.399000000000000021 ) ) ;
#1924 = PLANE ( 'NONE',  #1807 ) ;
#1925 = DIRECTION ( 'NONE',  ( 0.000000000000000000, -0.9916236283806552088, 0.1291610608394971882 ) ) ;
#1926 = DIRECTION ( 'NONE',  ( 1.000000000000000000, 0.000000000000000000, 0.000000000000000000 ) ) ;
#1927 = CARTESIAN_POINT ( 'NONE',  ( -0.08221136903435509458, -0.1550210084033614710, -1.096999999999999753 ) ) ;
#1928 = DIRECTION ( 'NONE',  ( -1.000000000000000000, 0.000000000000000000, 0.000000000000000000 ) ) ;
#1929 = ORIENTED_EDGE ( 'NONE', *, *, #3183, .F. ) ;
#1930 = ORIENTED_EDGE ( 'NONE', *, *, #2472, .F. ) ;
#1931 = AXIS2_PLACEMENT_3D ( 'NONE', #207, #1710, #3223 ) ;
#1932 = ADVANCED_FACE ( 'NONE', ( #2314 ), #509, .F. ) ;
#1933 = EDGE_LOOP ( 'NONE', ( #13, #3036, #1784, #159 ) ) ;
#1934 = FACE_OUTER_BOUND ( 'NONE', #2011, .T. ) ;
#1935 = ADVANCED_FACE ( 'NONE', ( #148 ), #3887, .F. ) ;
#1936 = ORIENTED_EDGE ( 'NONE', *, *, #4671, .F. ) ;
#1937 = ADVANCED_FACE ( 'NONE', ( #1602 ), #3164, .F. ) ;
#1938 = AXIS2_PLACEMENT_3D ( 'NONE', #105, #3541, #3117 ) ;
#1939 = CARTESIAN_POINT ( 'NONE',  ( 0.1515401985390433248, -0.08846349796184491132, -1.096999999999999753 ) ) ;
#1940 = DIRECTION ( 'NONE',  ( -0.000000000000000000, -0.000000000000000000, -1.000000000000000000 ) ) ;
#1941 = VERTEX_POINT ( 'NONE', #4641 ) ;
#1942 = AXIS2_PLACEMENT_3D ( 'NONE', #4531, #770, #3074 ) ;
#1943 = EDGE_CURVE ( 'NONE', #4067, #291, #119, .T. ) ;
#1944 = ORIENTED_EDGE ( 'NONE', *, *, #2028, .T. ) ;
#1945 = DIRECTION ( 'NONE',  ( -0.000000000000000000, -0.000000000000000000, -1.000000000000000000 ) ) ;
#1946 = FACE_OUTER_BOUND ( 'NONE', #54, .T. ) ;
#1947 = DIRECTION ( 'NONE',  ( -1.000000000000000000, 0.000000000000000000, 0.000000000000000000 ) ) ;
#1948 = CARTESIAN_POINT ( 'NONE',  ( -0.2149999999999999689, 0.000000000000000000, -0.5450000000000000400 ) ) ;
#1949 = CARTESIAN_POINT ( 'NONE',  ( -0.2240000000000000324, 0.06071980048285317844, -1.310000000000000053 ) ) ;
#1950 = CARTESIAN_POINT ( 'NONE',  ( 0.000000000000000000, -0.2179999999999999993, -0.6820000000000001616 ) ) ;
#1951 = EDGE_CURVE ( 'NONE', #3520, #3855, #2800, .T. ) ;
#1952 = DIRECTION ( 'NONE',  ( 1.224646799147353207E-16, 1.000000000000000000, -0.000000000000000000 ) ) ;
#1953 = PLANE ( 'NONE',  #4512 ) ;
#1954 = VERTEX_POINT ( 'NONE', #2712 ) ;
#1955 = ORIENTED_EDGE ( 'NONE', *, *, #3760, .F. ) ;
#1956 = EDGE_CURVE ( 'NONE', #3473, #809, #3833, .T. ) ;
#1957 = AXIS2_PLACEMENT_3D ( 'NONE', #760, #3063, #3388 ) ;
#1958 = VERTEX_POINT ( 'NONE', #2790 ) ;
#1959 = DIRECTION ( 'NONE',  ( -0.000000000000000000, 0.000000000000000000, -1.000000000000000000 ) ) ;
#1960 = VERTEX_POINT ( 'NONE', #1972 ) ;
#1961 = CARTESIAN_POINT ( 'NONE',  ( 0.08733377858618669720, 0.1504621848739496059, -1.131999999999999895 ) ) ;
#1962 = AXIS2_PLACEMENT_3D ( 'NONE', #1001, #2516, #4074 ) ;
#1963 = CARTESIAN_POINT ( 'NONE',  ( -0.2190000000000000002, 0.000000000000000000, -0.5830000000000000737 ) ) ;
#1964 = DIRECTION ( 'NONE',  ( -0.000000000000000000, -0.000000000000000000, -1.000000000000000000 ) ) ;
#1965 = EDGE_LOOP ( 'NONE', ( #3427, #3571, #2247, #3989 ) ) ;
#1966 = ORIENTED_EDGE ( 'NONE', *, *, #4052, .T. ) ;
#1967 = CYLINDRICAL_SURFACE ( 'NONE', #3789, 0.2179999999999999993 ) ;
#1968 = CARTESIAN_POINT ( 'NONE',  ( 0.1495837840720270484, 0.09702272663179213608, -1.031287212146855925 ) ) ;
#1969 = CIRCLE ( 'NONE', #2675, 0.2190000000000000002 ) ;
#1970 = FACE_OUTER_BOUND ( 'NONE', #2801, .T. ) ;
#1971 = DIRECTION ( 'NONE',  ( -0.000000000000000000, -0.000000000000000000, 1.000000000000000000 ) ) ;
#1972 = CARTESIAN_POINT ( 'NONE',  ( 0.1549259135372738627, 0.04912736350806325841, -1.399000000000000021 ) ) ;
#1973 = CARTESIAN_POINT ( 'NONE',  ( -0.1167465203317176320, 0.1074925273161379535, -1.454101907187524745 ) ) ;
#1974 = EDGE_CURVE ( 'NONE', #3353, #131, #1698, .T. ) ;
#1975 = CIRCLE ( 'NONE', #4812, 0.2179999999999999993 ) ;
#1976 = CARTESIAN_POINT ( 'NONE',  ( -0.1318110236220472464, 0.000000000000000000, 0.3728178745531591232 ) ) ;
#1977 = ORIENTED_EDGE ( 'NONE', *, *, #1418, .T. ) ;
#1978 = AXIS2_PLACEMENT_3D ( 'NONE', #73, #21, #418 ) ;
#1979 = CARTESIAN_POINT ( 'NONE',  ( -0.2240000000000000324, 0.000000000000000000, -0.7630000000000001226 ) ) ;
#1980 = DIRECTION ( 'NONE',  ( -0.000000000000000000, -0.000000000000000000, -1.000000000000000000 ) ) ;
#1981 = EDGE_CURVE ( 'NONE', #4370, #2907, #820, .T. ) ;
#1982 = ORIENTED_EDGE ( 'NONE', *, *, #1357, .F. ) ;
#1983 = VERTEX_POINT ( 'NONE', #1227 ) ;
#1984 = CIRCLE ( 'NONE', #4111, 0.1754714285714285560 ) ;
#1985 = VECTOR ( 'NONE', #3893, 39.37007874015748143 ) ;
#1986 = ORIENTED_EDGE ( 'NONE', *, *, #4413, .F. ) ;
#1987 = ORIENTED_EDGE ( 'NONE', *, *, #4263, .F. ) ;
#1988 = CIRCLE ( 'NONE', #265, 0.1625285714285714112 ) ;
#1989 = DIRECTION ( 'NONE',  ( -0.000000000000000000, -0.000000000000000000, -1.000000000000000000 ) ) ;
#1990 = DIRECTION ( 'NONE',  ( 0.000000000000000000, -0.1291610608394971327, 0.9916236283806550977 ) ) ;
#1991 = VERTEX_POINT ( 'NONE', #880 ) ;
#1992 = VECTOR ( 'NONE', #2893, 39.37007874015748143 ) ;
#1993 = ORIENTED_EDGE ( 'NONE', *, *, #859, .T. ) ;
#1994 = FACE_OUTER_BOUND ( 'NONE', #983, .T. ) ;
#1995 = DIRECTION ( 'NONE',  ( 0.000000000000000000, 0.000000000000000000, 1.000000000000000000 ) ) ;
#1996 = DIRECTION ( 'NONE',  ( -0.000000000000000000, -0.000000000000000000, -1.000000000000000000 ) ) ;
#1997 = ADVANCED_FACE ( 'NONE', ( #2416, #2391 ), #2738, .T. ) ;
#1998 = DIRECTION ( 'NONE',  ( 1.224646799147353207E-16, 1.000000000000000000, -0.000000000000000000 ) ) ;
#1999 = ADVANCED_FACE ( 'NONE', ( #3936 ), #1453, .T. ) ;
#2000 = CARTESIAN_POINT ( 'NONE',  ( 0.04597962464005380528, 0.1790566233546542207, -0.9124685045674932882 ) ) ;
#2001 = ADVANCED_FACE ( 'NONE', ( #3064 ), #3836, .F. ) ;
#2002 = EDGE_CURVE ( 'NONE', #4883, #1761, #4001, .T. ) ;
#2003 = CARTESIAN_POINT ( 'NONE',  ( -0.1534829458819508552, -0.07687106098705495660, -1.185999999999999943 ) ) ;
#2004 = CARTESIAN_POINT ( 'NONE',  ( 0.000000000000000000, 0.000000000000000000, -1.220999999999999863 ) ) ;
#2005 = DIRECTION ( 'NONE',  ( -0.000000000000000000, 0.000000000000000000, -1.000000000000000000 ) ) ;
#2006 = DIRECTION ( 'NONE',  ( -1.000000000000000000, 0.000000000000000000, 0.000000000000000000 ) ) ;
#2007 = VERTEX_POINT ( 'NONE', #2815 ) ;
#2008 = EDGE_LOOP ( 'NONE', ( #2553, #3620, #2396, #3792 ) ) ;
#2009 = EDGE_CURVE ( 'NONE', #1160, #394, #1215, .T. ) ;
#2010 = ORIENTED_EDGE ( 'NONE', *, *, #2687, .T. ) ;
#2011 = EDGE_LOOP ( 'NONE', ( #1595, #1101, #1544, #4648 ) ) ;
#2012 = DIRECTION ( 'NONE',  ( 1.000000000000000000, 0.000000000000000000, 0.000000000000000000 ) ) ;
#2013 = ORIENTED_EDGE ( 'NONE', *, *, #1206, .T. ) ;
#2014 = AXIS2_PLACEMENT_3D ( 'NONE', #3650, #591, #212 ) ;
#2015 = FACE_OUTER_BOUND ( 'NONE', #3605, .T. ) ;
#2016 = CARTESIAN_POINT ( 'NONE',  ( 0.000000000000000000, 0.000000000000000000, -0.7530000000000000027 ) ) ;
#2017 = EDGE_LOOP ( 'NONE', ( #3873, #997, #3375, #1982 ) ) ;
#2018 = EDGE_LOOP ( 'NONE', ( #2623, #454, #1867 ) ) ;
#2019 = DIRECTION ( 'NONE',  ( -0.000000000000000000, -0.000000000000000000, -1.000000000000000000 ) ) ;
#2020 = DIRECTION ( 'NONE',  ( 0.000000000000000000, 0.000000000000000000, 1.000000000000000000 ) ) ;
#2021 = AXIS2_PLACEMENT_3D ( 'NONE', #1773, #2186, #1886 ) ;
#2022 = CARTESIAN_POINT ( 'NONE',  ( 0.2240000000000000324, 2.743208830090071273E-17, -0.6209999999999999964 ) ) ;
#2023 = CARTESIAN_POINT ( 'NONE',  ( 0.08733377858618669720, 0.1504621848739496059, -1.131999999999999895 ) ) ;
#2024 = CARTESIAN_POINT ( 'NONE',  ( 0.06620670031167967540, 0.1666134453781513147, -1.007999999999999785 ) ) ;
#2025 = CARTESIAN_POINT ( 'NONE',  ( -0.1173181792747342023, 0.1088053231821082406, -1.451817196214782113 ) ) ;
#2026 = AXIS2_PLACEMENT_3D ( 'NONE', #1410, #1341, #2160 ) ;
#2027 = CARTESIAN_POINT ( 'NONE',  ( -0.1521343974586220060, -0.08542853503571157248, -1.120300683110313722 ) ) ;
#2028 = EDGE_CURVE ( 'NONE', #3142, #612, #4218, .T. ) ;
#2029 = CARTESIAN_POINT ( 'NONE',  ( 0.2179999999999999993, 2.669730022141229935E-17, 0.000000000000000000 ) ) ;
#2030 = CARTESIAN_POINT ( 'NONE',  ( 0.1118110236220472287, 1.369290121881292060E-17, -0.4499999999999999556 ) ) ;
#2031 = ORIENTED_EDGE ( 'NONE', *, *, #2838, .F. ) ;
#2032 = ORIENTED_EDGE ( 'NONE', *, *, #1956, .T. ) ;
#2033 = ORIENTED_EDGE ( 'NONE', *, *, #1079, .F. ) ;
#2034 = CARTESIAN_POINT ( 'NONE',  ( 0.000000000000000000, 0.000000000000000000, -0.8076825937704782410 ) ) ;
#2035 = DIRECTION ( 'NONE',  ( -0.000000000000000000, -0.000000000000000000, 1.000000000000000000 ) ) ;
#2036 = EDGE_LOOP ( 'NONE', ( #3849, #4179, #4402, #2746 ) ) ;
#2037 = CYLINDRICAL_SURFACE ( 'NONE', #3667, 0.009999999999999892655 ) ;
#2038 = DIRECTION ( 'NONE',  ( 1.000000000000000000, 0.000000000000000000, 0.000000000000000000 ) ) ;
#2039 = ORIENTED_EDGE ( 'NONE', *, *, #3674, .F. ) ;
#2040 = CIRCLE ( 'NONE', #534, 0.005000000000000014849 ) ;
#2041 = ADVANCED_FACE ( 'NONE', ( #2842 ), #42, .T. ) ;
#2042 = ORIENTED_EDGE ( 'NONE', *, *, #3894, .F. ) ;
#2043 = DIRECTION ( 'NONE',  ( -0.000000000000000000, -0.000000000000000000, -1.000000000000000000 ) ) ;
#2044 = LINE ( 'NONE', #3160, #4750 ) ;
#2045 = DIRECTION ( 'NONE',  ( 1.000000000000000000, 0.000000000000000000, 0.000000000000000000 ) ) ;
#2046 = DIRECTION ( 'NONE',  ( -0.000000000000000000, -0.000000000000000000, -1.000000000000000000 ) ) ;
#2047 = CARTESIAN_POINT ( 'NONE',  ( 0.1549259135372738627, 0.04912736350806325841, -1.399000000000000021 ) ) ;
#2048 = DIRECTION ( 'NONE',  ( -1.000000000000000000, 0.000000000000000000, 0.000000000000000000 ) ) ;
#2049 = LINE ( 'NONE', #1976, #1747 ) ;
#2050 = DIRECTION ( 'NONE',  ( 1.000000000000000000, -0.000000000000000000, -0.000000000000000000 ) ) ;
#2051 = DIRECTION ( 'NONE',  ( -0.000000000000000000, -0.000000000000000000, 1.000000000000000000 ) ) ;
#2052 = VECTOR ( 'NONE', #3102, 39.37007874015748143 ) ;
#2053 = ORIENTED_EDGE ( 'NONE', *, *, #815, .T. ) ;
#2054 = CARTESIAN_POINT ( 'NONE',  ( 0.000000000000000000, -0.2179999999999999993, -0.5830000000000000737 ) ) ;
#2055 = ORIENTED_EDGE ( 'NONE', *, *, #1145, .T. ) ;
#2056 = DIRECTION ( 'NONE',  ( 0.000000000000000000, 0.000000000000000000, -1.000000000000000000 ) ) ;
#2057 = DIRECTION ( 'NONE',  ( 0.000000000000000000, 0.000000000000000000, 1.000000000000000000 ) ) ;
#2058 = ORIENTED_EDGE ( 'NONE', *, *, #4423, .T. ) ;
#2059 = EDGE_CURVE ( 'NONE', #424, #3521, #1858, .T. ) ;
#2060 = AXIS2_PLACEMENT_3D ( 'NONE', #102, #1708, #1629 ) ;
#2061 = EDGE_CURVE ( 'NONE', #3951, #456, #3762, .T. ) ;
#2062 = DIRECTION ( 'NONE',  ( -0.000000000000000000, -0.000000000000000000, -1.000000000000000000 ) ) ;
#2063 = DIRECTION ( 'NONE',  ( 0.000000000000000000, 0.000000000000000000, -1.000000000000000000 ) ) ;
#2064 = ORIENTED_EDGE ( 'NONE', *, *, #60, .T. ) ;
#2065 = EDGE_LOOP ( 'NONE', ( #269, #1883 ) ) ;
#2066 = FACE_OUTER_BOUND ( 'NONE', #3606, .T. ) ;
#2067 = CIRCLE ( 'NONE', #14, 0.2179999999999999993 ) ;
#2068 = DIRECTION ( 'NONE',  ( -1.000000000000000000, 0.000000000000000000, 0.000000000000000000 ) ) ;
#2070 = VECTOR ( 'NONE', #2364, 39.37007874015748143 ) ;
#2069 = DIRECTION ( 'NONE',  ( -0.000000000000000000, -0.000000000000000000, -1.000000000000000000 ) ) ;
#2071 = ORIENTED_EDGE ( 'NONE', *, *, #4734, .F. ) ;
#2072 = CARTESIAN_POINT ( 'NONE',  ( 0.0002500000000000000594, -0.2240393700787401965, -2.207500000000000018 ) ) ;
#2073 =( BOUNDED_CURVE ( )  B_SPLINE_CURVE ( 3, ( #3257, #2178, #4384, #1812 ),
 .UNSPECIFIED., .F., .T. ) 
 B_SPLINE_CURVE_WITH_KNOTS ( ( 4, 4 ),
 ( 1.431029373583285969, 1.459026500748396460 ),
 .UNSPECIFIED. ) 
 CURVE ( )  GEOMETRIC_REPRESENTATION_ITEM ( )  RATIONAL_B_SPLINE_CURVE ( ( 1.000000000000000000, 0.9999346811392079148, 0.9999346811392079148, 1.000000000000000000 ) ) 
 REPRESENTATION_ITEM ( '' )  );
#2074 = PLANE ( 'NONE',  #4368 ) ;
#2075 = CARTESIAN_POINT ( 'NONE',  ( 0.1549940823588926708, 0.05368618703747503329, -1.363999999999999879 ) ) ;
#2076 = FACE_OUTER_BOUND ( 'NONE', #3303, .T. ) ;
#2077 = ORIENTED_EDGE ( 'NONE', *, *, #1588, .T. ) ;
#2078 = CARTESIAN_POINT ( 'NONE',  ( 0.000000000000000000, 0.000000000000000000, -1.185999999999999943 ) ) ;
#2079 = EDGE_LOOP ( 'NONE', ( #4794, #654, #673, #861 ) ) ;
#2080 = DIRECTION ( 'NONE',  ( -1.000000000000000000, 0.000000000000000000, 0.000000000000000000 ) ) ;
#2081 = DIRECTION ( 'NONE',  ( -0.000000000000000000, -0.000000000000000000, -1.000000000000000000 ) ) ;
#2082 = ORIENTED_EDGE ( 'NONE', *, *, #2933, .F. ) ;
#2083 = EDGE_CURVE ( 'NONE', #812, #4495, #3220, .T. ) ;
#2084 = EDGE_CURVE ( 'NONE', #1511, #2633, #2488, .T. ) ;
#2085 = ADVANCED_FACE ( 'NONE', ( #4713 ), #593, .T. ) ;
#2086 = PLANE ( 'NONE',  #4288 ) ;
#2087 = CARTESIAN_POINT ( 'NONE',  ( -0.09431023057885463967, 0.1434285714285714608, -1.185999999999999943 ) ) ;
#2088 = ORIENTED_EDGE ( 'NONE', *, *, #3990, .T. ) ;
#2089 = VERTEX_POINT ( 'NONE', #1326 ) ;
#2090 = AXIS2_PLACEMENT_3D ( 'NONE', #1550, #1626, #4617 ) ;
#2091 = DIRECTION ( 'NONE',  ( -1.000000000000000000, 0.000000000000000000, -0.000000000000000000 ) ) ;
#2092 = CIRCLE ( 'NONE', #4222, 0.1554999999999999993 ) ;
#2093 = FACE_OUTER_BOUND ( 'NONE', #1090, .T. ) ;
#2094 = EDGE_LOOP ( 'NONE', ( #2350, #1242, #3854, #862 ) ) ;
#2095 = DIRECTION ( 'NONE',  ( -0.000000000000000000, -0.000000000000000000, -1.000000000000000000 ) ) ;
#2096 = CIRCLE ( 'NONE', #2887, 0.2084707873325980509 ) ;
#2097 = CARTESIAN_POINT ( 'NONE',  ( -0.2179999999999999993, 0.000000000000000000, 0.000000000000000000 ) ) ;
#2098 = CARTESIAN_POINT ( 'NONE',  ( 0.000000000000000000, 0.000000000000000000, -0.5550000000000000488 ) ) ;
#2099 = CIRCLE ( 'NONE', #1938, 0.005000000000000014849 ) ;
#2100 = CARTESIAN_POINT ( 'NONE',  ( 0.1515401985390433248, -0.08846349796184491132, -1.096999999999999753 ) ) ;
#2101 = CIRCLE ( 'NONE', #2334, 0.1625285714285714112 ) ;
#2102 = ORIENTED_EDGE ( 'NONE', *, *, #1006, .T. ) ;
#2103 = EDGE_CURVE ( 'NONE', #3944, #4189, #4471, .T. ) ;
#2104 = CARTESIAN_POINT ( 'NONE',  ( 0.1151354305776363801, 0.1038443570180294928, -1.457181311342514718 ) ) ;
#2105 = ORIENTED_EDGE ( 'NONE', *, *, #950, .F. ) ;
#2106 = DIRECTION ( 'NONE',  ( -0.000000000000000000, -0.000000000000000000, -1.000000000000000000 ) ) ;
#2107 = DIRECTION ( 'NONE',  ( 1.224646799147353207E-16, 1.000000000000000000, -0.000000000000000000 ) ) ;
#2108 = ORIENTED_EDGE ( 'NONE', *, *, #4173, .T. ) ;
#2109 =( BOUNDED_CURVE ( )  B_SPLINE_CURVE ( 3, ( #1676, #2337, #1968, #3512 ),
 .UNSPECIFIED., .F., .T. ) 
 B_SPLINE_CURVE_WITH_KNOTS ( ( 4, 4 ),
 ( 1.286409978886555949, 1.315229967556597268 ),
 .UNSPECIFIED. ) 
 CURVE ( )  GEOMETRIC_REPRESENTATION_ITEM ( )  RATIONAL_B_SPLINE_CURVE ( ( 1.000000000000000000, 0.9999307852187927503, 0.9999307852187927503, 1.000000000000000000 ) ) 
 REPRESENTATION_ITEM ( '' )  );
#2110 = EDGE_CURVE ( 'NONE', #1483, #598, #2248, .T. ) ;
#2111 = DIRECTION ( 'NONE',  ( -0.000000000000000000, 0.000000000000000000, -1.000000000000000000 ) ) ;
#2112 = EDGE_LOOP ( 'NONE', ( #2347, #1966 ) ) ;
#2113 = EDGE_LOOP ( 'NONE', ( #2482, #2201, #2223, #824 ) ) ;
#2114 = CARTESIAN_POINT ( 'NONE',  ( -0.09206620300054810246, -0.1458626143293828836, -1.167312831922802552 ) ) ;
#2115 = AXIS2_PLACEMENT_3D ( 'NONE', #1573, #1849, #781 ) ;
#2116 = CYLINDRICAL_SURFACE ( 'NONE', #4580, 0.2179999999999999993 ) ;
#2117 = VERTEX_POINT ( 'NONE', #580 ) ;
#2118 = CARTESIAN_POINT ( 'NONE',  ( 0.000000000000000000, 0.000000000000000000, -0.5450000000000000400 ) ) ;
#2119 = CARTESIAN_POINT ( 'NONE',  ( -0.2240000000000000324, 0.05368618703747503329, -1.363999999999999879 ) ) ;
#2120 = DIRECTION ( 'NONE',  ( 0.000000000000000000, 0.000000000000000000, 1.000000000000000000 ) ) ;
#2121 = CIRCLE ( 'NONE', #378, 0.1739714285714285547 ) ;
#2122 = CIRCLE ( 'NONE', #619, 0.2240000000000000324 ) ;
#2123 = CIRCLE ( 'NONE', #2994, 0.2240000000000000324 ) ;
#2124 = CARTESIAN_POINT ( 'NONE',  ( 0.0002500000000000000052, 0.007005446710218416438, -2.207500000000000018 ) ) ;
#2125 = ORIENTED_EDGE ( 'NONE', *, *, #3289, .F. ) ;
#2126 = DIRECTION ( 'NONE',  ( -1.000000000000000000, -0.000000000000000000, -0.000000000000000000 ) ) ;
#2127 = ORIENTED_EDGE ( 'NONE', *, *, #1636, .T. ) ;
#2128 = CARTESIAN_POINT ( 'NONE',  ( 0.000000000000000000, 0.000000000000000000, -0.6540000000000000258 ) ) ;
#2129 =( GEOMETRIC_REPRESENTATION_CONTEXT ( 3 ) GLOBAL_UNCERTAINTY_ASSIGNED_CONTEXT ( ( #4475 ) ) GLOBAL_UNIT_ASSIGNED_CONTEXT ( ( #2953, #4099, #610 ) ) REPRESENTATION_CONTEXT ( 'NONE', 'WORKASPACE' ) );
#2130 = CARTESIAN_POINT ( 'NONE',  ( 0.0002500000000000000052, -0.007005446710218416438, -1.457292893218813612 ) ) ;
#2131 = ORIENTED_EDGE ( 'NONE', *, *, #3091, .T. ) ;
#2132 = AXIS2_PLACEMENT_3D ( 'NONE', #2078, #3076, #2850 ) ;
#2133 = CARTESIAN_POINT ( 'NONE',  ( 0.000000000000000000, 0.000000000000000000, -1.458000000000000185 ) ) ;
#2134 = CARTESIAN_POINT ( 'NONE',  ( -0.07624201275173775327, 0.1598480311855851599, -1.059940921865507812 ) ) ;
#2135 = CIRCLE ( 'NONE', #1899, 0.2180000000000000826 ) ;
#2136 = ORIENTED_EDGE ( 'NONE', *, *, #3354, .F. ) ;
#2137 = ORIENTED_EDGE ( 'NONE', *, *, #2722, .F. ) ;
#2138 = CARTESIAN_POINT ( 'NONE',  ( -0.2240000000000000324, -0.06527862401226501576, -1.274999999999999911 ) ) ;
#2139 = VECTOR ( 'NONE', #76, 39.37007874015748143 ) ;
#2140 = CARTESIAN_POINT ( 'NONE',  ( 0.1654999999999999805, 0.000000000000000000, -1.493979371535143794E-17 ) ) ;
#2141 = DIRECTION ( 'NONE',  ( -0.000000000000000000, -0.000000000000000000, -1.000000000000000000 ) ) ;
#2142 = EDGE_LOOP ( 'NONE', ( #3097, #1199, #4216, #2514 ) ) ;
#2143 = CARTESIAN_POINT ( 'NONE',  ( 0.1549940823588926708, 0.05368618703747503329, -1.363999999999999879 ) ) ;
#2144 = CARTESIAN_POINT ( 'NONE',  ( -0.04599833762912245577, -0.1790451116039081803, -0.9125568851054791653 ) ) ;
#2145 = CIRCLE ( 'NONE', #2622, 0.009999999999999995004 ) ;
#2146 = EDGE_CURVE ( 'NONE', #3473, #3995, #1709, .T. ) ;
#2147 = EDGE_CURVE ( 'NONE', #4821, #4067, #4313, .T. ) ;
#2148 = ADVANCED_FACE ( 'NONE', ( #3240 ), #4737, .F. ) ;
#2149 = CARTESIAN_POINT ( 'NONE',  ( 0.1174615737310078095, 0.1091342860131922360, -1.449291610608395064 ) ) ;
#2150 = ORIENTED_EDGE ( 'NONE', *, *, #1477, .F. ) ;
#2151 = DIRECTION ( 'NONE',  ( -0.000000000000000000, -0.000000000000000000, -1.000000000000000000 ) ) ;
#2152 = VECTOR ( 'NONE', #3155, 39.37007874015748143 ) ;
#2153 = ORIENTED_EDGE ( 'NONE', *, *, #1207, .T. ) ;
#2154 = CARTESIAN_POINT ( 'NONE',  ( -0.2240000000000000324, -0.06527862401226501576, -1.274999999999999911 ) ) ;
#2155 = EDGE_CURVE ( 'NONE', #2995, #1960, #4292, .T. ) ;
#2156 = AXIS2_PLACEMENT_3D ( 'NONE', #4034, #3835, #642 ) ;
#2157 = CARTESIAN_POINT ( 'NONE',  ( 0.000000000000000000, 0.000000000000000000, -0.5980000000000000870 ) ) ;
#2158 = ORIENTED_EDGE ( 'NONE', *, *, #3070, .F. ) ;
#2159 = ORIENTED_EDGE ( 'NONE', *, *, #192, .F. ) ;
#2160 = DIRECTION ( 'NONE',  ( -1.000000000000000000, 0.000000000000000000, 0.000000000000000000 ) ) ;
#2161 = DIRECTION ( 'NONE',  ( -1.000000000000000000, 0.000000000000000000, 0.000000000000000000 ) ) ;
#2162 = EDGE_LOOP ( 'NONE', ( #1264, #2912 ) ) ;
#2163 = EDGE_LOOP ( 'NONE', ( #223, #2475, #3719, #3460 ) ) ;
#2164 = FACE_OUTER_BOUND ( 'NONE', #3213, .T. ) ;
#2165 = CARTESIAN_POINT ( 'NONE',  ( 0.000000000000000000, 0.000000000000000000, -0.03799999999999999906 ) ) ;
#2166 = ORIENTED_EDGE ( 'NONE', *, *, #3894, .T. ) ;
#2167 = FACE_OUTER_BOUND ( 'NONE', #1468, .T. ) ;
#2168 = AXIS2_PLACEMENT_3D ( 'NONE', #3538, #1653, #3492 ) ;
#2169 = DIRECTION ( 'NONE',  ( 0.000000000000000000, 0.9916236283806552088, 0.1291610608394971604 ) ) ;
#2170 = DIRECTION ( 'NONE',  ( -0.000000000000000000, -0.000000000000000000, -1.000000000000000000 ) ) ;
#2171 = CIRCLE ( 'NONE', #4776, 0.2240000000000000324 ) ;
#2172 = CARTESIAN_POINT ( 'NONE',  ( 0.1518474458011311590, -0.08694824448910951076, -1.108633236339064743 ) ) ;
#2173 = DIRECTION ( 'NONE',  ( -1.000000000000000000, 0.000000000000000000, 0.000000000000000000 ) ) ;
#2174 = CIRCLE ( 'NONE', #4073, 0.2240000000000000324 ) ;
#2175 = ADVANCED_FACE ( 'NONE', ( #175 ), #3688, .T. ) ;
#2176 = ORIENTED_EDGE ( 'NONE', *, *, #3714, .T. ) ;
#2177 = DIRECTION ( 'NONE',  ( -0.000000000000000000, -0.000000000000000000, -1.000000000000000000 ) ) ;
#2178 = CARTESIAN_POINT ( 'NONE',  ( 0.1536844629971417797, 0.07535419244681115791, -1.197645635889613036 ) ) ;
#2179 = VECTOR ( 'NONE', #4826, 39.37007874015748143 ) ;
#2180 = ORIENTED_EDGE ( 'NONE', *, *, #348, .F. ) ;
#2181 = VECTOR ( 'NONE', #3104, 39.37007874015748143 ) ;
#2182 = ORIENTED_EDGE ( 'NONE', *, *, #2508, .F. ) ;
#2183 = CARTESIAN_POINT ( 'NONE',  ( 0.2240000000000000324, 2.743208830090071273E-17, -0.7530000000000000027 ) ) ;
#2184 = DIRECTION ( 'NONE',  ( 1.000000000000000000, 0.000000000000000000, 0.000000000000000000 ) ) ;
#2185 = ORIENTED_EDGE ( 'NONE', *, *, #1523, .F. ) ;
#2186 = DIRECTION ( 'NONE',  ( -0.000000000000000000, 0.000000000000000000, -1.000000000000000000 ) ) ;
#2187 = CARTESIAN_POINT ( 'NONE',  ( -0.2149999999999999689, 0.000000000000000000, -0.5500000000000000444 ) ) ;
#2188 = CARTESIAN_POINT ( 'NONE',  ( 0.2099999999999999922, 2.571758278209441587E-17, -0.7730000000000000204 ) ) ;
#2189 = EDGE_CURVE ( 'NONE', #1657, #4511, #1303, .T. ) ;
#2190 = ORIENTED_EDGE ( 'NONE', *, *, #2787, .F. ) ;
#2191 = CARTESIAN_POINT ( 'NONE',  ( 0.09431023057885465355, -0.1434285714285715441, -1.185999999999999943 ) ) ;
#2192 = DIRECTION ( 'NONE',  ( 0.000000000000000000, -1.000000000000000000, 0.000000000000000000 ) ) ;
#2193 = VECTOR ( 'NONE', #2710, 39.37007874015748143 ) ;
#2194 = FACE_BOUND ( 'NONE', #2322, .T. ) ;
#2195 = B_SPLINE_CURVE_WITH_KNOTS ( 'NONE', 3,
 ( #1707, #4519, #1922, #3712, #3014, #3435 ),
 .UNSPECIFIED., .F., .F.,
 ( 4, 2, 4 ),
 ( 0.000000000000000000, 0.0001914726406245891694, 0.0003829452812491783388 ),
 .UNSPECIFIED. ) ;
#2196 = CIRCLE ( 'NONE', #1485, 0.1604102209264033352 ) ;
#2197 = DIRECTION ( 'NONE',  ( -0.000000000000000000, -0.000000000000000000, -1.000000000000000000 ) ) ;
#2198 = ORIENTED_EDGE ( 'NONE', *, *, #1073, .F. ) ;
#2199 = CARTESIAN_POINT ( 'NONE',  ( -0.2180000000000000826, 0.000000000000000000, 0.000000000000000000 ) ) ;
#2200 = FACE_OUTER_BOUND ( 'NONE', #3800, .T. ) ;
#2201 = ORIENTED_EDGE ( 'NONE', *, *, #3181, .T. ) ;
#2202 = ORIENTED_EDGE ( 'NONE', *, *, #4479, .F. ) ;
#2203 = ADVANCED_FACE ( 'NONE', ( #2167 ), #4809, .T. ) ;
#2204 = EDGE_LOOP ( 'NONE', ( #3750, #2692, #2377, #349 ) ) ;
#2205 = EDGE_CURVE ( 'NONE', #1840, #141, #3608, .T. ) ;
#2206 = DIRECTION ( 'NONE',  ( -0.000000000000000000, -0.000000000000000000, -1.000000000000000000 ) ) ;
#2207 = VERTEX_POINT ( 'NONE', #1051 ) ;
#2208 = ADVANCED_FACE ( 'NONE', ( #2563 ), #669, .T. ) ;
#2209 = AXIS2_PLACEMENT_3D ( 'NONE', #4107, #1158, #2997 ) ;
#2210 = DIRECTION ( 'NONE',  ( -1.000000000000000000, -1.224646799147346798E-16, 0.000000000000000000 ) ) ;
#2211 = AXIS2_PLACEMENT_3D ( 'NONE', #653, #4071, #678 ) ;
#2212 = AXIS2_PLACEMENT_3D ( 'NONE', #539, #184, #3173 ) ;
#2213 = CARTESIAN_POINT ( 'NONE',  ( -0.1654999999999999805, 2.026790452588869384E-17, -1.493979371535143794E-17 ) ) ;
#2214 = CARTESIAN_POINT ( 'NONE',  ( -0.1021008891434418281, 0.1342445654258834220, -1.256509465439991979 ) ) ;
#2215 = EDGE_LOOP ( 'NONE', ( #2599, #3268, #889, #58 ) ) ;
#2216 = CIRCLE ( 'NONE', #86, 0.005000000000000014849 ) ;
#2217 = DIRECTION ( 'NONE',  ( 0.000000000000000000, 0.000000000000000000, 1.000000000000000000 ) ) ;
#2218 = AXIS2_PLACEMENT_3D ( 'NONE', #2624, #4134, #737 ) ;
#2219 = CARTESIAN_POINT ( 'NONE',  ( 0.000000000000000000, 0.000000000000000000, 0.000000000000000000 ) ) ;
#2220 = DIRECTION ( 'NONE',  ( 0.000000000000000000, 0.000000000000000000, 1.000000000000000000 ) ) ;
#2221 = CARTESIAN_POINT ( 'NONE',  ( -0.2240000000000000324, -0.07687106098705495660, -1.185999999999999943 ) ) ;
#2222 = CIRCLE ( 'NONE', #3099, 0.2190000000000000002 ) ;
#2223 = ORIENTED_EDGE ( 'NONE', *, *, #633, .T. ) ;
#2224 = DIRECTION ( 'NONE',  ( -1.000000000000000000, 0.000000000000000000, -0.000000000000000000 ) ) ;
#2225 = CARTESIAN_POINT ( 'NONE',  ( 0.000000000000000000, -0.2240000000000000324, -0.7680000000000001270 ) ) ;
#2226 = CIRCLE ( 'NONE', #3501, 0.005000000000000014849 ) ;
#2227 = VERTEX_POINT ( 'NONE', #3469 ) ;
#2228 = ORIENTED_EDGE ( 'NONE', *, *, #2507, .T. ) ;
#2229 =( BOUNDED_CURVE ( )  B_SPLINE_CURVE ( 3, ( #2442, #150, #1655, #464 ),
 .UNSPECIFIED., .F., .T. ) 
 B_SPLINE_CURVE_WITH_KNOTS ( ( 4, 4 ),
 ( 0.5880511306085968171, 0.6735208910569305818 ),
 .UNSPECIFIED. ) 
 CURVE ( )  GEOMETRIC_REPRESENTATION_ITEM ( )  RATIONAL_B_SPLINE_CURVE ( ( 1.000000000000000000, 0.9993913359779373895, 0.9993913359779373895, 1.000000000000000000 ) ) 
 REPRESENTATION_ITEM ( '' )  );
#2230 = ORIENTED_EDGE ( 'NONE', *, *, #583, .F. ) ;
#2231 = VERTEX_POINT ( 'NONE', #3140 ) ;
#2232 = FACE_OUTER_BOUND ( 'NONE', #1339, .T. ) ;
#2233 = EDGE_CURVE ( 'NONE', #4771, #2089, #1621, .T. ) ;
#2234 = EDGE_CURVE ( 'NONE', #3072, #141, #1582, .T. ) ;
#2235 = DIRECTION ( 'NONE',  ( -1.000000000000000000, 0.000000000000000000, 0.000000000000000000 ) ) ;
#2236 = VERTEX_POINT ( 'NONE', #1979 ) ;
#2237 = ORIENTED_EDGE ( 'NONE', *, *, #1956, .F. ) ;
#2238 = CARTESIAN_POINT ( 'NONE',  ( 0.000000000000000000, 0.000000000000000000, 0.000000000000000000 ) ) ;
#2239 = CARTESIAN_POINT ( 'NONE',  ( -0.2240000000000000324, -0.1666134453781513147, -1.007999999999999785 ) ) ;
#2240 = DIRECTION ( 'NONE',  ( -1.224646799147353207E-16, 1.000000000000000000, 0.000000000000000000 ) ) ;
#2241 = DIRECTION ( 'NONE',  ( -0.000000000000000000, -0.000000000000000000, 1.000000000000000000 ) ) ;
#2242 = CYLINDRICAL_SURFACE ( 'NONE', #644, 0.04550000000000001960 ) ;
#2243 = CARTESIAN_POINT ( 'NONE',  ( 0.000000000000000000, 0.000000000000000000, -0.5650000000000000577 ) ) ;
#2244 = VECTOR ( 'NONE', #367, 39.37007874015748143 ) ;
#2245 = CARTESIAN_POINT ( 'NONE',  ( 0.000000000000000000, -0.01324013157894735580, -1.458000000000000185 ) ) ;
#2246 = EDGE_CURVE ( 'NONE', #1014, #1912, #2370, .T. ) ;
#2247 = ORIENTED_EDGE ( 'NONE', *, *, #2316, .T. ) ;
#2248 = CIRCLE ( 'NONE', #1144, 0.005000000000000014849 ) ;
#2249 = AXIS2_PLACEMENT_3D ( 'NONE', #2277, #4068, #3430 ) ;
#2250 = ORIENTED_EDGE ( 'NONE', *, *, #255, .F. ) ;
#2251 = ORIENTED_EDGE ( 'NONE', *, *, #2965, .T. ) ;
#2252 =( BOUNDED_CURVE ( )  B_SPLINE_CURVE ( 3, ( #3573, #819, #588, #3595 ),
 .UNSPECIFIED., .F., .T. ) 
 B_SPLINE_CURVE_WITH_KNOTS ( ( 4, 4 ),
 ( 5.375434790090525716, 5.441106154736340628 ),
 .UNSPECIFIED. ) 
 CURVE ( )  GEOMETRIC_REPRESENTATION_ITEM ( )  RATIONAL_B_SPLINE_CURVE ( ( 1.000000000000000000, 0.9996406382786497957, 0.9996406382786497957, 1.000000000000000000 ) ) 
 REPRESENTATION_ITEM ( '' )  );
#2253 = AXIS2_PLACEMENT_3D ( 'NONE', #842, #2035, #2012 ) ;
#2254 = CARTESIAN_POINT ( 'NONE',  ( 0.1174588720341970399, 0.1092467498743630860, -1.448428178383922349 ) ) ;
#2255 = ADVANCED_FACE ( 'NONE', ( #3518 ), #1254, .F. ) ;
#2256 = LINE ( 'NONE', #429, #2181 ) ;
#2257 = DIRECTION ( 'NONE',  ( -0.000000000000000000, -0.000000000000000000, 1.000000000000000000 ) ) ;
#2258 = ORIENTED_EDGE ( 'NONE', *, *, #4726, .T. ) ;
#2259 = ORIENTED_EDGE ( 'NONE', *, *, #4688, .F. ) ;
#2260 = DIRECTION ( 'NONE',  ( -1.000000000000000000, 0.000000000000000000, 0.000000000000000000 ) ) ;
#2261 = DIRECTION ( 'NONE',  ( 0.000000000000000000, -0.000000000000000000, 1.000000000000000000 ) ) ;
#2262 =( BOUNDED_CURVE ( )  B_SPLINE_CURVE ( 3, ( #3319, #4836, #1452, #2968 ),
 .UNSPECIFIED., .F., .T. ) 
 B_SPLINE_CURVE_WITH_KNOTS ( ( 4, 4 ),
 ( 1.359282303335206388, 1.387608140424095859 ),
 .UNSPECIFIED. ) 
 CURVE ( )  GEOMETRIC_REPRESENTATION_ITEM ( )  RATIONAL_B_SPLINE_CURVE ( ( 1.000000000000000000, 0.9999331383637506399, 0.9999331383637506399, 1.000000000000000000 ) ) 
 REPRESENTATION_ITEM ( '' )  );
#2263 = PLANE ( 'NONE',  #64 ) ;
#2264 = ADVANCED_FACE ( 'NONE', ( #2793 ), #442, .F. ) ;
#2265 = DIRECTION ( 'NONE',  ( -0.000000000000000000, -0.000000000000000000, -1.000000000000000000 ) ) ;
#2266 = FACE_OUTER_BOUND ( 'NONE', #4624, .T. ) ;
#2267 = DIRECTION ( 'NONE',  ( 1.000000000000000000, -0.000000000000000000, -0.000000000000000000 ) ) ;
#2268 = VERTEX_POINT ( 'NONE', #2423 ) ;
#2269 = DIRECTION ( 'NONE',  ( 1.000000000000000000, 0.000000000000000000, 0.000000000000000000 ) ) ;
#2270 = AXIS2_PLACEMENT_3D ( 'NONE', #2463, #460, #2863 ) ;
#2271 = ORIENTED_EDGE ( 'NONE', *, *, #4626, .T. ) ;
#2272 = CIRCLE ( 'NONE', #3551, 0.009999999999999995004 ) ;
#2273 = ORIENTED_EDGE ( 'NONE', *, *, #3056, .T. ) ;
#2274 = ORIENTED_EDGE ( 'NONE', *, *, #3306, .F. ) ;
#2275 = CARTESIAN_POINT ( 'NONE',  ( 0.1549259135372738627, -0.04912736350806327923, -1.399000000000000021 ) ) ;
#2276 = EDGE_LOOP ( 'NONE', ( #3003, #2558 ) ) ;
#2277 = CARTESIAN_POINT ( 'NONE',  ( 0.000000000000000000, 0.000000000000000000, -0.6690000000000001501 ) ) ;
#2278 = CARTESIAN_POINT ( 'NONE',  ( 0.2240000000000000324, 2.743208830090071273E-17, -0.5650000000000000577 ) ) ;
#2279 = VERTEX_POINT ( 'NONE', #1630 ) ;
#2280 = AXIS2_PLACEMENT_3D ( 'NONE', #2016, #1964, #2432 ) ;
#2281 = EDGE_LOOP ( 'NONE', ( #8, #1137, #1197, #4389 ) ) ;
#2282 = LINE ( 'NONE', #4541, #616 ) ;
#2283 = DIRECTION ( 'NONE',  ( 0.000000000000000000, 0.000000000000000000, 1.000000000000000000 ) ) ;
#2284 = CIRCLE ( 'NONE', #167, 0.1716571428571428970 ) ;
#2285 = CARTESIAN_POINT ( 'NONE',  ( -0.2240000000000000324, 0.1000559349366347411, -1.007999999999999785 ) ) ;
#2286 = DIRECTION ( 'NONE',  ( 0.000000000000000000, 0.000000000000000000, -1.000000000000000000 ) ) ;
#2287 = CIRCLE ( 'NONE', #4818, 0.2190000000000000002 ) ;
#2288 = DIRECTION ( 'NONE',  ( 1.000000000000000000, 0.000000000000000000, 0.000000000000000000 ) ) ;
#2289 = DIRECTION ( 'NONE',  ( -0.000000000000000000, -0.000000000000000000, -1.000000000000000000 ) ) ;
#2290 = AXIS2_PLACEMENT_3D ( 'NONE', #3703, #4778, #2528 ) ;
#2291 = ADVANCED_FACE ( 'NONE', ( #1607 ), #4600, .F. ) ;
#2292 = EDGE_CURVE ( 'NONE', #528, #1354, #3124, .T. ) ;
#2293 = EDGE_CURVE ( 'NONE', #4167, #4448, #4645, .T. ) ;
#2294 = AXIS2_PLACEMENT_3D ( 'NONE', #1781, #564, #3296 ) ;
#2295 = ORIENTED_EDGE ( 'NONE', *, *, #1665, .T. ) ;
#2296 = PLANE ( 'NONE',  #2209 ) ;
#2297 = VERTEX_POINT ( 'NONE', #2715 ) ;
#2298 = EDGE_LOOP ( 'NONE', ( #168, #1672, #3423, #1580 ) ) ;
#2299 = AXIS2_PLACEMENT_3D ( 'NONE', #578, #3977, #2091 ) ;
#2300 = EDGE_CURVE ( 'NONE', #1771, #812, #4625, .T. ) ;
#2301 = VECTOR ( 'NONE', #1681, 39.37007874015748143 ) ;
#2302 = EDGE_LOOP ( 'NONE', ( #2610, #3219, #1142, #1234 ) ) ;
#2303 = DIRECTION ( 'NONE',  ( 0.000000000000000000, 0.000000000000000000, 1.000000000000000000 ) ) ;
#2304 = ORIENTED_EDGE ( 'NONE', *, *, #2839, .T. ) ;
#2305 = CARTESIAN_POINT ( 'NONE',  ( 0.07311675417812021904, -0.1620546218487396439, -1.042999999999999705 ) ) ;
#2306 = DIRECTION ( 'NONE',  ( -0.000000000000000000, -0.000000000000000000, -1.000000000000000000 ) ) ;
#2307 = DIRECTION ( 'NONE',  ( 0.000000000000000000, -1.000000000000000000, 0.000000000000000000 ) ) ;
#2308 = ORIENTED_EDGE ( 'NONE', *, *, #4684, .F. ) ;
#2309 = CIRCLE ( 'NONE', #189, 0.1118110236220472287 ) ;
#2310 = EDGE_CURVE ( 'NONE', #1345, #4495, #747, .T. ) ;
#2311 = ORIENTED_EDGE ( 'NONE', *, *, #1268, .T. ) ;
#2312 = DIRECTION ( 'NONE',  ( 1.000000000000000000, 0.000000000000000000, 0.000000000000000000 ) ) ;
#2313 = CYLINDRICAL_SURFACE ( 'NONE', #2788, 0.2180000000000000826 ) ;
#2314 = FACE_OUTER_BOUND ( 'NONE', #1041, .T. ) ;
#2315 = DIRECTION ( 'NONE',  ( -0.000000000000000000, -0.000000000000000000, -1.000000000000000000 ) ) ;
#2316 = EDGE_CURVE ( 'NONE', #4821, #1556, #2099, .T. ) ;
#2317 = CARTESIAN_POINT ( 'NONE',  ( 0.0002500000000000000052, 0.007005446710218416438, -1.458000000000000185 ) ) ;
#2318 = EDGE_CURVE ( 'NONE', #2974, #3353, #2579, .T. ) ;
#2319 = CARTESIAN_POINT ( 'NONE',  ( 0.0002500000000000000052, -0.007005446710218416438, -1.458000000000000185 ) ) ;
#2320 = CARTESIAN_POINT ( 'NONE',  ( -0.02474999999999999770, -0.006620065789473668361, -2.208000000000000185 ) ) ;
#2321 = ORIENTED_EDGE ( 'NONE', *, *, #4174, .T. ) ;
#2322 = EDGE_LOOP ( 'NONE', ( #108, #2166 ) ) ;
#2323 = AXIS2_PLACEMENT_3D ( 'NONE', #1949, #3465, #4420 ) ;
#2324 = EDGE_CURVE ( 'NONE', #1531, #1004, #1306, .T. ) ;
#2325 = AXIS2_PLACEMENT_3D ( 'NONE', #1096, #3266, #4848 ) ;
#2326 = ORIENTED_EDGE ( 'NONE', *, *, #2028, .F. ) ;
#2327 = CARTESIAN_POINT ( 'NONE',  ( 0.1549685680697645007, -0.05064658825081012200, -1.387336274555685645 ) ) ;
#2328 = EDGE_LOOP ( 'NONE', ( #4063, #2375, #3756, #4757 ) ) ;
#2329 = DIRECTION ( 'NONE',  ( 1.000000000000000000, -0.000000000000000000, -0.000000000000000000 ) ) ;
#2330 = CIRCLE ( 'NONE', #361, 0.04549999999999999878 ) ;
#2331 = CYLINDRICAL_SURFACE ( 'NONE', #4317, 0.2240000000000000324 ) ;
#2332 = DIRECTION ( 'NONE',  ( -0.000000000000000000, -0.000000000000000000, 1.000000000000000000 ) ) ;
#2333 = VERTEX_POINT ( 'NONE', #3067 ) ;
#2334 = AXIS2_PLACEMENT_3D ( 'NONE', #1463, #742, #2976 ) ;
#2335 = ORIENTED_EDGE ( 'NONE', *, *, #757, .F. ) ;
#2336 = CARTESIAN_POINT ( 'NONE',  ( 0.000000000000000000, 0.000000000000000000, 0.000000000000000000 ) ) ;
#2337 = CARTESIAN_POINT ( 'NONE',  ( 0.1491866468302167903, 0.09854243966153426737, -1.019619737918513236 ) ) ;
#2338 = ADVANCED_FACE ( 'NONE', ( #491 ), #4386, .T. ) ;
#2339 = DIRECTION ( 'NONE',  ( 0.000000000000000000, -0.9916236283806552088, 0.1291610608394971604 ) ) ;
#2340 = CARTESIAN_POINT ( 'NONE',  ( 0.000000000000000000, 0.000000000000000000, 0.000000000000000000 ) ) ;
#2341 = CARTESIAN_POINT ( 'NONE',  ( 0.000000000000000000, 0.000000000000000000, -0.4499999999999999556 ) ) ;
#2342 = CARTESIAN_POINT ( 'NONE',  ( 0.04949999999999999539, 0.000000000000000000, -1.458000000000000185 ) ) ;
#2343 = CARTESIAN_POINT ( 'NONE',  ( 0.2190000000000000002, 2.712592660111387510E-17, -0.6490000000000001323 ) ) ;
#2344 = CARTESIAN_POINT ( 'NONE',  ( -0.0002500000000000000594, -0.2240393700787401965, -2.207500000000000018 ) ) ;
#2345 = DIRECTION ( 'NONE',  ( -1.000000000000000000, 0.000000000000000000, 0.000000000000000000 ) ) ;
#2346 = VERTEX_POINT ( 'NONE', #3169 ) ;
#2347 = ORIENTED_EDGE ( 'NONE', *, *, #2572, .T. ) ;
#2348 = EDGE_LOOP ( 'NONE', ( #4108, #2397, #1513, #3122 ) ) ;
#2349 = CARTESIAN_POINT ( 'NONE',  ( 0.0002500000000000000052, 0.007005446710218416438, -2.208000000000000185 ) ) ;
#2350 = ORIENTED_EDGE ( 'NONE', *, *, #2601, .T. ) ;
#2351 = EDGE_CURVE ( 'NONE', #2268, #298, #2489, .T. ) ;
#2352 = EDGE_CURVE ( 'NONE', #502, #3968, #2569, .T. ) ;
#2353 = ADVANCED_FACE ( 'NONE', ( #3264 ), #2410, .T. ) ;
#2354 = DIRECTION ( 'NONE',  ( -1.000000000000000000, 1.224646799147346798E-16, 0.000000000000000000 ) ) ;
#2355 = DIRECTION ( 'NONE',  ( 1.000000000000000000, 0.000000000000000000, 0.000000000000000000 ) ) ;
#2356 = ORIENTED_EDGE ( 'NONE', *, *, #601, .F. ) ;
#2357 = VERTEX_POINT ( 'NONE', #2506 ) ;
#2358 = CARTESIAN_POINT ( 'NONE',  ( -0.2240000000000000324, -0.1000559349366348383, -1.007999999999999785 ) ) ;
#2359 = DIRECTION ( 'NONE',  ( 0.000000000000000000, 0.000000000000000000, -1.000000000000000000 ) ) ;
#2360 = ADVANCED_FACE ( 'NONE', ( #2066 ), #577, .F. ) ;
#2361 = CARTESIAN_POINT ( 'NONE',  ( -0.2179999999999999993, 0.000000000000000000, -0.5700000000000000622 ) ) ;
#2362 = CARTESIAN_POINT ( 'NONE',  ( -0.2240000000000000324, -0.1434285714285714608, -1.185999999999999943 ) ) ;
#2363 = DIRECTION ( 'NONE',  ( -0.000000000000000000, -0.000000000000000000, -1.000000000000000000 ) ) ;
#2364 = DIRECTION ( 'NONE',  ( -0.000000000000000000, -0.000000000000000000, -1.000000000000000000 ) ) ;
#2365 = AXIS2_PLACEMENT_3D ( 'NONE', #2243, #3766, #369 ) ;
#2366 = MECHANICAL_DESIGN_GEOMETRIC_PRESENTATION_REPRESENTATION (  '', ( #864 ), #246 ) ;
#2367 = CARTESIAN_POINT ( 'NONE',  ( -0.1515401985390432693, -0.08846349796184491132, -1.096999999999999753 ) ) ;
#2368 = CONICAL_SURFACE ( 'NONE', #2447, 0.1600000000000000033, 0.04283093266872733257 ) ;
#2369 = AXIS2_PLACEMENT_3D ( 'NONE', #4740, #2566, #277 ) ;
#2370 = LINE ( 'NONE', #2319, #1461 ) ;
#2371 = FACE_OUTER_BOUND ( 'NONE', #15, .T. ) ;
#2372 = VERTEX_POINT ( 'NONE', #926 ) ;
#2373 = VERTEX_POINT ( 'NONE', #2534 ) ;
#2374 = CIRCLE ( 'NONE', #1587, 0.005740131578947354346 ) ;
#2375 = ORIENTED_EDGE ( 'NONE', *, *, #2939, .F. ) ;
#2376 = CYLINDRICAL_SURFACE ( 'NONE', #4853, 0.2099999999999999922 ) ;
#2377 = ORIENTED_EDGE ( 'NONE', *, *, #2813, .T. ) ;
#2378 = AXIS2_PLACEMENT_3D ( 'NONE', #3812, #2985, #3782 ) ;
#2379 = LINE ( 'NONE', #3904, #4345 ) ;
#2380 = ORIENTED_EDGE ( 'NONE', *, *, #4506, .T. ) ;
#2381 = ORIENTED_EDGE ( 'NONE', *, *, #3115, .T. ) ;
#2382 = CARTESIAN_POINT ( 'NONE',  ( 0.06620670031167967540, 0.1666134453781513147, -1.007999999999999785 ) ) ;
#2383 = EDGE_CURVE ( 'NONE', #1556, #291, #2174, .T. ) ;
#2384 = ADVANCED_FACE ( 'NONE', ( #4390 ), #4708, .T. ) ;
#2385 =( BOUNDED_CURVE ( )  B_SPLINE_CURVE ( 3, ( #3661, #1823, #273, #4021 ),
 .UNSPECIFIED., .F., .T. ) 
 B_SPLINE_CURVE_WITH_KNOTS ( ( 4, 4 ),
 ( 4.682665705525906219, 4.710445167544854428 ),
 .UNSPECIFIED. ) 
 CURVE ( )  GEOMETRIC_REPRESENTATION_ITEM ( )  RATIONAL_B_SPLINE_CURVE ( ( 1.000000000000000000, 0.9999356928247078447, 0.9999356928247078447, 1.000000000000000000 ) ) 
 REPRESENTATION_ITEM ( '' )  );
#2386 = FACE_OUTER_BOUND ( 'NONE', #3809, .T. ) ;
#2387 = TOROIDAL_SURFACE ( 'NONE', #3024, 0.2190000000000000002, 0.005000000000000000104 ) ;
#2388 = AXIS2_PLACEMENT_3D ( 'NONE', #2595, #2177, #1010 ) ;
#2389 = FACE_BOUND ( 'NONE', #3958, .T. ) ;
#2390 = LINE ( 'NONE', #3537, #4741 ) ;
#2391 = FACE_BOUND ( 'NONE', #4231, .T. ) ;
#2392 = CARTESIAN_POINT ( 'NONE',  ( -0.005545194838544003149, 0.01175691724979139458, -2.208000000000000185 ) ) ;
#2393 = CYLINDRICAL_SURFACE ( 'NONE', #2689, 0.2240000000000000324 ) ;
#2394 = DIRECTION ( 'NONE',  ( -1.000000000000000000, 1.224646799147346798E-16, 0.000000000000000000 ) ) ;
#2395 = CARTESIAN_POINT ( 'NONE',  ( -0.2179999999999999993, 0.000000000000000000, -0.6490000000000001323 ) ) ;
#2396 = ORIENTED_EDGE ( 'NONE', *, *, #4830, .T. ) ;
#2397 = ORIENTED_EDGE ( 'NONE', *, *, #77, .F. ) ;
#2398 = ORIENTED_EDGE ( 'NONE', *, *, #2747, .F. ) ;
#2399 = ADVANCED_FACE ( 'NONE', ( #4043 ), #3996, .T. ) ;
#2400 = DIRECTION ( 'NONE',  ( -1.000000000000000000, 0.000000000000000000, 0.000000000000000000 ) ) ;
#2401 = CARTESIAN_POINT ( 'NONE',  ( 0.000000000000000000, 0.01324013157894735580, -2.208000000000000185 ) ) ;
#2402 = AXIS2_PLACEMENT_3D ( 'NONE', #831, #2688, #4596 ) ;
#2403 = ORIENTED_EDGE ( 'NONE', *, *, #2933, .T. ) ;
#2404 = AXIS2_PLACEMENT_3D ( 'NONE', #2128, #4651, #2080 ) ;
#2405 = CARTESIAN_POINT ( 'NONE',  ( 0.000000000000000000, 0.000000000000000000, -0.8000125210645688822 ) ) ;
#2406 = FACE_OUTER_BOUND ( 'NONE', #4270, .T. ) ;
#2407 = EDGE_LOOP ( 'NONE', ( #2153, #552, #4382, #4654 ) ) ;
#2408 = ORIENTED_EDGE ( 'NONE', *, *, #158, .T. ) ;
#2409 = CARTESIAN_POINT ( 'NONE',  ( 0.000000000000000000, 0.000000000000000000, -0.6360000000000001208 ) ) ;
#2410 = TOROIDAL_SURFACE ( 'NONE', #3526, 0.2190000000000000002, 0.005000000000000000104 ) ;
#2411 = CARTESIAN_POINT ( 'NONE',  ( 0.000000000000000000, 0.000000000000000000, -0.7479999999999999982 ) ) ;
#2412 = PRODUCT_DEFINITION ( 'UNKNOWN', '', #1738, #2589 ) ;
#2413 = AXIS2_PLACEMENT_3D ( 'NONE', #675, #3408, #2210 ) ;
#2414 = CARTESIAN_POINT ( 'NONE',  ( -0.1141601790024966145, -0.1156848739495798528, -1.399000000000000021 ) ) ;
#2415 = CARTESIAN_POINT ( 'NONE',  ( 0.09431023057885465355, 0.1434285714285714886, -1.185999999999999943 ) ) ;
#2416 = FACE_OUTER_BOUND ( 'NONE', #494, .T. ) ;
#2417 = CARTESIAN_POINT ( 'NONE',  ( 6.270002573497202090E-05, -0.1854999999999999982, -0.8630000000000002114 ) ) ;
#2418 = VECTOR ( 'NONE', #3078, 39.37007874015748143 ) ;
#2419 = EDGE_CURVE ( 'NONE', #1273, #1720, #2330, .T. ) ;
#2420 = DIRECTION ( 'NONE',  ( 1.000000000000000000, -0.000000000000000000, -0.000000000000000000 ) ) ;
#2421 = EDGE_CURVE ( 'NONE', #3188, #499, #1759, .T. ) ;
#2422 = ADVANCED_FACE ( 'NONE', ( #626 ), #4805, .F. ) ;
#2423 = CARTESIAN_POINT ( 'NONE',  ( -0.2240000000000000324, 0.000000000000000000, -0.5880000000000000782 ) ) ;
#2424 = FACE_BOUND ( 'NONE', #156, .T. ) ;
#2425 = VERTEX_POINT ( 'NONE', #3658 ) ;
#2426 = DIRECTION ( 'NONE',  ( 1.000000000000000000, 0.000000000000000000, 0.000000000000000000 ) ) ;
#2427 = ORIENTED_EDGE ( 'NONE', *, *, #2830, .F. ) ;
#2428 = DIRECTION ( 'NONE',  ( 0.000000000000000000, -0.1291610608394981041, 0.9916236283806550977 ) ) ;
#2429 = DIRECTION ( 'NONE',  ( -0.000000000000000000, -0.000000000000000000, -1.000000000000000000 ) ) ;
#2430 = VERTEX_POINT ( 'NONE', #952 ) ;
#2431 = CARTESIAN_POINT ( 'NONE',  ( -0.2099999999999999922, 0.000000000000000000, -0.7730000000000000204 ) ) ;
#2432 = DIRECTION ( 'NONE',  ( -1.000000000000000000, 0.000000000000000000, 0.000000000000000000 ) ) ;
#2433 = ORIENTED_EDGE ( 'NONE', *, *, #4158, .T. ) ;
#2434 = CIRCLE ( 'NONE', #2988, 0.04550000000000000572 ) ;
#2435 = ORIENTED_EDGE ( 'NONE', *, *, #3227, .T. ) ;
#2436 = CARTESIAN_POINT ( 'NONE',  ( -0.04949999999999999539, 1.818600496733819184E-17, -2.208000000000000185 ) ) ;
#2437 = CARTESIAN_POINT ( 'NONE',  ( -0.1038771310065983305, 0.1318361344537815338, -1.274999999999999911 ) ) ;
#2438 = DIRECTION ( 'NONE',  ( -0.000000000000000000, -0.000000000000000000, 1.000000000000000000 ) ) ;
#2439 = DIRECTION ( 'NONE',  ( 0.000000000000000000, 0.000000000000000000, 1.000000000000000000 ) ) ;
#2440 = DIRECTION ( 'NONE',  ( -1.000000000000000000, 0.000000000000000000, 0.000000000000000000 ) ) ;
#2441 = DIRECTION ( 'NONE',  ( -0.000000000000000000, -0.000000000000000000, -1.000000000000000000 ) ) ;
#2442 = CARTESIAN_POINT ( 'NONE',  ( -0.07311675417812020517, -0.1620546218487395329, -1.042999999999999705 ) ) ;
#2443 = CIRCLE ( 'NONE', #1572, 0.2240000000000000324 ) ;
#2444 = CARTESIAN_POINT ( 'NONE',  ( 0.000000000000000000, 0.000000000000000000, -0.6360000000000001208 ) ) ;
#2445 = CIRCLE ( 'NONE', #4579, 0.005000000000000014849 ) ;
#2446 = ORIENTED_EDGE ( 'NONE', *, *, #2963, .F. ) ;
#2447 = AXIS2_PLACEMENT_3D ( 'NONE', #2609, #2257, #3777 ) ;
#2448 = ADVANCED_FACE ( 'NONE', ( #272, #3632 ), #244, .F. ) ;
#2449 = CARTESIAN_POINT ( 'NONE',  ( 0.000000000000000000, 0.000000000000000000, -0.6209999999999999964 ) ) ;
#2450 = EDGE_CURVE ( 'NONE', #4552, #3384, #2583, .T. ) ;
#2451 = EDGE_CURVE ( 'NONE', #231, #2974, #751, .T. ) ;
#2452 = TOROIDAL_SURFACE ( 'NONE', #4739, 0.2190000000000000002, 0.005000000000000000104 ) ;
#2453 = EDGE_LOOP ( 'NONE', ( #1638, #1220, #2756, #2743 ) ) ;
#2454 = CARTESIAN_POINT ( 'NONE',  ( 0.000000000000000000, 0.000000000000000000, -1.448428178383922349 ) ) ;
#2455 = LINE ( 'NONE', #1691, #3532 ) ;
#2456 = EDGE_LOOP ( 'NONE', ( #4850, #579, #996, #524 ) ) ;
#2457 = CARTESIAN_POINT ( 'NONE',  ( 0.2190000000000000002, 0.000000000000000000, -0.7020000000000000684 ) ) ;
#2458 = CARTESIAN_POINT ( 'NONE',  ( -0.07927539734921895676, 0.1575020654655283070, -1.077951884490460532 ) ) ;
#2459 = ORIENTED_EDGE ( 'NONE', *, *, #3742, .F. ) ;
#2460 = ORIENTED_EDGE ( 'NONE', *, *, #3700, .F. ) ;
#2461 = AXIS2_PLACEMENT_3D ( 'NONE', #2758, #1622, #4640 ) ;
#2462 = PLANE ( 'NONE',  #2299 ) ;
#2464 = AXIS2_PLACEMENT_3D ( 'NONE', #4247, #2441, #2048 ) ;
#2463 = CARTESIAN_POINT ( 'NONE',  ( 0.000000000000000000, 0.000000000000000000, -0.01000000000000002970 ) ) ;
#2465 = EDGE_CURVE ( 'NONE', #3951, #394, #47, .T. ) ;
#2466 = ORIENTED_EDGE ( 'NONE', *, *, #2492, .T. ) ;
#2467 = DIRECTION ( 'NONE',  ( -1.000000000000000000, -1.776356839400250465E-15, 0.000000000000000000 ) ) ;
#2468 = CARTESIAN_POINT ( 'NONE',  ( -0.02343346369627509820, -0.1854882109910378218, -0.8630905091655806105 ) ) ;
#2469 = DIRECTION ( 'NONE',  ( 0.000000000000000000, -0.9916236283806552088, 0.1291610608394971604 ) ) ;
#2470 = CARTESIAN_POINT ( 'NONE',  ( -0.005545194838544003149, 0.01175691724979139458, -1.458000000000000185 ) ) ;
#2471 = ORIENTED_EDGE ( 'NONE', *, *, #1119, .T. ) ;
#2472 = EDGE_CURVE ( 'NONE', #1657, #1018, #3928, .T. ) ;
#2473 = FACE_BOUND ( 'NONE', #3510, .T. ) ;
#2474 = EDGE_CURVE ( 'NONE', #3779, #1273, #2646, .T. ) ;
#2475 = ORIENTED_EDGE ( 'NONE', *, *, #1568, .T. ) ;
#2476 = CARTESIAN_POINT ( 'NONE',  ( -0.2190000000000000002, 0.000000000000000000, -0.6820000000000001616 ) ) ;
#2477 = CARTESIAN_POINT ( 'NONE',  ( 0.000000000000000000, 0.000000000000000000, -0.5500000000000000444 ) ) ;
#2478 = VERTEX_POINT ( 'NONE', #1538 ) ;
#2479 = PLANE ( 'NONE',  #1902 ) ;
#2480 = CARTESIAN_POINT ( 'NONE',  ( 0.000000000000000000, 0.000000000000000000, -0.6030000000000000915 ) ) ;
#2481 = ORIENTED_EDGE ( 'NONE', *, *, #1728, .T. ) ;
#2482 = ORIENTED_EDGE ( 'NONE', *, *, #308, .F. ) ;
#2483 = DIRECTION ( 'NONE',  ( -0.000000000000000000, -0.000000000000000000, -1.000000000000000000 ) ) ;
#2484 = AXIS2_PLACEMENT_3D ( 'NONE', #1134, #709, #682 ) ;
#2485 = EDGE_CURVE ( 'NONE', #670, #2848, #1545, .T. ) ;
#2486 = CARTESIAN_POINT ( 'NONE',  ( -0.2240000000000000324, 0.000000000000000000, -0.7530000000000000027 ) ) ;
#2487 = ORIENTED_EDGE ( 'NONE', *, *, #558, .F. ) ;
#2488 = LINE ( 'NONE', #249, #909 ) ;
#2489 = CIRCLE ( 'NONE', #356, 0.2240000000000000324 ) ;
#2490 = FACE_OUTER_BOUND ( 'NONE', #4087, .T. ) ;
#2491 = DIRECTION ( 'NONE',  ( -0.000000000000000000, 0.000000000000000000, -1.000000000000000000 ) ) ;
#2492 = EDGE_CURVE ( 'NONE', #896, #4441, #315, .T. ) ;
#2493 = VECTOR ( 'NONE', #376, 39.37007874015748143 ) ;
#2494 = DIRECTION ( 'NONE',  ( -1.000000000000000000, -3.552713678800500929E-15, 0.000000000000000000 ) ) ;
#2495 = TOROIDAL_SURFACE ( 'NONE', #3217, 0.1899999999999999467, 0.02000000000000000042 ) ;
#2496 = ORIENTED_EDGE ( 'NONE', *, *, #2084, .T. ) ;
#2497 = DIRECTION ( 'NONE',  ( 0.000000000000000000, -0.1291610608394971604, 0.9916236283806550977 ) ) ;
#2498 = ORIENTED_EDGE ( 'NONE', *, *, #338, .F. ) ;
#2499 = FACE_OUTER_BOUND ( 'NONE', #4089, .T. ) ;
#2500 = CARTESIAN_POINT ( 'NONE',  ( 0.000000000000000000, 0.000000000000000000, -1.042999999999999705 ) ) ;
#2501 = ORIENTED_EDGE ( 'NONE', *, *, #191, .F. ) ;
#2502 = CARTESIAN_POINT ( 'NONE',  ( 0.000000000000000000, 0.000000000000000000, -0.7300000000000000933 ) ) ;
#2503 = SPHERICAL_SURFACE ( 'NONE', #4578, 0.04000000000000000083 ) ;
#2504 = ORIENTED_EDGE ( 'NONE', *, *, #753, .F. ) ;
#2505 = ORIENTED_EDGE ( 'NONE', *, *, #3394, .F. ) ;
#2506 = CARTESIAN_POINT ( 'NONE',  ( 0.1499602011100214516, 0.09549711140722297320, -1.042999999999999705 ) ) ;
#2507 = EDGE_CURVE ( 'NONE', #4178, #4509, #520, .T. ) ;
#2508 = EDGE_CURVE ( 'NONE', #185, #4189, #3295, .T. ) ;
#2509 = EDGE_CURVE ( 'NONE', #2723, #2931, #1623, .T. ) ;
#2510 = ADVANCED_FACE ( 'NONE', ( #2630 ), #4442, .F. ) ;
#2511 = CARTESIAN_POINT ( 'NONE',  ( -0.1071001038576073761, 0.1272773109243697798, -1.310000000000000053 ) ) ;
#2512 = AXIS2_PLACEMENT_3D ( 'NONE', #1106, #3364, #4498 ) ;
#2513 = CARTESIAN_POINT ( 'NONE',  ( 0.2240000000000000324, 2.743208830090071273E-17, -0.7630000000000001226 ) ) ;
#2514 = ORIENTED_EDGE ( 'NONE', *, *, #2450, .F. ) ;
#2515 = CARTESIAN_POINT ( 'NONE',  ( 0.2190000000000000002, 0.000000000000000000, -0.5650000000000000577 ) ) ;
#2516 = DIRECTION ( 'NONE',  ( 0.000000000000000000, 0.000000000000000000, 1.000000000000000000 ) ) ;
#2517 = ADVANCED_FACE ( 'NONE', ( #746 ), #1465, .F. ) ;
#2518 = VECTOR ( 'NONE', #3886, 39.37007874015748143 ) ;
#2519 = EDGE_LOOP ( 'NONE', ( #4630, #445, #2770, #2071 ) ) ;
#2520 = DIRECTION ( 'NONE',  ( 1.000000000000000000, 0.000000000000000000, 0.000000000000000000 ) ) ;
#2521 = EDGE_LOOP ( 'NONE', ( #3747, #4745, #2656, #4606 ) ) ;
#2522 = CARTESIAN_POINT ( 'NONE',  ( 0.000000000000000000, 0.000000000000000000, -0.4499999999999999556 ) ) ;
#2523 = AXIS2_PLACEMENT_3D ( 'NONE', #194, #2063, #501 ) ;
#2524 = CARTESIAN_POINT ( 'NONE',  ( -0.1118110236220472287, 0.000000000000000000, 0.3728178745531591232 ) ) ;
#2525 = ORIENTED_EDGE ( 'NONE', *, *, #482, .F. ) ;
#2526 = CIRCLE ( 'NONE', #245, 0.2180000000000000271 ) ;
#2527 = ORIENTED_EDGE ( 'NONE', *, *, #2155, .T. ) ;
#2528 = DIRECTION ( 'NONE',  ( 1.000000000000000000, 0.000000000000000000, 0.000000000000000000 ) ) ;
#2529 = LINE ( 'NONE', #3704, #1494 ) ;
#2530 = CIRCLE ( 'NONE', #556, 0.2190000000000000002 ) ;
#2531 = ORIENTED_EDGE ( 'NONE', *, *, #3184, .F. ) ;
#2532 = VERTEX_POINT ( 'NONE', #2254 ) ;
#2533 = AXIS2_PLACEMENT_3D ( 'NONE', #4039, #4464, #596 ) ;
#2534 = CARTESIAN_POINT ( 'NONE',  ( 0.1524009959533436653, -0.08390467443243311563, -1.131999999999999895 ) ) ;
#2535 = CIRCLE ( 'NONE', #2856, 0.2190000000000000002 ) ;
#2536 = EDGE_CURVE ( 'NONE', #4766, #1273, #354, .T. ) ;
#2537 = PLANE ( 'NONE',  #4355 ) ;
#2538 = DIRECTION ( 'NONE',  ( 1.000000000000000000, 0.000000000000000000, 0.000000000000000000 ) ) ;
#2539 = ORIENTED_EDGE ( 'NONE', *, *, #1636, .F. ) ;
#2540 = DIRECTION ( 'NONE',  ( 0.000000000000000000, 0.000000000000000000, 1.000000000000000000 ) ) ;
#2541 = AXIS2_PLACEMENT_3D ( 'NONE', #3016, #364, #2662 ) ;
#2542 = EDGE_CURVE ( 'NONE', #4685, #3830, #1310, .T. ) ;
#2543 = CARTESIAN_POINT ( 'NONE',  ( 0.04000000000000000083, 4.898587196589413537E-18, 0.1131370849898476472 ) ) ;
#2544 = DIRECTION ( 'NONE',  ( -1.000000000000000000, 0.000000000000000000, 0.000000000000000000 ) ) ;
#2545 = AXIS2_PLACEMENT_3D ( 'NONE', #387, #4547, #439 ) ;
#2546 = DIRECTION ( 'NONE',  ( 1.000000000000000000, 0.000000000000000000, 0.000000000000000000 ) ) ;
#2547 = CARTESIAN_POINT ( 'NONE',  ( -0.2149999999999999967, 2.632990618166809112E-17, -0.7680000000000001270 ) ) ;
#2548 = DIRECTION ( 'NONE',  ( -0.000000000000000000, -0.000000000000000000, -1.000000000000000000 ) ) ;
#2549 = ORIENTED_EDGE ( 'NONE', *, *, #2383, .F. ) ;
#2550 = DIRECTION ( 'NONE',  ( 1.000000000000000000, 0.000000000000000000, -0.000000000000000000 ) ) ;
#2551 = CIRCLE ( 'NONE', #3426, 0.2190000000000000002 ) ;
#2552 = FACE_OUTER_BOUND ( 'NONE', #303, .T. ) ;
#2553 = ORIENTED_EDGE ( 'NONE', *, *, #310, .T. ) ;
#2554 = EDGE_CURVE ( 'NONE', #298, #4680, #724, .T. ) ;
#2555 = ORIENTED_EDGE ( 'NONE', *, *, #2310, .T. ) ;
#2556 = CARTESIAN_POINT ( 'NONE',  ( -6.270002573500617327E-05, -0.1854999999999999982, -0.8630000000000002114 ) ) ;
#2557 = ORIENTED_EDGE ( 'NONE', *, *, #3396, .T. ) ;
#2558 = ORIENTED_EDGE ( 'NONE', *, *, #3456, .F. ) ;
#2559 = DIRECTION ( 'NONE',  ( 1.000000000000000000, 0.000000000000000000, 0.000000000000000000 ) ) ;
#2560 = CARTESIAN_POINT ( 'NONE',  ( -0.09431023057885461192, -0.1434285714285715441, -1.185999999999999943 ) ) ;
#2561 = DIRECTION ( 'NONE',  ( -0.000000000000000000, -0.000000000000000000, -1.000000000000000000 ) ) ;
#2562 = ORIENTED_EDGE ( 'NONE', *, *, #1951, .F. ) ;
#2563 = FACE_OUTER_BOUND ( 'NONE', #1412, .T. ) ;
#2564 = CIRCLE ( 'NONE', #4462, 0.005740131578947353479 ) ;
#2565 = CARTESIAN_POINT ( 'NONE',  ( 0.2240000000000000324, 2.743208830090071273E-17, 0.000000000000000000 ) ) ;
#2566 = DIRECTION ( 'NONE',  ( -1.000000000000000000, 0.000000000000000000, 0.000000000000000000 ) ) ;
#2567 = CARTESIAN_POINT ( 'NONE',  ( 0.000000000000000000, -0.2179999999999999993, -0.6490000000000001323 ) ) ;
#2568 = CARTESIAN_POINT ( 'NONE',  ( 0.000000000000000000, 0.000000000000000000, 0.000000000000000000 ) ) ;
#2569 = CIRCLE ( 'NONE', #4851, 0.1854999999999999982 ) ;
#2570 = ADVANCED_FACE ( 'NONE', ( #2232 ), #3768, .T. ) ;
#2571 = EDGE_CURVE ( 'NONE', #670, #3521, #4534, .T. ) ;
#2572 = EDGE_CURVE ( 'NONE', #1261, #825, #4315, .T. ) ;
#2573 = ORIENTED_EDGE ( 'NONE', *, *, #1386, .F. ) ;
#2574 = CIRCLE ( 'NONE', #4233, 0.1754714285714285560 ) ;
#2575 = CARTESIAN_POINT ( 'NONE',  ( -0.2180000000000000826, 0.000000000000000000, -0.7150000000000001910 ) ) ;
#2576 = DIRECTION ( 'NONE',  ( 0.000000000000000000, 0.000000000000000000, -1.000000000000000000 ) ) ;
#2577 = ORIENTED_EDGE ( 'NONE', *, *, #2680, .F. ) ;
#2578 = ORIENTED_EDGE ( 'NONE', *, *, #4856, .F. ) ;
#2579 =( BOUNDED_CURVE ( )  B_SPLINE_CURVE ( 3, ( #4621, #1553, #1186, #1231 ),
 .UNSPECIFIED., .F., .T. ) 
 B_SPLINE_CURVE_WITH_KNOTS ( ( 4, 4 ),
 ( 5.273899115563844830, 5.334630530796096615 ),
 .UNSPECIFIED. ) 
 CURVE ( )  GEOMETRIC_REPRESENTATION_ITEM ( )  RATIONAL_B_SPLINE_CURVE ( ( 1.000000000000000000, 0.9996926648836124141, 0.9996926648836124141, 1.000000000000000000 ) ) 
 REPRESENTATION_ITEM ( '' )  );
#2580 = ORIENTED_EDGE ( 'NONE', *, *, #4564, .T. ) ;
#2581 = DIRECTION ( 'NONE',  ( 0.000000000000000000, 0.000000000000000000, 1.000000000000000000 ) ) ;
#2582 = ORIENTED_EDGE ( 'NONE', *, *, #764, .F. ) ;
#2583 = LINE ( 'NONE', #3380, #4783 ) ;
#2584 = CARTESIAN_POINT ( 'NONE',  ( 0.000000000000000000, 0.000000000000000000, -0.7200000000000000844 ) ) ;
#2585 = CARTESIAN_POINT ( 'NONE',  ( 0.1548646245976516012, 0.06071980048285317844, -1.310000000000000053 ) ) ;
#2586 = EDGE_LOOP ( 'NONE', ( #3331, #1189, #886, #587 ) ) ;
#2587 = CARTESIAN_POINT ( 'NONE',  ( 0.000000000000000000, 0.000000000000000000, -0.6490000000000001323 ) ) ;
#2588 = PLANE ( 'NONE',  #1510 ) ;
#2589 = PRODUCT_DEFINITION_CONTEXT ( 'detailed design', #832, 'design' ) ;
#2590 = CIRCLE ( 'NONE', #2829, 0.005000000000000014849 ) ;
#2591 = DIRECTION ( 'NONE',  ( -0.000000000000000000, -0.000000000000000000, -1.000000000000000000 ) ) ;
#2592 = DIRECTION ( 'NONE',  ( -1.000000000000000000, 0.000000000000000000, 0.000000000000000000 ) ) ;
#2593 = DIRECTION ( 'NONE',  ( -0.000000000000000000, -0.000000000000000000, 1.000000000000000000 ) ) ;
#2594 = EDGE_LOOP ( 'NONE', ( #1944, #2841, #840, #1008 ) ) ;
#2595 = CARTESIAN_POINT ( 'NONE',  ( 0.000000000000000000, 0.000000000000000000, -0.7150000000000001910 ) ) ;
#2596 = FACE_OUTER_BOUND ( 'NONE', #4047, .T. ) ;
#2597 = VERTEX_POINT ( 'NONE', #2702 ) ;
#2598 = ADVANCED_FACE ( 'NONE', ( #1288, #2473 ), #3477, .F. ) ;
#2599 = ORIENTED_EDGE ( 'NONE', *, *, #3723, .T. ) ;
#2600 = EDGE_CURVE ( 'NONE', #3075, #131, #3943, .T. ) ;
#2601 = EDGE_CURVE ( 'NONE', #2430, #4306, #914, .T. ) ;
#2602 = ORIENTED_EDGE ( 'NONE', *, *, #1752, .T. ) ;
#2603 = CARTESIAN_POINT ( 'NONE',  ( 0.1164126215248649648, -0.1114231050493680875, -1.431719387040335523 ) ) ;
#2604 = VERTEX_POINT ( 'NONE', #4557 ) ;
#2605 = COLOUR_RGB ( '',0.7921568627450980005, 0.8196078431372548767, 0.9333333333333333481 ) ;
#2606 = DIRECTION ( 'NONE',  ( 0.000000000000000000, 0.000000000000000000, 1.000000000000000000 ) ) ;
#2607 = AXIS2_PLACEMENT_3D ( 'NONE', #4143, #1167, #1097 ) ;
#2608 = DIRECTION ( 'NONE',  ( 1.000000000000000000, 0.000000000000000000, 0.000000000000000000 ) ) ;
#2609 = CARTESIAN_POINT ( 'NONE',  ( 0.000000000000000000, 0.000000000000000000, -1.458000000000000185 ) ) ;
#2610 = ORIENTED_EDGE ( 'NONE', *, *, #3401, .F. ) ;
#2611 = AXIS2_PLACEMENT_3D ( 'NONE', #2584, #180, #1445 ) ;
#2612 = ORIENTED_EDGE ( 'NONE', *, *, #27, .F. ) ;
#2613 = CYLINDRICAL_SURFACE ( 'NONE', #2834, 0.2179999999999999993 ) ;
#2614 = VECTOR ( 'NONE', #2716, 39.37007874015748143 ) ;
#2615 = CARTESIAN_POINT ( 'NONE',  ( -0.2240000000000000324, 0.05368618703747503329, -1.363999999999999879 ) ) ;
#2616 =( BOUNDED_CURVE ( )  B_SPLINE_CURVE ( 3, ( #4197, #3466, #72, #2967 ),
 .UNSPECIFIED., .F., .T. ) 
 B_SPLINE_CURVE_WITH_KNOTS ( ( 4, 4 ),
 ( 0.9485547763834897284, 1.009286191615741624 ),
 .UNSPECIFIED. ) 
 CURVE ( )  GEOMETRIC_REPRESENTATION_ITEM ( )  RATIONAL_B_SPLINE_CURVE ( ( 1.000000000000000000, 0.9996926648836124141, 0.9996926648836124141, 1.000000000000000000 ) ) 
 REPRESENTATION_ITEM ( '' )  );
#2617 = EDGE_CURVE ( 'NONE', #1261, #4178, #3691, .T. ) ;
#2618 = DIRECTION ( 'NONE',  ( -1.000000000000000000, 0.000000000000000000, 0.000000000000000000 ) ) ;
#2619 = FACE_OUTER_BOUND ( 'NONE', #1860, .T. ) ;
#2620 = CARTESIAN_POINT ( 'NONE',  ( 0.1130564995388950167, 0.09921804972938565170, -1.458000000000000185 ) ) ;
#2621 = FACE_OUTER_BOUND ( 'NONE', #4210, .T. ) ;
#2622 = AXIS2_PLACEMENT_3D ( 'NONE', #4592, #506, #927 ) ;
#2623 = ORIENTED_EDGE ( 'NONE', *, *, #4310, .F. ) ;
#2625 = EDGE_CURVE ( 'NONE', #234, #1511, #2252, .T. ) ;
#2624 = CARTESIAN_POINT ( 'NONE',  ( 0.000000000000000000, 0.000000000000000000, -0.7150000000000001910 ) ) ;
#2626 = VERTEX_POINT ( 'NONE', #3851 ) ;
#2627 = VERTEX_POINT ( 'NONE', #1961 ) ;
#2628 = CARTESIAN_POINT ( 'NONE',  ( -0.2179999999999999993, 0.000000000000000000, -0.6030000000000000915 ) ) ;
#2629 = ORIENTED_EDGE ( 'NONE', *, *, #142, .F. ) ;
#2630 = FACE_OUTER_BOUND ( 'NONE', #196, .T. ) ;
#2631 = CYLINDRICAL_SURFACE ( 'NONE', #1648, 0.2179999999999999993 ) ;
#2632 = DIRECTION ( 'NONE',  ( -1.000000000000000000, 0.000000000000000000, 0.000000000000000000 ) ) ;
#2633 = VERTEX_POINT ( 'NONE', #1164 ) ;
#2634 = ORIENTED_EDGE ( 'NONE', *, *, #3660, .F. ) ;
#2635 = CARTESIAN_POINT ( 'NONE',  ( 0.1548058280245449281, -0.06224051940676508798, -1.298324803100290081 ) ) ;
#2636 = FACE_OUTER_BOUND ( 'NONE', #818, .T. ) ;
#2637 = CARTESIAN_POINT ( 'NONE',  ( 0.2240000000000000324, 2.743208830090071273E-17, -0.7300000000000000933 ) ) ;
#2638 = CARTESIAN_POINT ( 'NONE',  ( 0.000000000000000000, 0.000000000000000000, -1.131999999999999895 ) ) ;
#2639 = CARTESIAN_POINT ( 'NONE',  ( 0.000000000000000000, 0.000000000000000000, 0.000000000000000000 ) ) ;
#2640 = CARTESIAN_POINT ( 'NONE',  ( 0.1174588720341970399, -0.1092467498743631277, -1.448428178383921905 ) ) ;
#2641 = AXIS2_PLACEMENT_3D ( 'NONE', #2826, #940, #570 ) ;
#2642 = ORIENTED_EDGE ( 'NONE', *, *, #646, .T. ) ;
#2643 = DIRECTION ( 'NONE',  ( 1.000000000000000000, 0.000000000000000000, -0.000000000000000000 ) ) ;
#2644 = ORIENTED_EDGE ( 'NONE', *, *, #4782, .T. ) ;
#2645 = AXIS2_PLACEMENT_3D ( 'NONE', #3637, #2095, #1397 ) ;
#2646 = CIRCLE ( 'NONE', #988, 0.005740131578947354346 ) ;
#2647 = ORIENTED_EDGE ( 'NONE', *, *, #3819, .T. ) ;
#2648 = FACE_OUTER_BOUND ( 'NONE', #448, .T. ) ;
#2649 = VERTEX_POINT ( 'NONE', #938 ) ;
#2650 = TOROIDAL_SURFACE ( 'NONE', #2897, 0.2149999999999999967, 0.005000000000000000104 ) ;
#2651 = DIRECTION ( 'NONE',  ( 0.000000000000000000, 0.000000000000000000, 1.000000000000000000 ) ) ;
#2652 = DIRECTION ( 'NONE',  ( 0.000000000000000000, 0.000000000000000000, -1.000000000000000000 ) ) ;
#2653 = PLANE ( 'NONE',  #548 ) ;
#2654 = DIMENSIONAL_EXPONENTS ( 1.000000000000000000, 0.000000000000000000, 0.000000000000000000, 0.000000000000000000, 0.000000000000000000, 0.000000000000000000, 0.000000000000000000 ) ;
#2655 = ORIENTED_EDGE ( 'NONE', *, *, #4112, .F. ) ;
#2656 = ORIENTED_EDGE ( 'NONE', *, *, #2083, .T. ) ;
#2657 = ADVANCED_FACE ( 'NONE', ( #4676 ), #4184, .T. ) ;
#2658 = EDGE_CURVE ( 'NONE', #1044, #135, #3488, .T. ) ;
#2659 = CARTESIAN_POINT ( 'NONE',  ( 0.000000000000000000, 0.000000000000000000, -1.131999999999999895 ) ) ;
#2660 = EDGE_CURVE ( 'NONE', #3505, #3384, #1, .T. ) ;
#2661 = EDGE_CURVE ( 'NONE', #1483, #3129, #325, .T. ) ;
#2662 = DIRECTION ( 'NONE',  ( 1.000000000000000000, 1.776356839400250465E-15, 0.000000000000000000 ) ) ;
#2663 = CARTESIAN_POINT ( 'NONE',  ( 0.2149999999999999967, 0.000000000000000000, -0.7730000000000000204 ) ) ;
#2664 = CARTESIAN_POINT ( 'NONE',  ( 0.000000000000000000, 0.000000000000000000, -0.7020000000000000684 ) ) ;
#2665 = DIRECTION ( 'NONE',  ( 0.000000000000000000, 0.000000000000000000, 1.000000000000000000 ) ) ;
#2666 = EDGE_CURVE ( 'NONE', #4145, #3968, #915, .T. ) ;
#2667 = VECTOR ( 'NONE', #3238, 39.37007874015748143 ) ;
#2668 = ORIENTED_EDGE ( 'NONE', *, *, #3653, .T. ) ;
#2669 = EDGE_CURVE ( 'NONE', #4306, #2430, #4815, .T. ) ;
#2670 = ORIENTED_EDGE ( 'NONE', *, *, #109, .T. ) ;
#2671 = CARTESIAN_POINT ( 'NONE',  ( -0.2240000000000000324, -0.1620546218487396439, -1.042999999999999705 ) ) ;
#2672 = B_SPLINE_CURVE_WITH_KNOTS ( 'NONE', 3,
 ( #4360, #963, #2104, #3621, #3454, #233 ),
 .UNSPECIFIED., .F., .F.,
 ( 4, 2, 4 ),
 ( -3.676705437102478298E-06, 0.0001898447870865416882, 0.0003833662796101858640 ),
 .UNSPECIFIED. ) ;
#2673 = ORIENTED_EDGE ( 'NONE', *, *, #55, .T. ) ;
#2674 = DIRECTION ( 'NONE',  ( 0.000000000000000000, 0.000000000000000000, 1.000000000000000000 ) ) ;
#2675 = AXIS2_PLACEMENT_3D ( 'NONE', #2480, #672, #3655 ) ;
#2676 = FACE_OUTER_BOUND ( 'NONE', #1772, .T. ) ;
#2677 = FACE_OUTER_BOUND ( 'NONE', #3948, .T. ) ;
#2678 = ORIENTED_EDGE ( 'NONE', *, *, #905, .T. ) ;
#2679 = AXIS2_PLACEMENT_3D ( 'NONE', #4459, #2576, #3229 ) ;
#2680 = EDGE_CURVE ( 'NONE', #3071, #3472, #3086, .T. ) ;
#2681 = ADVANCED_FACE ( 'NONE', ( #210 ), #1713, .F. ) ;
#2682 = ORIENTED_EDGE ( 'NONE', *, *, #1179, .T. ) ;
#2683 = DIRECTION ( 'NONE',  ( 1.000000000000000000, 0.000000000000000000, 0.000000000000000000 ) ) ;
#2684 = CARTESIAN_POINT ( 'NONE',  ( 0.1071001038576073483, -0.1272773109243698075, -1.310000000000000053 ) ) ;
#2685 = AXIS2_PLACEMENT_3D ( 'NONE', #4767, #4817, #2497 ) ;
#2686 = CARTESIAN_POINT ( 'NONE',  ( -0.07311675417812020517, -0.1620546218487395329, -1.042999999999999705 ) ) ;
#2687 = EDGE_CURVE ( 'NONE', #3533, #1695, #2672, .T. ) ;
#2688 = DIRECTION ( 'NONE',  ( -0.000000000000000000, -0.000000000000000000, -1.000000000000000000 ) ) ;
#2689 = AXIS2_PLACEMENT_3D ( 'NONE', #959, #1229, #4643 ) ;
#2690 = CYLINDRICAL_SURFACE ( 'NONE', #2697, 0.009999999999999892655 ) ;
#2691 = CARTESIAN_POINT ( 'NONE',  ( 0.000000000000000000, 0.000000000000000000, -0.7630000000000001226 ) ) ;
#2692 = ORIENTED_EDGE ( 'NONE', *, *, #1845, .T. ) ;
#2693 = CARTESIAN_POINT ( 'NONE',  ( -0.2240000000000000324, -0.1560227590656505237, -1.399000000000000021 ) ) ;
#2694 = CARTESIAN_POINT ( 'NONE',  ( 0.000000000000000000, 0.000000000000000000, -1.007999999999999785 ) ) ;
#2695 = VERTEX_POINT ( 'NONE', #2305 ) ;
#2696 = EDGE_LOOP ( 'NONE', ( #4135, #839 ) ) ;
#2697 = AXIS2_PLACEMENT_3D ( 'NONE', #4101, #2592, #1474 ) ;
#2698 = TOROIDAL_SURFACE ( 'NONE', #1040, 0.2190000000000000002, 0.005000000000000000104 ) ;
#2699 = ORIENTED_EDGE ( 'NONE', *, *, #1277, .F. ) ;
#2700 = FACE_OUTER_BOUND ( 'NONE', #2328, .T. ) ;
#2701 = ORIENTED_EDGE ( 'NONE', *, *, #3246, .F. ) ;
#2702 = CARTESIAN_POINT ( 'NONE',  ( -0.2179999999999999993, 0.000000000000000000, -0.6690000000000001501 ) ) ;
#2703 = ADVANCED_FACE ( 'NONE', ( #59 ), #1562, .T. ) ;
#2704 = CARTESIAN_POINT ( 'NONE',  ( 0.000000000000000000, 0.000000000000000000, 0.000000000000000000 ) ) ;
#2705 = CARTESIAN_POINT ( 'NONE',  ( 0.2240000000000000324, 2.743208830090071273E-17, -0.5980000000000000870 ) ) ;
#2706 = ORIENTED_EDGE ( 'NONE', *, *, #4173, .F. ) ;
#2707 = EDGE_LOOP ( 'NONE', ( #1936, #1890, #2380 ) ) ;
#2708 = FACE_OUTER_BOUND ( 'NONE', #542, .T. ) ;
#2709 = CARTESIAN_POINT ( 'NONE',  ( 0.09206620300054811634, -0.1458626143293828836, -1.167312831922802774 ) ) ;
#2710 = DIRECTION ( 'NONE',  ( 1.000000000000000000, -0.000000000000000000, -0.000000000000000000 ) ) ;
#2711 = DIRECTION ( 'NONE',  ( 0.000000000000000000, -1.000000000000000000, 0.000000000000000000 ) ) ;
#2712 = CARTESIAN_POINT ( 'NONE',  ( 0.1546283477921913674, 0.06527862401226496025, -1.274999999999999911 ) ) ;
#2713 = CARTESIAN_POINT ( 'NONE',  ( -0.1153128047270900736, 0.1135696391269667982, -1.415239544767158186 ) ) ;
#2714 = CARTESIAN_POINT ( 'NONE',  ( 0.000000000000000000, 0.000000000000000000, 0.3728178745531591232 ) ) ;
#2715 = CARTESIAN_POINT ( 'NONE',  ( -0.1174588720341970399, 0.1092467498743631277, -1.448428178383921905 ) ) ;
#2716 = DIRECTION ( 'NONE',  ( -0.000000000000000000, -0.000000000000000000, -1.000000000000000000 ) ) ;
#2717 = ORIENTED_EDGE ( 'NONE', *, *, #4261, .F. ) ;
#2718 = ORIENTED_EDGE ( 'NONE', *, *, #2234, .F. ) ;
#2719 = TOROIDAL_SURFACE ( 'NONE', #350, 0.2190000000000000002, 0.005000000000000000104 ) ;
#2720 = ADVANCED_FACE ( 'NONE', ( #4031 ), #3647, .F. ) ;
#2721 = TOROIDAL_SURFACE ( 'NONE', #3602, 0.2190000000000000002, 0.005000000000000000104 ) ;
#2722 = EDGE_CURVE ( 'NONE', #1837, #4189, #2899, .T. ) ;
#2723 = VERTEX_POINT ( 'NONE', #4401 ) ;
#2724 = LINE ( 'NONE', #1590, #834 ) ;
#2725 = ORIENTED_EDGE ( 'NONE', *, *, #2205, .F. ) ;
#2726 = CLOSED_SHELL ( 'NONE', ( #4362, #2884, #4833, #496, #3274, #1596, #4274, #2785, #4775, #1098, #512, #4140, #1699, #254, #1887, #2353, #217, #2879, #3706, #2338, #1159, #4772, #3913, #2085, #2877, #1790, #151, #3438, #1121, #4226, #3579, #1725, #3182, #4069, #1013, #566, #2384, #4054, #4053, #391, #4450, #4581, #902, #4565, #3592, #1173, #4633, #2264, #4714, #2510, #3822, #4733, #3821, #4202, #3190, #3910, #1935, #3555, #4774, #3546, #3502, #3356, #3639, #3939, #2598, #2703, #4328, #691, #25, #906, #435, #1230, #1810, #3032, #3342, #2203, #2878, #4572, #1635, #164, #3952, #541, #3215, #2781, #2448, #4096, #1419, #1744, #2208, #993, #4380, #935, #3767, #2570, #1791, #4329, #2041, #718, #127, #1999, #1815, #756, #515, #2940, #3206, #2657, #1054, #603, #4607, #4855, #2148, #3486, #4123, #3256, #1910, #1437, #1813, #1427, #2876, #97, #2517, #4416, #2001, #3335, #754, #3334, #2681, #2291, #2720, #2422, #3485, #921, #4507, #163, #1448, #2860, #1932, #31, #4081, #3564, #1093, #3572, #4461, #2175, #735, #4628, #2399, #1129, #3545, #1537, #256, #3212, #2255, #2360, #253, #1937, #199, #3848, #2904, #1997, #1417, #4480, #3244, #4224, #4330 ) ) ;
#2727 = EDGE_CURVE ( 'NONE', #1115, #2626, #710, .T. ) ;
#2728 = AXIS2_PLACEMENT_3D ( 'NONE', #560, #2540, #202 ) ;
#2729 = DIRECTION ( 'NONE',  ( 1.224646799147353207E-16, 1.000000000000000000, -0.000000000000000000 ) ) ;
#2730 = DIRECTION ( 'NONE',  ( 1.224646799147353207E-16, 1.000000000000000000, -0.000000000000000000 ) ) ;
#2731 = ORIENTED_EDGE ( 'NONE', *, *, #1418, .F. ) ;
#2732 = AXIS2_PLACEMENT_3D ( 'NONE', #2671, #3029, #1141 ) ;
#2733 = ORIENTED_EDGE ( 'NONE', *, *, #2351, .T. ) ;
#2734 = CARTESIAN_POINT ( 'NONE',  ( 0.000000000000000000, 0.000000000000000000, -0.6690000000000001501 ) ) ;
#2735 = DIRECTION ( 'NONE',  ( -1.000000000000000000, 0.000000000000000000, 0.000000000000000000 ) ) ;
#2736 = CARTESIAN_POINT ( 'NONE',  ( 0.000000000000000000, 0.000000000000000000, -0.05300000000000001932 ) ) ;
#2737 = LINE ( 'NONE', #2362, #2518 ) ;
#2738 = PLANE ( 'NONE',  #584 ) ;
#2739 = DIRECTION ( 'NONE',  ( 1.000000000000000000, 0.000000000000000000, -0.000000000000000000 ) ) ;
#2740 = DIRECTION ( 'NONE',  ( 1.000000000000000000, 0.000000000000000000, 0.000000000000000000 ) ) ;
#2741 = CARTESIAN_POINT ( 'NONE',  ( 0.000000000000000000, 0.000000000000000000, -0.4499999999999999556 ) ) ;
#2742 = DIRECTION ( 'NONE',  ( 1.000000000000000000, 0.000000000000000000, 0.000000000000000000 ) ) ;
#2743 = ORIENTED_EDGE ( 'NONE', *, *, #4877, .T. ) ;
#2744 = VERTEX_POINT ( 'NONE', #2871 ) ;
#2745 = CIRCLE ( 'NONE', #4567, 0.1854999999999999982 ) ;
#2746 = ORIENTED_EDGE ( 'NONE', *, *, #1541, .F. ) ;
#2747 = EDGE_CURVE ( 'NONE', #719, #3585, #4353, .T. ) ;
#2748 = VERTEX_POINT ( 'NONE', #4456 ) ;
#2749 = EDGE_CURVE ( 'NONE', #2744, #3520, #1762, .T. ) ;
#2750 = AXIS2_PLACEMENT_3D ( 'NONE', #2734, #1945, #3534 ) ;
#2751 = CIRCLE ( 'NONE', #4019, 0.2149999999999999967 ) ;
#2752 = AXIS2_PLACEMENT_3D ( 'NONE', #525, #3556, #165 ) ;
#2753 = DIRECTION ( 'NONE',  ( 1.000000000000000000, 0.000000000000000000, 0.000000000000000000 ) ) ;
#2754 = CYLINDRICAL_SURFACE ( 'NONE', #3243, 0.005740131578947353479 ) ;
#2755 = ORIENTED_EDGE ( 'NONE', *, *, #2554, .T. ) ;
#2756 = ORIENTED_EDGE ( 'NONE', *, *, #314, .T. ) ;
#2757 = CARTESIAN_POINT ( 'NONE',  ( -0.1180508365069896370, 0.1091342860131922360, -1.449291610608395064 ) ) ;
#2758 = CARTESIAN_POINT ( 'NONE',  ( 0.000000000000000000, 0.01324013157894735580, -1.458000000000000185 ) ) ;
#2759 = FACE_OUTER_BOUND ( 'NONE', #4529, .T. ) ;
#2760 = CARTESIAN_POINT ( 'NONE',  ( 0.2099999999999999367, 0.000000000000000000, -0.5450000000000000400 ) ) ;
#2761 = DIRECTION ( 'NONE',  ( -1.000000000000000000, -1.224646799147346798E-16, 0.000000000000000000 ) ) ;
#2762 =( BOUNDED_CURVE ( )  B_SPLINE_CURVE ( 3, ( #634, #2468, #2144, #3221 ),
 .UNSPECIFIED., .F., .T. ) 
 B_SPLINE_CURVE_WITH_KNOTS ( ( 4, 4 ),
 ( 0.0004757083362980828937, 0.5262724020848228434 ),
 .UNSPECIFIED. ) 
 CURVE ( )  GEOMETRIC_REPRESENTATION_ITEM ( )  RATIONAL_B_SPLINE_CURVE ( ( 1.000000000000000000, 0.9770938743522032954, 0.9770938743522032954, 1.000000000000000000 ) ) 
 REPRESENTATION_ITEM ( '' )  );
#2763 = DIRECTION ( 'NONE',  ( -0.000000000000000000, -0.000000000000000000, -1.000000000000000000 ) ) ;
#2764 = CIRCLE ( 'NONE', #4110, 0.1739714285714285547 ) ;
#2765 = CIRCLE ( 'NONE', #322, 0.2240000000000000324 ) ;
#2766 = EDGE_CURVE ( 'NONE', #2117, #777, #3725, .T. ) ;
#2767 = AXIS2_PLACEMENT_3D ( 'NONE', #4619, #490, #4694 ) ;
#2768 = DIRECTION ( 'NONE',  ( 1.000000000000000000, 3.552713678800500929E-15, 0.000000000000000000 ) ) ;
#2769 = CARTESIAN_POINT ( 'NONE',  ( -0.2179999999999999993, 0.000000000000000000, 0.000000000000000000 ) ) ;
#2770 = ORIENTED_EDGE ( 'NONE', *, *, #2351, .F. ) ;
#2771 = ORIENTED_EDGE ( 'NONE', *, *, #2625, .F. ) ;
#2772 = CIRCLE ( 'NONE', #3811, 0.2180000000000000826 ) ;
#2773 = EDGE_CURVE ( 'NONE', #2883, #989, #4502, .T. ) ;
#2774 = ORIENTED_EDGE ( 'NONE', *, *, #1873, .T. ) ;
#2775 = CARTESIAN_POINT ( 'NONE',  ( -0.2190000000000000002, 0.000000000000000000, -0.7530000000000000027 ) ) ;
#2776 = DIRECTION ( 'NONE',  ( -0.000000000000000000, -0.000000000000000000, -1.000000000000000000 ) ) ;
#2777 = ORIENTED_EDGE ( 'NONE', *, *, #814, .F. ) ;
#2778 = CIRCLE ( 'NONE', #796, 0.2190000000000000002 ) ;
#2779 = CARTESIAN_POINT ( 'NONE',  ( 0.000000000000000000, 0.000000000000000000, -0.7200000000000000844 ) ) ;
#2780 = CARTESIAN_POINT ( 'NONE',  ( -0.005545194838543994476, -0.01175691724979132519, -2.208000000000000185 ) ) ;
#2781 = ADVANCED_FACE ( 'NONE', ( #279 ), #1060, .T. ) ;
#2782 = VERTEX_POINT ( 'NONE', #4793 ) ;
#2783 = ORIENTED_EDGE ( 'NONE', *, *, #1909, .F. ) ;
#2784 = CARTESIAN_POINT ( 'NONE',  ( 0.000000000000000000, 0.000000000000000000, 0.000000000000000000 ) ) ;
#2785 = ADVANCED_FACE ( 'NONE', ( #3299 ), #326, .T. ) ;
#2786 = DIRECTION ( 'NONE',  ( 1.000000000000000000, 0.000000000000000000, 0.000000000000000000 ) ) ;
#2787 = EDGE_CURVE ( 'NONE', #4086, #4167, #3717, .T. ) ;
#2788 = AXIS2_PLACEMENT_3D ( 'NONE', #3721, #1406, #4403 ) ;
#2789 = DIRECTION ( 'NONE',  ( 1.000000000000000000, 0.000000000000000000, 0.000000000000000000 ) ) ;
#2790 = CARTESIAN_POINT ( 'NONE',  ( -0.1540272494696167671, -0.07231223745764317479, -1.220999999999999863 ) ) ;
#2791 = LINE ( 'NONE', #833, #2070 ) ;
#2792 = DIRECTION ( 'NONE',  ( -1.000000000000000000, 0.000000000000000000, 0.000000000000000000 ) ) ;
#2793 = FACE_OUTER_BOUND ( 'NONE', #790, .T. ) ;
#2794 = CARTESIAN_POINT ( 'NONE',  ( 0.000000000000000000, 0.000000000000000000, 0.3728178745531591232 ) ) ;
#2795 = ORIENTED_EDGE ( 'NONE', *, *, #1006, .F. ) ;
#2796 = DIRECTION ( 'NONE',  ( 0.000000000000000000, 0.000000000000000000, -1.000000000000000000 ) ) ;
#2797 = ORIENTED_EDGE ( 'NONE', *, *, #2766, .T. ) ;
#2798 = CARTESIAN_POINT ( 'NONE',  ( -0.2240000000000000324, 0.1388697478991597067, -1.220999999999999863 ) ) ;
#2799 = CARTESIAN_POINT ( 'NONE',  ( 0.2179999999999999993, 2.669730022141229935E-17, -0.5830000000000000737 ) ) ;
#2800 = CIRCLE ( 'NONE', #2402, 0.1716571428571428970 ) ;
#2801 = EDGE_LOOP ( 'NONE', ( #2644, #468 ) ) ;
#2802 = CIRCLE ( 'NONE', #3286, 0.2179999999999999993 ) ;
#2803 = FACE_OUTER_BOUND ( 'NONE', #4282, .T. ) ;
#2804 = DIRECTION ( 'NONE',  ( 0.000000000000000000, -0.1291610608394971327, 0.9916236283806550977 ) ) ;
#2805 = ORIENTED_EDGE ( 'NONE', *, *, #3699, .T. ) ;
#2806 = ORIENTED_EDGE ( 'NONE', *, *, #1330, .T. ) ;
#2807 = LINE ( 'NONE', #732, #4336 ) ;
#2808 = VECTOR ( 'NONE', #466, 39.37007874015748143 ) ;
#2809 = CARTESIAN_POINT ( 'NONE',  ( -0.2190000000000000002, 2.712592660111387510E-17, -0.7350000000000000977 ) ) ;
#2810 = AXIS2_PLACEMENT_3D ( 'NONE', #3727, #4408, #994 ) ;
#2811 = AXIS2_PLACEMENT_3D ( 'NONE', #4513, #3707, #1095 ) ;
#2812 = CARTESIAN_POINT ( 'NONE',  ( -0.02339240769683319232, 0.1854999999999999705, -0.8630000000000002114 ) ) ;
#2813 = EDGE_CURVE ( 'NONE', #375, #4183, #708, .T. ) ;
#2814 = CARTESIAN_POINT ( 'NONE',  ( 0.000000000000000000, 0.000000000000000000, -0.5650000000000000577 ) ) ;
#2815 = CARTESIAN_POINT ( 'NONE',  ( -0.1549940823588926708, 0.05368618703747503329, -1.363999999999999879 ) ) ;
#2816 = EDGE_CURVE ( 'NONE', #3827, #4370, #2851, .T. ) ;
#2817 = EDGE_CURVE ( 'NONE', #4405, #4367, #711, .T. ) ;
#2818 = CARTESIAN_POINT ( 'NONE',  ( 0.000000000000000000, 0.000000000000000000, -1.042999999999999705 ) ) ;
#2819 = AXIS2_PLACEMENT_3D ( 'NONE', #1888, #2652, #3034 ) ;
#2820 = CARTESIAN_POINT ( 'NONE',  ( 0.000000000000000000, 0.000000000000000000, -0.01000000000000002970 ) ) ;
#2821 = DIRECTION ( 'NONE',  ( 0.000000000000000000, 0.000000000000000000, -1.000000000000000000 ) ) ;
#2822 = ORIENTED_EDGE ( 'NONE', *, *, #1974, .F. ) ;
#2823 = EDGE_CURVE ( 'NONE', #4125, #3505, #3694, .T. ) ;
#2824 = DIRECTION ( 'NONE',  ( -0.000000000000000000, -0.000000000000000000, -1.000000000000000000 ) ) ;
#2825 = ORIENTED_EDGE ( 'NONE', *, *, #3306, .T. ) ;
#2826 = CARTESIAN_POINT ( 'NONE',  ( 0.000000000000000000, 0.000000000000000000, -0.7730000000000000204 ) ) ;
#2827 = CARTESIAN_POINT ( 'NONE',  ( 0.000000000000000000, 0.000000000000000000, 0.000000000000000000 ) ) ;
#2828 = ORIENTED_EDGE ( 'NONE', *, *, #3914, .T. ) ;
#2829 = AXIS2_PLACEMENT_3D ( 'NONE', #3563, #877, #4298 ) ;
#2830 = EDGE_CURVE ( 'NONE', #2089, #3450, #2262, .T. ) ;
#2831 = DIRECTION ( 'NONE',  ( 0.000000000000000000, -0.9916236283806552088, 0.1291610608394971882 ) ) ;
#2832 = DIRECTION ( 'NONE',  ( 1.000000000000000000, 0.000000000000000000, 0.000000000000000000 ) ) ;
#2833 = ORIENTED_EDGE ( 'NONE', *, *, #1701, .T. ) ;
#2834 = AXIS2_PLACEMENT_3D ( 'NONE', #2238, #3414, #413 ) ;
#2835 = ORIENTED_EDGE ( 'NONE', *, *, #866, .T. ) ;
#2836 = DIRECTION ( 'NONE',  ( 1.000000000000000000, 0.000000000000000000, -0.000000000000000000 ) ) ;
#2837 = DIRECTION ( 'NONE',  ( -1.000000000000000000, 0.000000000000000000, 0.000000000000000000 ) ) ;
#2838 = EDGE_CURVE ( 'NONE', #3450, #2627, #2764, .T. ) ;
#2839 = EDGE_CURVE ( 'NONE', #3445, #3533, #3392, .T. ) ;
#2840 = FACE_OUTER_BOUND ( 'NONE', #2281, .T. ) ;
#2841 = ORIENTED_EDGE ( 'NONE', *, *, #3011, .F. ) ;
#2842 = FACE_OUTER_BOUND ( 'NONE', #3646, .T. ) ;
#2843 = DIRECTION ( 'NONE',  ( -0.000000000000000000, -0.000000000000000000, -1.000000000000000000 ) ) ;
#2844 = CARTESIAN_POINT ( 'NONE',  ( -0.1549259135372738627, -0.04912736350806327923, -1.399000000000000021 ) ) ;
#2845 = AXIS2_PLACEMENT_3D ( 'NONE', #623, #3993, #221 ) ;
#2846 = CARTESIAN_POINT ( 'NONE',  ( -0.2179999999999999993, 0.000000000000000000, 0.000000000000000000 ) ) ;
#2847 = CIRCLE ( 'NONE', #3407, 0.1777857142857142969 ) ;
#2848 = VERTEX_POINT ( 'NONE', #4500 ) ;
#2849 = AXIS2_PLACEMENT_3D ( 'NONE', #749, #1127, #2632 ) ;
#2850 = DIRECTION ( 'NONE',  ( 1.000000000000000000, 0.000000000000000000, 0.000000000000000000 ) ) ;
#2851 = CIRCLE ( 'NONE', #1343, 0.005740131578947353479 ) ;
#2852 = ORIENTED_EDGE ( 'NONE', *, *, #3611, .T. ) ;
#2853 = VECTOR ( 'NONE', #2050, 39.37007874015748143 ) ;
#2854 = CARTESIAN_POINT ( 'NONE',  ( 0.2099999999999999922, 0.000000000000000000, -0.8040000000000000480 ) ) ;
#2855 = EDGE_LOOP ( 'NONE', ( #2647, #78, #2055, #576 ) ) ;
#2856 = AXIS2_PLACEMENT_3D ( 'NONE', #181, #1631, #3542 ) ;
#2857 = CARTESIAN_POINT ( 'NONE',  ( 0.000000000000000000, 0.000000000000000000, -1.363999999999999879 ) ) ;
#2858 = DIRECTION ( 'NONE',  ( -0.3835036352954675487, 4.696564994259681922E-17, 0.9235393666299021032 ) ) ;
#2859 = ORIENTED_EDGE ( 'NONE', *, *, #451, .T. ) ;
#2860 = ADVANCED_FACE ( 'NONE', ( #3368 ), #808, .F. ) ;
#2861 = ORIENTED_EDGE ( 'NONE', *, *, #3207, .F. ) ;
#2862 = CIRCLE ( 'NONE', #563, 0.2190000000000000002 ) ;
#2864 = AXIS2_PLACEMENT_3D ( 'NONE', #1778, #2915, #4738 ) ;
#2863 = DIRECTION ( 'NONE',  ( 1.000000000000000000, 0.000000000000000000, 0.000000000000000000 ) ) ;
#2865 = VERTEX_POINT ( 'NONE', #2317 ) ;
#2866 = DIRECTION ( 'NONE',  ( 0.000000000000000000, -0.9916236283806552088, 0.1291610608394971604 ) ) ;
#2867 = CARTESIAN_POINT ( 'NONE',  ( -0.2240000000000000324, -0.1318361344537815338, -1.274999999999999911 ) ) ;
#2868 = CARTESIAN_POINT ( 'NONE',  ( 0.000000000000000000, -0.2240000000000000324, -0.7350000000000000977 ) ) ;
#2869 = DIRECTION ( 'NONE',  ( -0.000000000000000000, -0.000000000000000000, -1.000000000000000000 ) ) ;
#2870 = ORIENTED_EDGE ( 'NONE', *, *, #1299, .F. ) ;
#2871 = CARTESIAN_POINT ( 'NONE',  ( -0.1534829458819508552, -0.07687106098705495660, -1.185999999999999943 ) ) ;
#2872 = ORIENTED_EDGE ( 'NONE', *, *, #3547, .T. ) ;
#2873 = CARTESIAN_POINT ( 'NONE',  ( -0.2240000000000000324, -0.08390467443243311563, -1.131999999999999895 ) ) ;
#2874 = DIRECTION ( 'NONE',  ( 0.000000000000000000, 0.000000000000000000, 1.000000000000000000 ) ) ;
#2875 = ORIENTED_EDGE ( 'NONE', *, *, #3354, .T. ) ;
#2876 = ADVANCED_FACE ( 'NONE', ( #4881 ), #4598, .F. ) ;
#2877 = ADVANCED_FACE ( 'NONE', ( #1901 ), #2452, .T. ) ;
#2878 = ADVANCED_FACE ( 'NONE', ( #1475, #763 ), #46, .F. ) ;
#2879 = ADVANCED_FACE ( 'NONE', ( #1504 ), #1104, .T. ) ;
#2880 = DIRECTION ( 'NONE',  ( 0.000000000000000000, -1.000000000000000000, 0.000000000000000000 ) ) ;
#2881 = LINE ( 'NONE', #312, #3320 ) ;
#2882 = ORIENTED_EDGE ( 'NONE', *, *, #2383, .T. ) ;
#2883 = VERTEX_POINT ( 'NONE', #1927 ) ;
#2884 = ADVANCED_FACE ( 'NONE', ( #388 ), #627, .T. ) ;
#2885 = CARTESIAN_POINT ( 'NONE',  ( 0.000000000000000000, 0.000000000000000000, -0.6209999999999999964 ) ) ;
#2886 = AXIS2_PLACEMENT_3D ( 'NONE', #2341, #4667, #462 ) ;
#2887 = AXIS2_PLACEMENT_3D ( 'NONE', #2034, #2106, #4311 ) ;
#2888 = FACE_OUTER_BOUND ( 'NONE', #1705, .T. ) ;
#2889 = DIRECTION ( 'NONE',  ( -1.000000000000000000, 0.000000000000000000, 0.000000000000000000 ) ) ;
#2890 = ORIENTED_EDGE ( 'NONE', *, *, #3183, .T. ) ;
#2891 = DIRECTION ( 'NONE',  ( -0.000000000000000000, -0.000000000000000000, -1.000000000000000000 ) ) ;
#2892 = AXIS2_PLACEMENT_3D ( 'NONE', #1802, #2937, #3316 ) ;
#2893 = DIRECTION ( 'NONE',  ( -0.000000000000000000, -0.000000000000000000, -1.000000000000000000 ) ) ;
#2894 = DIRECTION ( 'NONE',  ( -1.000000000000000000, 0.000000000000000000, 0.000000000000000000 ) ) ;
#2895 = VECTOR ( 'NONE', #2329, 39.37007874015748143 ) ;
#2896 = CYLINDRICAL_SURFACE ( 'NONE', #1428, 0.2099999999999999922 ) ;
#2897 = AXIS2_PLACEMENT_3D ( 'NONE', #4182, #425, #722 ) ;
#2898 = ORIENTED_EDGE ( 'NONE', *, *, #1792, .F. ) ;
#2899 = LINE ( 'NONE', #640, #551 ) ;
#2900 = ORIENTED_EDGE ( 'NONE', *, *, #3653, .F. ) ;
#2901 = CARTESIAN_POINT ( 'NONE',  ( 0.08221136903435510845, -0.1550210084033614710, -1.096999999999999753 ) ) ;
#2902 = DIRECTION ( 'NONE',  ( 1.000000000000000000, 0.000000000000000000, 0.000000000000000000 ) ) ;
#2903 = EDGE_LOOP ( 'NONE', ( #1083, #3254, #3931, #79 ) ) ;
#2904 = ADVANCED_FACE ( 'NONE', ( #1136 ), #835, .F. ) ;
#2905 = CARTESIAN_POINT ( 'NONE',  ( 0.000000000000000000, 0.000000000000000000, -0.7630000000000001226 ) ) ;
#2906 = CARTESIAN_POINT ( 'NONE',  ( 2.449293598294706769E-18, 0.000000000000000000, -0.09800000000000000377 ) ) ;
#2907 = VERTEX_POINT ( 'NONE', #4177 ) ;
#2908 = ORIENTED_EDGE ( 'NONE', *, *, #4782, .F. ) ;
#2909 = DIRECTION ( 'NONE',  ( 1.000000000000000000, 0.000000000000000000, 0.000000000000000000 ) ) ;
#2910 = CIRCLE ( 'NONE', #3387, 0.1168110236220472470 ) ;
#2911 = FACE_OUTER_BOUND ( 'NONE', #3584, .T. ) ;
#2912 = ORIENTED_EDGE ( 'NONE', *, *, #1028, .F. ) ;
#2913 = VECTOR ( 'NONE', #4608, 39.37007874015748143 ) ;
#2914 = DIRECTION ( 'NONE',  ( -1.000000000000000000, 0.000000000000000000, 0.000000000000000000 ) ) ;
#2915 = DIRECTION ( 'NONE',  ( -0.000000000000000000, -0.000000000000000000, -1.000000000000000000 ) ) ;
#2916 = CARTESIAN_POINT ( 'NONE',  ( 0.08733377858618662781, -0.1504621848739496892, -1.131999999999999895 ) ) ;
#2917 = CARTESIAN_POINT ( 'NONE',  ( 0.000000000000000000, 0.000000000000000000, -1.310000000000000053 ) ) ;
#2918 = EDGE_CURVE ( 'NONE', #3278, #65, #3672, .T. ) ;
#2919 = DIRECTION ( 'NONE',  ( 1.000000000000000000, 0.000000000000000000, 0.000000000000000000 ) ) ;
#2920 = ORIENTED_EDGE ( 'NONE', *, *, #2509, .F. ) ;
#2921 = AXIS2_PLACEMENT_3D ( 'NONE', #4770, #1407, #1435 ) ;
#2922 = CARTESIAN_POINT ( 'NONE',  ( 0.0002500000000000000594, -0.2240393700787401965, -2.207500000000000018 ) ) ;
#2923 = DIRECTION ( 'NONE',  ( 0.000000000000000000, 0.000000000000000000, 1.000000000000000000 ) ) ;
#2924 = VERTEX_POINT ( 'NONE', #2343 ) ;
#2925 = VECTOR ( 'NONE', #3916, 39.37007874015748143 ) ;
#2926 = ORIENTED_EDGE ( 'NONE', *, *, #3455, .T. ) ;
#2927 = LINE ( 'NONE', #1745, #1308 ) ;
#2928 = DIRECTION ( 'NONE',  ( 1.000000000000000000, 0.000000000000000000, 0.000000000000000000 ) ) ;
#2929 = VECTOR ( 'NONE', #1328, 39.37007874015748143 ) ;
#2930 = ORIENTED_EDGE ( 'NONE', *, *, #3139, .F. ) ;
#2931 = VERTEX_POINT ( 'NONE', #345 ) ;
#2932 = CIRCLE ( 'NONE', #1669, 0.1604102209264033352 ) ;
#2933 = EDGE_CURVE ( 'NONE', #1354, #4603, #4153, .T. ) ;
#2934 = CARTESIAN_POINT ( 'NONE',  ( -0.1549259135372738627, -0.04912736350806327923, -1.399000000000000021 ) ) ;
#2935 = DIRECTION ( 'NONE',  ( -1.000000000000000000, 0.000000000000000000, 0.000000000000000000 ) ) ;
#2936 = VERTEX_POINT ( 'NONE', #3045 ) ;
#2937 = DIRECTION ( 'NONE',  ( -0.000000000000000000, -0.000000000000000000, -1.000000000000000000 ) ) ;
#2938 = AXIS2_PLACEMENT_3D ( 'NONE', #1156, #3741, #807 ) ;
#2939 = EDGE_CURVE ( 'NONE', #844, #4214, #4548, .T. ) ;
#2940 = ADVANCED_FACE ( 'NONE', ( #2621 ), #1741, .T. ) ;
#2941 = DIRECTION ( 'NONE',  ( -0.000000000000000000, -0.000000000000000000, 1.000000000000000000 ) ) ;
#2942 = EDGE_CURVE ( 'NONE', #3585, #719, #2526, .T. ) ;
#2943 = DIRECTION ( 'NONE',  ( -1.000000000000000000, 0.000000000000000000, 0.000000000000000000 ) ) ;
#2944 = AXIS2_PLACEMENT_3D ( 'NONE', #4570, #2220, #4477 ) ;
#2945 = DIRECTION ( 'NONE',  ( 1.000000000000000000, -0.000000000000000000, -0.000000000000000000 ) ) ;
#2946 = DIRECTION ( 'NONE',  ( 1.000000000000000000, 0.000000000000000000, 0.000000000000000000 ) ) ;
#2947 = EDGE_LOOP ( 'NONE', ( #2137, #4584, #3198, #1606 ) ) ;
#2948 = LINE ( 'NONE', #2154, #4453 ) ;
#2949 = DIRECTION ( 'NONE',  ( 1.224646799147353207E-16, 1.000000000000000000, -0.000000000000000000 ) ) ;
#2950 = ORIENTED_EDGE ( 'NONE', *, *, #1729, .F. ) ;
#2951 = ORIENTED_EDGE ( 'NONE', *, *, #2542, .T. ) ;
#2952 = DIRECTION ( 'NONE',  ( 0.000000000000000000, 0.000000000000000000, 1.000000000000000000 ) ) ;
#2953 =( CONVERSION_BASED_UNIT ( 'INCH', #1441 ) LENGTH_UNIT ( ) NAMED_UNIT ( #1168 ) );
#2954 = EDGE_LOOP ( 'NONE', ( #3346, #2082, #2064, #373 ) ) ;
#2955 = CARTESIAN_POINT ( 'NONE',  ( -0.2240000000000000324, -0.1854999999999999982, -0.8630000000000002114 ) ) ;
#2956 = CARTESIAN_POINT ( 'NONE',  ( 0.2099999999999999922, 2.571758278209441587E-17, -0.8000125210645688822 ) ) ;
#2957 = CARTESIAN_POINT ( 'NONE',  ( 0.000000000000000000, 0.000000000000000000, -1.399000000000000021 ) ) ;
#2958 = EDGE_LOOP ( 'NONE', ( #2852, #700 ) ) ;
#2959 = AXIS2_PLACEMENT_3D ( 'NONE', #2118, #957, #978 ) ;
#2960 = CARTESIAN_POINT ( 'NONE',  ( 0.000000000000000000, 0.000000000000000000, -0.7300000000000000933 ) ) ;
#2961 = TOROIDAL_SURFACE ( 'NONE', #821, 0.1999999999999999556, 0.01000000000000000021 ) ;
#2962 = CARTESIAN_POINT ( 'NONE',  ( 0.000000000000000000, 0.000000000000000000, -0.5830000000000000737 ) ) ;
#2963 = EDGE_CURVE ( 'NONE', #1958, #2633, #3166, .T. ) ;
#2964 = EDGE_CURVE ( 'NONE', #4306, #3179, #3113, .T. ) ;
#2965 = EDGE_CURVE ( 'NONE', #499, #2744, #2284, .T. ) ;
#2966 = CARTESIAN_POINT ( 'NONE',  ( 0.2190000000000000002, 0.000000000000000000, -0.7630000000000001226 ) ) ;
#2967 = CARTESIAN_POINT ( 'NONE',  ( 0.1115653416679154575, 0.1202436974789916208, -1.363999999999999879 ) ) ;
#2968 = CARTESIAN_POINT ( 'NONE',  ( 0.1524009959533437486, 0.08390467443243304624, -1.131999999999999895 ) ) ;
#2969 = AXIS2_PLACEMENT_3D ( 'NONE', #1706, #2891, #1026 ) ;
#2970 = ORIENTED_EDGE ( 'NONE', *, *, #764, .T. ) ;
#2971 = AXIS2_PLACEMENT_3D ( 'NONE', #4700, #3123, #4286 ) ;
#2972 = CARTESIAN_POINT ( 'NONE',  ( 0.1038771310065983167, -0.1318361344537815893, -1.274999999999999911 ) ) ;
#2973 = FACE_BOUND ( 'NONE', #2696, .T. ) ;
#2974 = VERTEX_POINT ( 'NONE', #908 ) ;
#2975 = EDGE_LOOP ( 'NONE', ( #2258, #2466, #4780, #4136 ) ) ;
#2976 = DIRECTION ( 'NONE',  ( -1.000000000000000000, 0.000000000000000000, 0.000000000000000000 ) ) ;
#2977 = EDGE_LOOP ( 'NONE', ( #1589, #1046 ) ) ;
#2978 = DIRECTION ( 'NONE',  ( -1.000000000000000000, 0.000000000000000000, 0.000000000000000000 ) ) ;
#2979 = EDGE_CURVE ( 'NONE', #4448, #1761, #125, .T. ) ;
#2980 = CARTESIAN_POINT ( 'NONE',  ( 0.000000000000000000, 0.000000000000000000, -0.6870000000000000551 ) ) ;
#2981 = CARTESIAN_POINT ( 'NONE',  ( -0.1101443975884641990, 0.1226357439655119397, -1.345635256006715075 ) ) ;
#2982 = ORIENTED_EDGE ( 'NONE', *, *, #715, .F. ) ;
#2983 = ORIENTED_EDGE ( 'NONE', *, *, #3742, .T. ) ;
#2984 = DIRECTION ( 'NONE',  ( -1.000000000000000000, 1.224646799147353454E-16, 0.000000000000000000 ) ) ;
#2985 = DIRECTION ( 'NONE',  ( -0.000000000000000000, 0.000000000000000000, -1.000000000000000000 ) ) ;
#2986 = PRODUCT_DEFINITION_SHAPE ( 'NONE', 'NONE',  #2412 ) ;
#2987 = EDGE_CURVE ( 'NONE', #3321, #474, #586, .T. ) ;
#2988 = AXIS2_PLACEMENT_3D ( 'NONE', #1301, #95, #1704 ) ;
#2989 = CARTESIAN_POINT ( 'NONE',  ( 0.1151354305776363801, -0.1038443570180294928, -1.457181311342514718 ) ) ;
#2990 = CARTESIAN_POINT ( 'NONE',  ( -0.1499602011100213961, -0.09549711140722307035, -1.042999999999999705 ) ) ;
#2991 = CARTESIAN_POINT ( 'NONE',  ( 0.000000000000000000, 0.000000000000000000, -1.458000000000000185 ) ) ;
#2992 = CIRCLE ( 'NONE', #3391, 0.02000000000000005940 ) ;
#2993 = DIRECTION ( 'NONE',  ( -0.000000000000000000, -0.000000000000000000, -1.000000000000000000 ) ) ;
#2994 = AXIS2_PLACEMENT_3D ( 'NONE', #2779, #922, #4290 ) ;
#2995 = VERTEX_POINT ( 'NONE', #2075 ) ;
#2996 = DIRECTION ( 'NONE',  ( 1.224646799147353207E-16, 1.000000000000000000, -0.000000000000000000 ) ) ;
#2997 = DIRECTION ( 'NONE',  ( -1.000000000000000000, 0.000000000000000000, 0.000000000000000000 ) ) ;
#2998 = EDGE_LOOP ( 'NONE', ( #1793, #3589, #346, #132 ) ) ;
#2999 = ORIENTED_EDGE ( 'NONE', *, *, #1206, .F. ) ;
#3000 = CIRCLE ( 'NONE', #2523, 0.04550000000000000572 ) ;
#3001 = EDGE_LOOP ( 'NONE', ( #2127, #1433, #3285, #2190, #4803, #1092, #26, #1633 ) ) ;
#3002 = FACE_OUTER_BOUND ( 'NONE', #690, .T. ) ;
#3003 = ORIENTED_EDGE ( 'NONE', *, *, #1207, .F. ) ;
#3004 = VECTOR ( 'NONE', #4698, 39.37007874015748143 ) ;
#3005 = CIRCLE ( 'NONE', #2921, 0.2240000000000000324 ) ;
#3006 = DIRECTION ( 'NONE',  ( -0.000000000000000000, -0.000000000000000000, -1.000000000000000000 ) ) ;
#3007 = AXIS2_PLACEMENT_3D ( 'NONE', #4635, #526, #2038 ) ;
#3008 = CIRCLE ( 'NONE', #1352, 0.1640285714285714402 ) ;
#3009 = LINE ( 'NONE', #4558, #2913 ) ;
#3010 = CARTESIAN_POINT ( 'NONE',  ( -0.1174615737310077540, 0.1091342860131922360, -1.449291610608395064 ) ) ;
#3011 = EDGE_CURVE ( 'NONE', #474, #612, #3196, .T. ) ;
#3012 = EDGE_LOOP ( 'NONE', ( #892, #3326 ) ) ;
#3013 = ORIENTED_EDGE ( 'NONE', *, *, #1478, .T. ) ;
#3014 = CARTESIAN_POINT ( 'NONE',  ( -0.1140929253262023130, -0.1015071617568093221, -1.458000000000000185 ) ) ;
#3015 = CIRCLE ( 'NONE', #3652, 0.1739714285714285547 ) ;
#3016 = CARTESIAN_POINT ( 'NONE',  ( 0.000000000000000000, 0.000000000000000000, -1.363999999999999879 ) ) ;
#3017 = DIRECTION ( 'NONE',  ( 0.000000000000000000, -0.000000000000000000, 1.000000000000000000 ) ) ;
#3018 = DIRECTION ( 'NONE',  ( -1.000000000000000000, 0.000000000000000000, 0.000000000000000000 ) ) ;
#3019 = FACE_OUTER_BOUND ( 'NONE', #2586, .T. ) ;
#3020 = CARTESIAN_POINT ( 'NONE',  ( 0.1174778889207216126, -0.1091717148729781511, -1.449004253555845390 ) ) ;
#3021 = AXIS2_PLACEMENT_3D ( 'NONE', #3561, #530, #4242 ) ;
#3022 = PLANE ( 'NONE',  #405 ) ;
#3023 = ORIENTED_EDGE ( 'NONE', *, *, #3371, .T. ) ;
#3024 = AXIS2_PLACEMENT_3D ( 'NONE', #4656, #1293, #4236 ) ;
#3025 = VECTOR ( 'NONE', #3301, 39.37007874015748143 ) ;
#3026 = EDGE_CURVE ( 'NONE', #989, #2227, #4636, .T. ) ;
#3027 = ORIENTED_EDGE ( 'NONE', *, *, #310, .F. ) ;
#3028 = EDGE_CURVE ( 'NONE', #1511, #1584, #635, .T. ) ;
#3029 = DIRECTION ( 'NONE',  ( 0.000000000000000000, 0.000000000000000000, -1.000000000000000000 ) ) ;
#3030 = EDGE_CURVE ( 'NONE', #714, #3505, #172, .T. ) ;
#3031 = ORIENTED_EDGE ( 'NONE', *, *, #845, .F. ) ;
#3032 = ADVANCED_FACE ( 'NONE', ( #3222 ), #2393, .T. ) ;
#3033 = CARTESIAN_POINT ( 'NONE',  ( 0.2240000000000000324, 2.743208830090071273E-17, 0.000000000000000000 ) ) ;
#3034 = DIRECTION ( 'NONE',  ( -1.000000000000000000, 0.000000000000000000, -0.000000000000000000 ) ) ;
#3035 = CARTESIAN_POINT ( 'NONE',  ( -0.1491866468302167903, 0.09854243966153426737, -1.019619737918513236 ) ) ;
#3036 = ORIENTED_EDGE ( 'NONE', *, *, #3760, .T. ) ;
#3037 = EDGE_CURVE ( 'NONE', #3670, #1720, #4354, .T. ) ;
#3038 = ORIENTED_EDGE ( 'NONE', *, *, #4816, .F. ) ;
#3039 = FACE_OUTER_BOUND ( 'NONE', #1139, .T. ) ;
#3040 = LINE ( 'NONE', #2239, #486 ) ;
#3041 = CIRCLE ( 'NONE', #3121, 0.1739714285714285547 ) ;
#3042 = CARTESIAN_POINT ( 'NONE',  ( 0.1499602011100213961, -0.09549711140722307035, -1.042999999999999705 ) ) ;
#3043 = CARTESIAN_POINT ( 'NONE',  ( 0.000000000000000000, 0.000000000000000000, -0.7200000000000000844 ) ) ;
#3044 = DIRECTION ( 'NONE',  ( -0.000000000000000000, -0.000000000000000000, 1.000000000000000000 ) ) ;
#3045 = CARTESIAN_POINT ( 'NONE',  ( 0.1318110236220472464, 1.614219481710762929E-17, -0.05300000000000001932 ) ) ;
#3046 = SURFACE_SIDE_STYLE ('',( #4862 ) ) ;
#3047 = ORIENTED_EDGE ( 'NONE', *, *, #1568, .F. ) ;
#3048 = ORIENTED_EDGE ( 'NONE', *, *, #538, .F. ) ;
#3049 = AXIS2_PLACEMENT_3D ( 'NONE', #4324, #931, #2440 ) ;
#3050 = VECTOR ( 'NONE', #1864, 39.37007874015748143 ) ;
#3051 = EDGE_LOOP ( 'NONE', ( #1012, #4385, #2481, #1987 ) ) ;
#3052 = CARTESIAN_POINT ( 'NONE',  ( 0.000000000000000000, 0.000000000000000000, -0.6820000000000001616 ) ) ;
#3053 = ORIENTED_EDGE ( 'NONE', *, *, #583, .T. ) ;
#3054 = AXIS2_PLACEMENT_3D ( 'NONE', #1516, #2306, #377 ) ;
#3055 = CARTESIAN_POINT ( 'NONE',  ( 0.2190000000000000002, 0.000000000000000000, -0.6640000000000002567 ) ) ;
#3056 = EDGE_CURVE ( 'NONE', #2231, #2748, #3409, .T. ) ;
#3057 = DIRECTION ( 'NONE',  ( -1.000000000000000000, 1.224646799147354933E-16, 0.000000000000000000 ) ) ;
#3058 = FACE_OUTER_BOUND ( 'NONE', #3838, .T. ) ;
#3059 = ORIENTED_EDGE ( 'NONE', *, *, #2601, .F. ) ;
#3060 = ORIENTED_EDGE ( 'NONE', *, *, #913, .F. ) ;
#3061 = CARTESIAN_POINT ( 'NONE',  ( 0.1153128047270900597, 0.1135696391269668121, -1.415239544767158186 ) ) ;
#3062 = CARTESIAN_POINT ( 'NONE',  ( 0.000000000000000000, 0.000000000000000000, 0.3728178745531591232 ) ) ;
#3063 = DIRECTION ( 'NONE',  ( -0.000000000000000000, -0.000000000000000000, -1.000000000000000000 ) ) ;
#3064 = FACE_OUTER_BOUND ( 'NONE', #2954, .T. ) ;
#3065 = PLANE ( 'NONE',  #2545 ) ;
#3066 = DIRECTION ( 'NONE',  ( 1.000000000000000000, 0.000000000000000000, 0.000000000000000000 ) ) ;
#3067 = CARTESIAN_POINT ( 'NONE',  ( 0.08221136903435510845, -0.1550210084033614710, -1.096999999999999753 ) ) ;
#3068 = FACE_OUTER_BOUND ( 'NONE', #431, .T. ) ;
#3069 = CIRCLE ( 'NONE', #613, 0.01000000000000000021 ) ;
#3070 = EDGE_CURVE ( 'NONE', #4181, #2883, #2229, .T. ) ;
#3071 = VERTEX_POINT ( 'NONE', #3962 ) ;
#3072 = VERTEX_POINT ( 'NONE', #4670 ) ;
#3073 = ORIENTED_EDGE ( 'NONE', *, *, #3397, .F. ) ;
#3074 = DIRECTION ( 'NONE',  ( -1.000000000000000000, 0.000000000000000000, 0.000000000000000000 ) ) ;
#3075 = VERTEX_POINT ( 'NONE', #1283 ) ;
#3076 = DIRECTION ( 'NONE',  ( -0.000000000000000000, 0.000000000000000000, -1.000000000000000000 ) ) ;
#3077 = TOROIDAL_SURFACE ( 'NONE', #4655, 0.2190000000000000002, 0.005000000000000000104 ) ;
#3078 = DIRECTION ( 'NONE',  ( -1.000000000000000000, 0.000000000000000000, 0.000000000000000000 ) ) ;
#3079 = DIRECTION ( 'NONE',  ( -0.000000000000000000, -0.000000000000000000, -1.000000000000000000 ) ) ;
#3080 = ORIENTED_EDGE ( 'NONE', *, *, #782, .F. ) ;
#3081 = CIRCLE ( 'NONE', #3562, 0.1118110236220472287 ) ;
#3082 = AXIS2_PLACEMENT_3D ( 'NONE', #4022, #630, #3662 ) ;
#3083 = EDGE_LOOP ( 'NONE', ( #752, #1692, #767, #4230 ) ) ;
#3084 = CARTESIAN_POINT ( 'NONE',  ( 0.000000000000000000, 0.000000000000000000, -0.6870000000000000551 ) ) ;
#3085 = CARTESIAN_POINT ( 'NONE',  ( -0.1524009959533437486, 0.08390467443243304624, -1.131999999999999895 ) ) ;
#3086 = CIRCLE ( 'NONE', #2132, 0.1716571428571428970 ) ;
#3087 = FACE_OUTER_BOUND ( 'NONE', #4718, .T. ) ;
#3088 = EDGE_CURVE ( 'NONE', #3412, #1122, #2530, .T. ) ;
#3089 = CARTESIAN_POINT ( 'NONE',  ( 0.000000000000000000, 0.000000000000000000, -0.7680000000000001270 ) ) ;
#3090 = FACE_OUTER_BOUND ( 'NONE', #961, .T. ) ;
#3091 = EDGE_CURVE ( 'NONE', #1666, #2117, #2049, .T. ) ;
#3092 = CARTESIAN_POINT ( 'NONE',  ( -0.1540272494696167949, 0.07231223745764311928, -1.220999999999999863 ) ) ;
#3093 = DIRECTION ( 'NONE',  ( 0.000000000000000000, -0.000000000000000000, 1.000000000000000000 ) ) ;
#3094 = ORIENTED_EDGE ( 'NONE', *, *, #913, .T. ) ;
#3095 = DIRECTION ( 'NONE',  ( 0.000000000000000000, -0.1291610608394971327, 0.9916236283806550977 ) ) ;
#3096 = DIRECTION ( 'NONE',  ( 0.000000000000000000, 0.000000000000000000, 1.000000000000000000 ) ) ;
#3097 = ORIENTED_EDGE ( 'NONE', *, *, #4051, .T. ) ;
#3098 = ORIENTED_EDGE ( 'NONE', *, *, #4423, .F. ) ;
#3099 = AXIS2_PLACEMENT_3D ( 'NONE', #3442, #1551, #2288 ) ;
#3100 = TOROIDAL_SURFACE ( 'NONE', #2864, 0.2190000000000000002, 0.005000000000000000104 ) ;
#3101 = ORIENTED_EDGE ( 'NONE', *, *, #2669, .F. ) ;
#3102 = DIRECTION ( 'NONE',  ( -0.000000000000000000, -1.000000000000000000, -0.000000000000000000 ) ) ;
#3103 = ORIENTED_EDGE ( 'NONE', *, *, #1123, .F. ) ;
#3104 = DIRECTION ( 'NONE',  ( -0.000000000000000000, -0.000000000000000000, -1.000000000000000000 ) ) ;
#3105 = DIRECTION ( 'NONE',  ( 1.000000000000000000, 0.000000000000000000, 0.000000000000000000 ) ) ;
#3106 = EDGE_LOOP ( 'NONE', ( #2655, #1484 ) ) ;
#3107 = ORIENTED_EDGE ( 'NONE', *, *, #1277, .T. ) ;
#3108 = DIRECTION ( 'NONE',  ( 0.000000000000000000, -1.000000000000000000, 0.000000000000000000 ) ) ;
#3109 = FACE_OUTER_BOUND ( 'NONE', #1689, .T. ) ;
#3110 = CYLINDRICAL_SURFACE ( 'NONE', #381, 0.2240000000000000324 ) ;
#3111 = CARTESIAN_POINT ( 'NONE',  ( 0.000000000000000000, 0.000000000000000000, -1.310000000000000053 ) ) ;
#3112 = FACE_OUTER_BOUND ( 'NONE', #282, .T. ) ;
#3113 = LINE ( 'NONE', #1305, #2925 ) ;
#3114 = EDGE_CURVE ( 'NONE', #2782, #1991, #3567, .T. ) ;
#3115 = EDGE_CURVE ( 'NONE', #791, #728, #2135, .T. ) ;
#3116 = ORIENTED_EDGE ( 'NONE', *, *, #3969, .T. ) ;
#3117 = DIRECTION ( 'NONE',  ( 0.000000000000000000, 0.000000000000000000, -1.000000000000000000 ) ) ;
#3118 = LINE ( 'NONE', #155, #2614 ) ;
#3119 = ORIENTED_EDGE ( 'NONE', *, *, #1476, .T. ) ;
#3120 = ORIENTED_EDGE ( 'NONE', *, *, #4535, .T. ) ;
#3121 = AXIS2_PLACEMENT_3D ( 'NONE', #2638, #1898, #19 ) ;
#3122 = ORIENTED_EDGE ( 'NONE', *, *, #795, .F. ) ;
#3123 = DIRECTION ( 'NONE',  ( 0.000000000000000000, 0.000000000000000000, 1.000000000000000000 ) ) ;
#3124 = CIRCLE ( 'NONE', #4701, 0.1663428571428571257 ) ;
#3125 = EDGE_LOOP ( 'NONE', ( #243, #1908 ) ) ;
#3126 = AXIS2_PLACEMENT_3D ( 'NONE', #1072, #1490, #4846 ) ;
#3127 = CARTESIAN_POINT ( 'NONE',  ( -0.2190000000000000002, 2.712592660111387510E-17, -0.6690000000000001501 ) ) ;
#3128 = DIRECTION ( 'NONE',  ( 0.000000000000000000, 0.000000000000000000, -1.000000000000000000 ) ) ;
#3129 = VERTEX_POINT ( 'NONE', #582 ) ;
#3130 = CIRCLE ( 'NONE', #1387, 0.1504193919682266789 ) ;
#3131 = EDGE_CURVE ( 'NONE', #2279, #1816, #1779, .T. ) ;
#3132 = ORIENTED_EDGE ( 'NONE', *, *, #230, .F. ) ;
#3133 = DIRECTION ( 'NONE',  ( -0.000000000000000000, -0.000000000000000000, -1.000000000000000000 ) ) ;
#3134 = CARTESIAN_POINT ( 'NONE',  ( -0.06620670031167967540, 0.1666134453781513147, -1.007999999999999785 ) ) ;
#3135 = DIRECTION ( 'NONE',  ( -0.000000000000000000, 0.000000000000000000, -1.000000000000000000 ) ) ;
#3136 = CARTESIAN_POINT ( 'NONE',  ( 0.000000000000000000, 0.1854999999999999705, -0.8630000000000003224 ) ) ;
#3137 = CARTESIAN_POINT ( 'NONE',  ( -0.1151350563485242229, 0.1038435135125238273, -1.457181793694573679 ) ) ;
#3138 = CARTESIAN_POINT ( 'NONE',  ( -0.1518474458011311590, -0.08694824448910953851, -1.108633236339064743 ) ) ;
#3139 = EDGE_CURVE ( 'NONE', #590, #3896, #1502, .T. ) ;
#3140 = CARTESIAN_POINT ( 'NONE',  ( -0.2099999999999999367, 2.571758278209440971E-17, -0.01000000000000002970 ) ) ;
#3141 = CARTESIAN_POINT ( 'NONE',  ( 0.2190000000000000002, 0.000000000000000000, -0.5700000000000000622 ) ) ;
#3142 = VERTEX_POINT ( 'NONE', #1731 ) ;
#3143 = ORIENTED_EDGE ( 'NONE', *, *, #2617, .T. ) ;
#3144 = PRODUCT_RELATED_PRODUCT_CATEGORY ( 'part', '', ( #1045 ) ) ;
#3145 = EDGE_CURVE ( 'NONE', #3575, #1771, #5, .T. ) ;
#3146 = ORIENTED_EDGE ( 'NONE', *, *, #483, .T. ) ;
#3147 = TOROIDAL_SURFACE ( 'NONE', #1957, 0.2190000000000000002, 0.005000000000000000104 ) ;
#3148 = AXIS2_PLACEMENT_3D ( 'NONE', #1166, #1865, #3381 ) ;
#3149 = DIRECTION ( 'NONE',  ( -1.000000000000000000, 0.000000000000000000, 0.000000000000000000 ) ) ;
#3150 = DIRECTION ( 'NONE',  ( 1.000000000000000000, 0.000000000000000000, 0.000000000000000000 ) ) ;
#3151 = EDGE_LOOP ( 'NONE', ( #569, #1736, #2250, #4437 ) ) ;
#3152 = EDGE_CURVE ( 'NONE', #394, #2748, #4075, .T. ) ;
#3153 = CIRCLE ( 'NONE', #4333, 0.2179999999999999993 ) ;
#3154 = AXIS2_PLACEMENT_3D ( 'NONE', #1601, #1625, #4692 ) ;
#3155 = DIRECTION ( 'NONE',  ( 1.000000000000000000, -0.000000000000000000, -0.000000000000000000 ) ) ;
#3156 = DIRECTION ( 'NONE',  ( 0.000000000000000000, 0.9916236283806552088, 0.1291610608394971604 ) ) ;
#3157 = ORIENTED_EDGE ( 'NONE', *, *, #4521, .T. ) ;
#3158 = VERTEX_POINT ( 'NONE', #2916 ) ;
#3159 = CARTESIAN_POINT ( 'NONE',  ( 0.0002500000000000000052, 0.007005446710218416438, -1.457292893218813612 ) ) ;
#3160 = CARTESIAN_POINT ( 'NONE',  ( -0.2240000000000000324, 0.1318361344537815338, -1.274999999999999911 ) ) ;
#3161 = CIRCLE ( 'NONE', #2845, 0.2190000000000000002 ) ;
#3162 = CARTESIAN_POINT ( 'NONE',  ( 0.000000000000000000, 0.000000000000000000, -0.6160000000000001030 ) ) ;
#3163 = DIRECTION ( 'NONE',  ( 1.000000000000000000, 0.000000000000000000, 0.000000000000000000 ) ) ;
#3164 = CYLINDRICAL_SURFACE ( 'NONE', #2886, 0.1554999999999999993 ) ;
#3165 = CARTESIAN_POINT ( 'NONE',  ( -0.1538659093782338283, -0.07383448533813687098, -1.209313064659435444 ) ) ;
#3166 = CIRCLE ( 'NONE', #3801, 0.1701571428571428679 ) ;
#3167 = CARTESIAN_POINT ( 'NONE',  ( -0.1549912924716461693, -0.05216629382191996511, -1.375668857590390814 ) ) ;
#3168 = AXIS2_PLACEMENT_3D ( 'NONE', #1002, #2192, #3617 ) ;
#3169 = CARTESIAN_POINT ( 'NONE',  ( 0.005545194838543985802, -0.01175691724979134427, -1.458000000000000185 ) ) ;
#3170 = DIRECTION ( 'NONE',  ( -0.000000000000000000, -0.000000000000000000, -1.000000000000000000 ) ) ;
#3171 = VERTEX_POINT ( 'NONE', #3242 ) ;
#3172 = ORIENTED_EDGE ( 'NONE', *, *, #3349, .F. ) ;
#3173 = DIRECTION ( 'NONE',  ( 1.000000000000000000, 0.000000000000000000, 0.000000000000000000 ) ) ;
#3174 = AXIS2_PLACEMENT_3D ( 'NONE', #911, #4229, #2345 ) ;
#3175 = ORIENTED_EDGE ( 'NONE', *, *, #4856, .T. ) ;
#3176 = DIRECTION ( 'NONE',  ( 0.000000000000000000, 0.000000000000000000, 1.000000000000000000 ) ) ;
#3177 = CARTESIAN_POINT ( 'NONE',  ( 0.000000000000000000, 0.000000000000000000, -0.5700000000000000622 ) ) ;
#3178 = CIRCLE ( 'NONE', #3021, 0.1854999999999999982 ) ;
#3179 = VERTEX_POINT ( 'NONE', #4422 ) ;
#3180 = CIRCLE ( 'NONE', #800, 0.04550000000000000572 ) ;
#3181 = EDGE_CURVE ( 'NONE', #291, #1556, #3804, .T. ) ;
#3182 = ADVANCED_FACE ( 'NONE', ( #1351 ), #4398, .T. ) ;
#3183 = EDGE_CURVE ( 'NONE', #3461, #4680, #1667, .T. ) ;
#3184 = EDGE_CURVE ( 'NONE', #1954, #4603, #1094, .T. ) ;
#3185 = DIRECTION ( 'NONE',  ( 0.000000000000000000, -1.000000000000000000, 0.000000000000000000 ) ) ;
#3186 = CARTESIAN_POINT ( 'NONE',  ( -0.08733377858618666945, 0.1504621848739496059, -1.131999999999999895 ) ) ;
#3187 = EDGE_LOOP ( 'NONE', ( #1025, #3433, #3594, #2180 ) ) ;
#3188 = VERTEX_POINT ( 'NONE', #1374 ) ;
#3189 = FACE_OUTER_BOUND ( 'NONE', #2113, .T. ) ;
#3190 = ADVANCED_FACE ( 'NONE', ( #3318 ), #4790, .F. ) ;
#3191 = TOROIDAL_SURFACE ( 'NONE', #2156, 0.2190000000000000002, 0.005000000000000000104 ) ;
#3192 = CARTESIAN_POINT ( 'NONE',  ( -0.1153128047270900597, -0.1135696391269668121, -1.415239544767158186 ) ) ;
#3193 = DIRECTION ( 'NONE',  ( -1.000000000000000000, 0.000000000000000000, 0.000000000000000000 ) ) ;
#3194 = DIRECTION ( 'NONE',  ( -0.000000000000000000, -0.000000000000000000, -1.000000000000000000 ) ) ;
#3195 = DIRECTION ( 'NONE',  ( 1.224646799147353207E-16, 1.000000000000000000, -0.000000000000000000 ) ) ;
#3196 = LINE ( 'NONE', #933, #1420 ) ;
#3197 = DIRECTION ( 'NONE',  ( 1.000000000000000000, 0.000000000000000000, 0.000000000000000000 ) ) ;
#3198 = ORIENTED_EDGE ( 'NONE', *, *, #1703, .T. ) ;
#3199 = EDGE_CURVE ( 'NONE', #2236, #4441, #4428, .T. ) ;
#3200 = CARTESIAN_POINT ( 'NONE',  ( 0.000000000000000000, 0.000000000000000000, -0.6209999999999999964 ) ) ;
#3201 = EDGE_LOOP ( 'NONE', ( #4573, #4038, #1892, #605 ) ) ;
#3202 = FACE_OUTER_BOUND ( 'NONE', #3151, .T. ) ;
#3203 = CARTESIAN_POINT ( 'NONE',  ( -0.09832927531376377261, -0.1388697478991597067, -1.220999999999999863 ) ) ;
#3204 = TOROIDAL_SURFACE ( 'NONE', #3361, 0.2190000000000000002, 0.005000000000000000104 ) ;
#3205 = ORIENTED_EDGE ( 'NONE', *, *, #4715, .F. ) ;
#3206 = ADVANCED_FACE ( 'NONE', ( #3713 ), #4186, .T. ) ;
#3207 = EDGE_CURVE ( 'NONE', #2924, #3258, #2287, .T. ) ;
#3208 = VECTOR ( 'NONE', #769, 39.37007874015748143 ) ;
#3209 = DIRECTION ( 'NONE',  ( 0.000000000000000000, 0.000000000000000000, 1.000000000000000000 ) ) ;
#3210 = CARTESIAN_POINT ( 'NONE',  ( -0.09832927531376377261, 0.1388697478991597067, -1.220999999999999863 ) ) ;
#3211 = ORIENTED_EDGE ( 'NONE', *, *, #2749, .T. ) ;
#3212 = ADVANCED_FACE ( 'NONE', ( #4452 ), #4834, .F. ) ;
#3213 = EDGE_LOOP ( 'NONE', ( #362, #4702, #4699, #625 ) ) ;
#3214 = DIRECTION ( 'NONE',  ( -0.000000000000000000, -0.000000000000000000, 1.000000000000000000 ) ) ;
#3215 = ADVANCED_FACE ( 'NONE', ( #3982, #321 ), #1827, .F. ) ;
#3216 = CARTESIAN_POINT ( 'NONE',  ( 0.1999999999999999556, 0.000000000000000000, 0.000000000000000000 ) ) ;
#3217 = AXIS2_PLACEMENT_3D ( 'NONE', #3773, #2303, #3378 ) ;
#3218 = CARTESIAN_POINT ( 'NONE',  ( -0.1115653416679154158, 0.1202436974789916069, -1.363999999999999879 ) ) ;
#3219 = ORIENTED_EDGE ( 'NONE', *, *, #1080, .F. ) ;
#3220 = LINE ( 'NONE', #276, #286 ) ;
#3221 = CARTESIAN_POINT ( 'NONE',  ( -0.06620670031167967540, -0.1666134453781513147, -1.007999999999999785 ) ) ;
#3222 = FACE_OUTER_BOUND ( 'NONE', #2163, .T. ) ;
#3223 = DIRECTION ( 'NONE',  ( -1.000000000000000000, 0.000000000000000000, 0.000000000000000000 ) ) ;
#3224 = ORIENTED_EDGE ( 'NONE', *, *, #423, .T. ) ;
#3225 = CARTESIAN_POINT ( 'NONE',  ( -0.2240000000000000324, -0.05368618703747504717, -1.363999999999999879 ) ) ;
#3226 = ORIENTED_EDGE ( 'NONE', *, *, #4200, .T. ) ;
#3227 = EDGE_CURVE ( 'NONE', #2007, #4350, #3008, .T. ) ;
#3228 = DIRECTION ( 'NONE',  ( -0.000000000000000000, -0.000000000000000000, -1.000000000000000000 ) ) ;
#3229 = DIRECTION ( 'NONE',  ( 1.000000000000000000, 0.000000000000000000, 0.000000000000000000 ) ) ;
#3230 = ORIENTED_EDGE ( 'NONE', *, *, #1119, .F. ) ;
#3231 = AXIS2_PLACEMENT_3D ( 'NONE', #3464, #4854, #2618 ) ;
#3232 = CARTESIAN_POINT ( 'NONE',  ( 0.2180000000000000826, 2.669730022141230551E-17, -0.7020000000000000684 ) ) ;
#3233 = PLANE ( 'NONE',  #4424 ) ;
#3234 = ORIENTED_EDGE ( 'NONE', *, *, #1358, .F. ) ;
#3235 = AXIS2_PLACEMENT_3D ( 'NONE', #1449, #1077, #4472 ) ;
#3236 = ORIENTED_EDGE ( 'NONE', *, *, #2061, .T. ) ;
#3237 = DIRECTION ( 'NONE',  ( -1.000000000000000000, 0.000000000000000000, 0.000000000000000000 ) ) ;
#3238 = DIRECTION ( 'NONE',  ( 1.000000000000000000, 0.000000000000000000, 0.000000000000000000 ) ) ;
#3239 = ORIENTED_EDGE ( 'NONE', *, *, #3394, .T. ) ;
#3240 = FACE_OUTER_BOUND ( 'NONE', #4033, .T. ) ;
#3241 = FACE_OUTER_BOUND ( 'NONE', #4866, .T. ) ;
#3242 = CARTESIAN_POINT ( 'NONE',  ( 0.04000000000000000083, 4.898587196589413537E-18, -0.4499999999999999556 ) ) ;
#3243 = AXIS2_PLACEMENT_3D ( 'NONE', #823, #3557, #3105 ) ;
#3244 = ADVANCED_FACE ( 'NONE', ( #703 ), #1497, .T. ) ;
#3245 = PRODUCT_CONTEXT ( 'NONE', #357, 'mechanical' ) ;
#3246 = EDGE_CURVE ( 'NONE', #4183, #3321, #1116, .T. ) ;
#3247 = DIRECTION ( 'NONE',  ( -0.000000000000000000, -0.000000000000000000, -1.000000000000000000 ) ) ;
#3248 = AXIS2_PLACEMENT_3D ( 'NONE', #2225, #1085, #4084 ) ;
#3249 = ORIENTED_EDGE ( 'NONE', *, *, #1267, .T. ) ;
#3250 = CIRCLE ( 'NONE', #2849, 0.2190000000000000002 ) ;
#3251 = CARTESIAN_POINT ( 'NONE',  ( 0.000000000000000000, 0.000000000000000000, -0.7350000000000000977 ) ) ;
#3252 =( BOUNDED_CURVE ( )  B_SPLINE_CURVE ( 3, ( #1496, #2635, #4146, #1893 ),
 .UNSPECIFIED., .F., .T. ) 
 B_SPLINE_CURVE_WITH_KNOTS ( ( 4, 4 ),
 ( 4.753309579128505824, 4.781127364972302729 ),
 .UNSPECIFIED. ) 
 CURVE ( )  GEOMETRIC_REPRESENTATION_ITEM ( )  RATIONAL_B_SPLINE_CURVE ( ( 1.000000000000000000, 0.9999355152721591811, 0.9999355152721591811, 1.000000000000000000 ) ) 
 REPRESENTATION_ITEM ( '' )  );
#3253 = AXIS2_PLACEMENT_3D ( 'NONE', #260, #1379, #2946 ) ;
#3254 = ORIENTED_EDGE ( 'NONE', *, *, #859, .F. ) ;
#3255 = LINE ( 'NONE', #236, #510 ) ;
#3256 = ADVANCED_FACE ( 'NONE', ( #4127 ), #4098, .F. ) ;
#3257 = CARTESIAN_POINT ( 'NONE',  ( 0.1534829458819514936, 0.07687106098705488721, -1.185999999999999943 ) ) ;
#3258 = VERTEX_POINT ( 'NONE', #803 ) ;
#3259 = CIRCLE ( 'NONE', #2218, 0.2180000000000000826 ) ;
#3260 = DIRECTION ( 'NONE',  ( 1.000000000000000000, -0.000000000000000000, -0.000000000000000000 ) ) ;
#3261 = FACE_OUTER_BOUND ( 'NONE', #594, .T. ) ;
#3262 = EDGE_LOOP ( 'NONE', ( #3226, #4410 ) ) ;
#3263 = ORIENTED_EDGE ( 'NONE', *, *, #2318, .F. ) ;
#3264 = FACE_OUTER_BOUND ( 'NONE', #801, .T. ) ;
#3265 = VECTOR ( 'NONE', #1172, 39.37007874015748143 ) ;
#3266 = DIRECTION ( 'NONE',  ( -0.000000000000000000, -0.000000000000000000, -1.000000000000000000 ) ) ;
#3267 = DIRECTION ( 'NONE',  ( -0.000000000000000000, -0.000000000000000000, 1.000000000000000000 ) ) ;
#3268 = ORIENTED_EDGE ( 'NONE', *, *, #663, .T. ) ;
#3269 = DIRECTION ( 'NONE',  ( -0.000000000000000000, -1.000000000000000000, -0.000000000000000000 ) ) ;
#3270 = DIRECTION ( 'NONE',  ( -0.000000000000000000, -0.000000000000000000, -1.000000000000000000 ) ) ;
#3271 = CARTESIAN_POINT ( 'NONE',  ( 0.1547270640103161898, 0.06376022524771987610, -1.286657384063281784 ) ) ;
#3272 = CARTESIAN_POINT ( 'NONE',  ( -0.1546283477921911731, -0.06527862401226501576, -1.274999999999999911 ) ) ;
#3273 = ORIENTED_EDGE ( 'NONE', *, *, #2292, .T. ) ;
#3274 = ADVANCED_FACE ( 'NONE', ( #1103 ), #343, .F. ) ;
#3275 = CARTESIAN_POINT ( 'NONE',  ( -0.0002500000000000000052, -0.007005446710218416438, -1.457292893218813612 ) ) ;
#3276 = EDGE_CURVE ( 'NONE', #3384, #3505, #3421, .T. ) ;
#3277 = EDGE_CURVE ( 'NONE', #2532, #1695, #826, .T. ) ;
#3278 = VERTEX_POINT ( 'NONE', #3416 ) ;
#3279 = FACE_OUTER_BOUND ( 'NONE', #1632, .T. ) ;
#3280 = CARTESIAN_POINT ( 'NONE',  ( 0.08221136903435510845, 0.1550210084033614155, -1.096999999999999753 ) ) ;
#3281 = ORIENTED_EDGE ( 'NONE', *, *, #2002, .T. ) ;
#3282 =( BOUNDED_CURVE ( )  B_SPLINE_CURVE ( 3, ( #730, #3061, #1131, #39 ),
 .UNSPECIFIED., .F., .T. ) 
 B_SPLINE_CURVE_WITH_KNOTS ( ( 4, 4 ),
 ( 1.047425081491192067, 1.099909927952688493 ),
 .UNSPECIFIED. ) 
 CURVE ( )  GEOMETRIC_REPRESENTATION_ITEM ( )  RATIONAL_B_SPLINE_CURVE ( ( 1.000000000000000000, 0.9997704582478896818, 0.9997704582478896818, 1.000000000000000000 ) ) 
 REPRESENTATION_ITEM ( '' )  );
#3283 = CYLINDRICAL_SURFACE ( 'NONE', #941, 0.2099999999999999367 ) ;
#3284 = EDGE_LOOP ( 'NONE', ( #3503, #3205, #4649, #1447 ) ) ;
#3285 = ORIENTED_EDGE ( 'NONE', *, *, #2293, .F. ) ;
#3286 = AXIS2_PLACEMENT_3D ( 'NONE', #1314, #3228, #4723 ) ;
#3287 = DIRECTION ( 'NONE',  ( -0.000000000000000000, -0.000000000000000000, -1.000000000000000000 ) ) ;
#3288 = DIRECTION ( 'NONE',  ( 1.000000000000000000, 0.000000000000000000, 0.000000000000000000 ) ) ;
#3289 = EDGE_CURVE ( 'NONE', #1438, #1070, #3040, .T. ) ;
#3290 = ORIENTED_EDGE ( 'NONE', *, *, #692, .F. ) ;
#3291 = CARTESIAN_POINT ( 'NONE',  ( 0.1549685680697645007, 0.05064658825081008731, -1.387336274555685867 ) ) ;
#3292 = AXIS2_PLACEMENT_3D ( 'NONE', #4024, #632, #4762 ) ;
#3293 = CARTESIAN_POINT ( 'NONE',  ( -0.0002500000000000000052, -0.007505446710218416882, -1.458000000000000185 ) ) ;
#3294 = DIRECTION ( 'NONE',  ( -0.000000000000000000, -0.000000000000000000, -1.000000000000000000 ) ) ;
#3295 = CIRCLE ( 'NONE', #1787, 0.2240000000000000324 ) ;
#3296 = DIRECTION ( 'NONE',  ( 1.000000000000000000, 0.000000000000000000, 0.000000000000000000 ) ) ;
#3297 = AXIS2_PLACEMENT_3D ( 'NONE', #3052, #4583, #3404 ) ;
#3298 = ORIENTED_EDGE ( 'NONE', *, *, #2727, .T. ) ;
#3299 = FACE_OUTER_BOUND ( 'NONE', #4457, .T. ) ;
#3300 = EDGE_LOOP ( 'NONE', ( #4840, #4659, #4371, #398, #2010, #402, #4863 ) ) ;
#3301 = DIRECTION ( 'NONE',  ( -0.000000000000000000, -0.000000000000000000, -1.000000000000000000 ) ) ;
#3302 = DIRECTION ( 'NONE',  ( 0.000000000000000000, 0.000000000000000000, -1.000000000000000000 ) ) ;
#3303 = EDGE_LOOP ( 'NONE', ( #3901, #1885, #2970, #3080 ) ) ;
#3304 = EDGE_CURVE ( 'NONE', #1076, #30, #1758, .T. ) ;
#3305 = ORIENTED_EDGE ( 'NONE', *, *, #4816, .T. ) ;
#3306 = EDGE_CURVE ( 'NONE', #4030, #3774, #1988, .T. ) ;
#3307 = CARTESIAN_POINT ( 'NONE',  ( -0.04000000000000000083, 0.000000000000000000, -0.1380000000000000115 ) ) ;
#3308 = DIRECTION ( 'NONE',  ( -0.000000000000000000, -0.000000000000000000, -1.000000000000000000 ) ) ;
#3309 = ORIENTED_EDGE ( 'NONE', *, *, #547, .F. ) ;
#3310 = ORIENTED_EDGE ( 'NONE', *, *, #2816, .T. ) ;
#3311 = CARTESIAN_POINT ( 'NONE',  ( 0.000000000000000000, 0.000000000000000000, -0.5550000000000000488 ) ) ;
#3312 = CARTESIAN_POINT ( 'NONE',  ( 0.000000000000000000, 0.1854999999999999705, -0.8630000000000003224 ) ) ;
#3313 = AXIS2_PLACEMENT_3D ( 'NONE', #1395, #1024, #976 ) ;
#3314 = DIRECTION ( 'NONE',  ( -1.000000000000000000, 0.000000000000000000, 0.000000000000000000 ) ) ;
#3315 = ORIENTED_EDGE ( 'NONE', *, *, #4006, .T. ) ;
#3316 = DIRECTION ( 'NONE',  ( -1.000000000000000000, 0.000000000000000000, 0.000000000000000000 ) ) ;
#3317 = CARTESIAN_POINT ( 'NONE',  ( -0.2190000000000000002, 0.000000000000000000, -0.6160000000000001030 ) ) ;
#3318 = FACE_OUTER_BOUND ( 'NONE', #3994, .T. ) ;
#3319 = CARTESIAN_POINT ( 'NONE',  ( 0.1515401985390432138, 0.08846349796184481418, -1.096999999999999753 ) ) ;
#3320 = VECTOR ( 'NONE', #1390, 39.37007874015748143 ) ;
#3321 = VERTEX_POINT ( 'NONE', #67 ) ;
#3322 = CIRCLE ( 'NONE', #1820, 0.1999999999999999556 ) ;
#3323 = CARTESIAN_POINT ( 'NONE',  ( 0.000000000000000000, 0.000000000000000000, -0.5980000000000000870 ) ) ;
#3324 = AXIS2_PLACEMENT_3D ( 'NONE', #1565, #3079, #340 ) ;
#3325 = LINE ( 'NONE', #2130, #944 ) ;
#3326 = ORIENTED_EDGE ( 'NONE', *, *, #4263, .T. ) ;
#3327 = AXIS2_PLACEMENT_3D ( 'NONE', #614, #2197, #2520 ) ;
#3328 = ORIENTED_EDGE ( 'NONE', *, *, #1873, .F. ) ;
#3329 = CARTESIAN_POINT ( 'NONE',  ( 0.1499602011100213961, -0.09549711140722307035, -1.042999999999999705 ) ) ;
#3330 = AXIS2_PLACEMENT_3D ( 'NONE', #1757, #2170, #3690 ) ;
#3331 = ORIENTED_EDGE ( 'NONE', *, *, #3803, .F. ) ;
#3332 = DIRECTION ( 'NONE',  ( 1.000000000000000000, 0.000000000000000000, 0.000000000000000000 ) ) ;
#3333 = EDGE_CURVE ( 'NONE', #2372, #1439, #1604, .T. ) ;
#3334 = ADVANCED_FACE ( 'NONE', ( #2636 ), #1548, .F. ) ;
#3335 = ADVANCED_FACE ( 'NONE', ( #1946 ), #3736, .F. ) ;
#3336 = FACE_OUTER_BOUND ( 'NONE', #1933, .T. ) ;
#3337 = DIRECTION ( 'NONE',  ( 0.000000000000000000, 0.000000000000000000, 1.000000000000000000 ) ) ;
#3338 = ORIENTED_EDGE ( 'NONE', *, *, #48, .F. ) ;
#3339 = AXIS2_PLACEMENT_3D ( 'NONE', #1700, #2359, #1200 ) ;
#3340 = CARTESIAN_POINT ( 'NONE',  ( 0.2149999999999999689, 2.632990618166808804E-17, -0.5500000000000000444 ) ) ;
#3341 = CARTESIAN_POINT ( 'NONE',  ( 0.000000000000000000, 0.000000000000000000, -1.363999999999999879 ) ) ;
#3342 = ADVANCED_FACE ( 'NONE', ( #384, #17 ), #2588, .F. ) ;
#3343 = VECTOR ( 'NONE', #2843, 39.37007874015748143 ) ;
#3344 = CARTESIAN_POINT ( 'NONE',  ( -0.1495837840720269651, -0.09702272663179234424, -1.031287212146854815 ) ) ;
#3345 = DIRECTION ( 'NONE',  ( -1.000000000000000000, 0.000000000000000000, 0.000000000000000000 ) ) ;
#3346 = ORIENTED_EDGE ( 'NONE', *, *, #3184, .T. ) ;
#3347 = CARTESIAN_POINT ( 'NONE',  ( 0.000000000000000000, 0.000000000000000000, -0.4499999999999999556 ) ) ;
#3348 = CARTESIAN_POINT ( 'NONE',  ( -0.1515401985390432138, 0.08846349796184481418, -1.096999999999999753 ) ) ;
#3349 = EDGE_CURVE ( 'NONE', #1160, #2231, #414, .T. ) ;
#3350 = ORIENTED_EDGE ( 'NONE', *, *, #991, .T. ) ;
#3351 = ORIENTED_EDGE ( 'NONE', *, *, #4773, .T. ) ;
#3352 = LINE ( 'NONE', #3799, #759 ) ;
#3353 = VERTEX_POINT ( 'NONE', #2684 ) ;
#3354 = EDGE_CURVE ( 'NONE', #1991, #2357, #2109, .T. ) ;
#3355 = DIRECTION ( 'NONE',  ( 0.000000000000000000, -0.1291610608394971327, 0.9916236283806550977 ) ) ;
#3356 = ADVANCED_FACE ( 'NONE', ( #3189 ), #1599, .T. ) ;
#3357 = EDGE_CURVE ( 'NONE', #3855, #3158, #4445, .T. ) ;
#3358 = DIRECTION ( 'NONE',  ( -1.224646799147353207E-16, 1.000000000000000000, 0.000000000000000000 ) ) ;
#3359 = FACE_OUTER_BOUND ( 'NONE', #472, .T. ) ;
#3360 = ORIENTED_EDGE ( 'NONE', *, *, #3609, .T. ) ;
#3361 = AXIS2_PLACEMENT_3D ( 'NONE', #3043, #761, #3739 ) ;
#3362 = DIRECTION ( 'NONE',  ( 1.000000000000000000, 0.000000000000000000, 0.000000000000000000 ) ) ;
#3363 = CARTESIAN_POINT ( 'NONE',  ( 0.000000000000000000, -0.2240000000000000324, -0.6690000000000001501 ) ) ;
#3364 = DIRECTION ( 'NONE',  ( -0.000000000000000000, -0.000000000000000000, 1.000000000000000000 ) ) ;
#3365 = AXIS2_PLACEMENT_3D ( 'NONE', #497, #82, #3524 ) ;
#3366 = CARTESIAN_POINT ( 'NONE',  ( -0.1487688718478925864, -0.1000559349366348383, -1.007999999999999785 ) ) ;
#3367 = CARTESIAN_POINT ( 'NONE',  ( 0.1118110236220472287, 1.369290121881292060E-17, -0.03799999999999997824 ) ) ;
#3368 = FACE_OUTER_BOUND ( 'NONE', #1161, .T. ) ;
#3369 = AXIS2_PLACEMENT_3D ( 'NONE', #1349, #2866, #1371 ) ;
#3370 = ORIENTED_EDGE ( 'NONE', *, *, #2155, .F. ) ;
#3371 = EDGE_CURVE ( 'NONE', #4766, #3670, #407, .T. ) ;
#3372 = AXIS2_PLACEMENT_3D ( 'NONE', #2401, #3967, #111 ) ;
#3373 = PLANE ( 'NONE',  #22 ) ;
#3374 = DIRECTION ( 'NONE',  ( 1.000000000000000000, -0.000000000000000000, -0.000000000000000000 ) ) ;
#3375 = ORIENTED_EDGE ( 'NONE', *, *, #2324, .T. ) ;
#3376 = EDGE_CURVE ( 'NONE', #3968, #3686, #3178, .T. ) ;
#3377 = ORIENTED_EDGE ( 'NONE', *, *, #4141, .F. ) ;
#3378 = DIRECTION ( 'NONE',  ( 1.000000000000000000, 0.000000000000000000, 0.000000000000000000 ) ) ;
#3379 = VERTEX_POINT ( 'NONE', #2437 ) ;
#3380 = CARTESIAN_POINT ( 'NONE',  ( -0.2240000000000000324, 0.000000000000000000, 0.000000000000000000 ) ) ;
#3381 = DIRECTION ( 'NONE',  ( 1.000000000000000000, 0.000000000000000000, 0.000000000000000000 ) ) ;
#3382 = CARTESIAN_POINT ( 'NONE',  ( -0.1086555274029364360, 0.1249810025609614100, -1.327629722273909740 ) ) ;
#3383 = ORIENTED_EDGE ( 'NONE', *, *, #2918, .T. ) ;
#3384 = VERTEX_POINT ( 'NONE', #4321 ) ;
#3385 = DIRECTION ( 'NONE',  ( 1.000000000000000000, -0.000000000000000000, 0.000000000000000000 ) ) ;
#3386 = DIRECTION ( 'NONE',  ( 0.000000000000000000, 0.000000000000000000, 1.000000000000000000 ) ) ;
#3387 = AXIS2_PLACEMENT_3D ( 'NONE', #2165, #3337, #2538 ) ;
#3388 = DIRECTION ( 'NONE',  ( -1.000000000000000000, 0.000000000000000000, 0.000000000000000000 ) ) ;
#3389 = FACE_OUTER_BOUND ( 'NONE', #2519, .T. ) ;
#3390 = PLANE ( 'NONE',  #1279 ) ;
#3391 = AXIS2_PLACEMENT_3D ( 'NONE', #1598, #3108, #4295 ) ;
#3392 = LINE ( 'NONE', #4131, #1108 ) ;
#3393 = AXIS2_PLACEMENT_3D ( 'NONE', #1948, #2711, #1226 ) ;
#3394 = EDGE_CURVE ( 'NONE', #3678, #2207, #878, .T. ) ;
#3395 = EDGE_CURVE ( 'NONE', #647, #2865, #3883, .T. ) ;
#3396 = EDGE_CURVE ( 'NONE', #2478, #3379, #2044, .T. ) ;
#3397 = EDGE_CURVE ( 'NONE', #4792, #869, #3814, .T. ) ;
#3398 = VECTOR ( 'NONE', #1015, 39.37007874015748143 ) ;
#3399 = CARTESIAN_POINT ( 'NONE',  ( 0.000000000000000000, 0.000000000000000000, -0.5980000000000000870 ) ) ;
#3400 = ORIENTED_EDGE ( 'NONE', *, *, #1267, .F. ) ;
#3401 = EDGE_CURVE ( 'NONE', #2231, #4363, #2145, .T. ) ;
#3402 = TOROIDAL_SURFACE ( 'NONE', #4813, 0.1504193919682266789, 0.01000000000000000021 ) ;
#3403 = EDGE_LOOP ( 'NONE', ( #3119, #3053, #4293, #937 ) ) ;
#3404 = DIRECTION ( 'NONE',  ( -1.000000000000000000, 0.000000000000000000, 0.000000000000000000 ) ) ;
#3405 = ORIENTED_EDGE ( 'NONE', *, *, #814, .T. ) ;
#3406 = AXIS2_PLACEMENT_3D ( 'NONE', #3055, #1311, #2796 ) ;
#3407 = AXIS2_PLACEMENT_3D ( 'NONE', #2500, #2923, #1361 ) ;
#3408 = DIRECTION ( 'NONE',  ( -1.224646799147353207E-16, 1.000000000000000000, 0.000000000000000000 ) ) ;
#3409 = CIRCLE ( 'NONE', #1265, 0.2099999999999999367 ) ;
#3410 = CARTESIAN_POINT ( 'NONE',  ( 0.06620670031167967540, -0.1666134453781513147, -1.007999999999999785 ) ) ;
#3411 = DIRECTION ( 'NONE',  ( 0.000000000000000000, -1.000000000000000000, 0.000000000000000000 ) ) ;
#3412 = VERTEX_POINT ( 'NONE', #484 ) ;
#3413 = ORIENTED_EDGE ( 'NONE', *, *, #3289, .T. ) ;
#3414 = DIRECTION ( 'NONE',  ( -0.000000000000000000, -0.000000000000000000, -1.000000000000000000 ) ) ;
#3415 = AXIS2_PLACEMENT_3D ( 'NONE', #1583, #3170, #3197 ) ;
#3416 = CARTESIAN_POINT ( 'NONE',  ( 0.1174615737310077540, -0.1091342860131922360, -1.449291610608395064 ) ) ;
#3417 = CARTESIAN_POINT ( 'NONE',  ( -0.2190000000000000002, 2.712592660111387510E-17, -0.7680000000000001270 ) ) ;
#3418 = PLANE ( 'NONE',  #4614 ) ;
#3419 = CARTESIAN_POINT ( 'NONE',  ( 0.2149999999999999967, 0.000000000000000000, -0.7680000000000001270 ) ) ;
#3420 = DIRECTION ( 'NONE',  ( 0.000000000000000000, 0.000000000000000000, 1.000000000000000000 ) ) ;
#3421 = CIRCLE ( 'NONE', #720, 0.2240000000000000324 ) ;
#3422 = CARTESIAN_POINT ( 'NONE',  ( 0.000000000000000000, 0.000000000000000000, -0.4499999999999999556 ) ) ;
#3423 = ORIENTED_EDGE ( 'NONE', *, *, #336, .F. ) ;
#3424 = ORIENTED_EDGE ( 'NONE', *, *, #3028, .F. ) ;
#3425 = EDGE_CURVE ( 'NONE', #3711, #422, #1650, .T. ) ;
#3426 = AXIS2_PLACEMENT_3D ( 'NONE', #4616, #3565, #437 ) ;
#3427 = ORIENTED_EDGE ( 'NONE', *, *, #1943, .F. ) ;
#3428 = CARTESIAN_POINT ( 'NONE',  ( 0.1549940823588927263, -0.05368618703747504717, -1.363999999999999879 ) ) ;
#3429 = VERTEX_POINT ( 'NONE', #2809 ) ;
#3430 = DIRECTION ( 'NONE',  ( 1.000000000000000000, 0.000000000000000000, 0.000000000000000000 ) ) ;
#3431 = DIRECTION ( 'NONE',  ( -0.000000000000000000, -0.000000000000000000, -1.000000000000000000 ) ) ;
#3432 = CYLINDRICAL_SURFACE ( 'NONE', #1105, 0.2240000000000000324 ) ;
#3433 = ORIENTED_EDGE ( 'NONE', *, *, #2465, .T. ) ;
#3434 = EDGE_LOOP ( 'NONE', ( #1597, #84, #4582, #3175 ) ) ;
#3435 = CARTESIAN_POINT ( 'NONE',  ( -0.1130564995388950167, -0.09921804972938565170, -1.458000000000000185 ) ) ;
#3436 =( BOUNDED_CURVE ( )  B_SPLINE_CURVE ( 3, ( #2003, #857, #3165, #3540 ),
 .UNSPECIFIED., .F., .T. ) 
 B_SPLINE_CURVE_WITH_KNOTS ( ( 4, 4 ),
 ( 1.431029373583282416, 1.459026500748393795 ),
 .UNSPECIFIED. ) 
 CURVE ( )  GEOMETRIC_REPRESENTATION_ITEM ( )  RATIONAL_B_SPLINE_CURVE ( ( 1.000000000000000000, 0.9999346811392079148, 0.9999346811392079148, 1.000000000000000000 ) ) 
 REPRESENTATION_ITEM ( '' )  );
#3437 = DIRECTION ( 'NONE',  ( 0.000000000000000000, -0.9916236283806552088, 0.1291610608394971882 ) ) ;
#3438 = ADVANCED_FACE ( 'NONE', ( #2386 ), #1831, .T. ) ;
#3439 = AXIS2_PLACEMENT_3D ( 'NONE', #99, #488, #1178 ) ;
#3440 = CARTESIAN_POINT ( 'NONE',  ( 0.000000000000000000, 0.000000000000000000, -0.7150000000000001910 ) ) ;
#3441 = CARTESIAN_POINT ( 'NONE',  ( 0.000000000000000000, 0.000000000000000000, -0.6310000000000002274 ) ) ;
#3442 = CARTESIAN_POINT ( 'NONE',  ( 0.000000000000000000, 0.000000000000000000, -0.7680000000000001270 ) ) ;
#3443 = DIRECTION ( 'NONE',  ( -1.000000000000000000, 0.000000000000000000, 0.000000000000000000 ) ) ;
#3444 = CARTESIAN_POINT ( 'NONE',  ( 0.000000000000000000, 0.000000000000000000, -1.096999999999999753 ) ) ;
#3445 = VERTEX_POINT ( 'NONE', #3955 ) ;
#3446 = ORIENTED_EDGE ( 'NONE', *, *, #4527, .F. ) ;
#3447 = AXIS2_PLACEMENT_3D ( 'NONE', #2693, #3917, #1208 ) ;
#3448 = AXIS2_PLACEMENT_3D ( 'NONE', #2502, #4014, #622 ) ;
#3449 = AXIS2_PLACEMENT_3D ( 'NONE', #1821, #4490, #1514 ) ;
#3450 = VERTEX_POINT ( 'NONE', #555 ) ;
#3451 = CARTESIAN_POINT ( 'NONE',  ( 0.1153128047270900736, -0.1135696391269667982, -1.415239544767158186 ) ) ;
#3452 = ORIENTED_EDGE ( 'NONE', *, *, #664, .T. ) ;
#3453 = VECTOR ( 'NONE', #34, 39.37007874015748143 ) ;
#3454 = CARTESIAN_POINT ( 'NONE',  ( 0.1173181939904411469, 0.1088053569415764893, -1.451816937029187349 ) ) ;
#3455 = EDGE_CURVE ( 'NONE', #3896, #590, #2862, .T. ) ;
#3456 = EDGE_CURVE ( 'NONE', #287, #4335, #2067, .T. ) ;
#3457 = EDGE_CURVE ( 'NONE', #896, #4434, #179, .T. ) ;
#3458 = CARTESIAN_POINT ( 'NONE',  ( -0.1554999999999999993, 1.904325772674134335E-17, -0.4499999999999999556 ) ) ;
#3459 = DIRECTION ( 'NONE',  ( -1.000000000000000000, 0.000000000000000000, 0.000000000000000000 ) ) ;
#3460 = ORIENTED_EDGE ( 'NONE', *, *, #1386, .T. ) ;
#3461 = VERTEX_POINT ( 'NONE', #1222 ) ;
#3462 = DIRECTION ( 'NONE',  ( -0.000000000000000000, -0.000000000000000000, -1.000000000000000000 ) ) ;
#3463 = DIRECTION ( 'NONE',  ( -1.000000000000000000, -4.440892098500626162E-15, 0.000000000000000000 ) ) ;
#3464 = CARTESIAN_POINT ( 'NONE',  ( 0.000000000000000000, 0.000000000000000000, 0.000000000000000000 ) ) ;
#3465 = DIRECTION ( 'NONE',  ( 0.000000000000000000, -0.9916236283806552088, 0.1291610608394974102 ) ) ;
#3466 = CARTESIAN_POINT ( 'NONE',  ( 0.1086555274029364498, 0.1249810025609613823, -1.327629722273909962 ) ) ;
#3467 = CIRCLE ( 'NONE', #4406, 0.04000000000000000083 ) ;
#3468 = ORIENTED_EDGE ( 'NONE', *, *, #48, .T. ) ;
#3469 = CARTESIAN_POINT ( 'NONE',  ( -0.1524009959533436653, -0.08390467443243311563, -1.131999999999999895 ) ) ;
#3470 = CARTESIAN_POINT ( 'NONE',  ( 0.000000000000000000, -0.2240000000000000324, -0.7020000000000000684 ) ) ;
#3471 = CIRCLE ( 'NONE', #1009, 0.01499999999999999424 ) ;
#3472 = VERTEX_POINT ( 'NONE', #3587 ) ;
#3473 = VERTEX_POINT ( 'NONE', #4217 ) ;
#3474 = PLANE ( 'NONE',  #3365 ) ;
#3475 = FACE_OUTER_BOUND ( 'NONE', #3403, .T. ) ;
#3476 = ORIENTED_EDGE ( 'NONE', *, *, #1079, .T. ) ;
#3477 = PLANE ( 'NONE',  #133 ) ;
#3478 = LINE ( 'NONE', #3805, #294 ) ;
#3479 = CARTESIAN_POINT ( 'NONE',  ( -0.2240000000000000324, -0.1854999999999999982, -0.8630000000000002114 ) ) ;
#3480 = ORIENTED_EDGE ( 'NONE', *, *, #192, .T. ) ;
#3481 = PRESENTATION_LAYER_ASSIGNMENT (  '', '', ( #864 ) ) ;
#3482 = ORIENTED_EDGE ( 'NONE', *, *, #1896, .T. ) ;
#3483 = EDGE_CURVE ( 'NONE', #4082, #1749, #198, .T. ) ;
#3484 = CYLINDRICAL_SURFACE ( 'NONE', #4647, 0.2240000000000000324 ) ;
#3485 = ADVANCED_FACE ( 'NONE', ( #94 ), #2462, .F. ) ;
#3486 = ADVANCED_FACE ( 'NONE', ( #4709 ), #3610, .F. ) ;
#3487 = DIRECTION ( 'NONE',  ( -1.000000000000000000, 0.000000000000000000, 0.000000000000000000 ) ) ;
#3488 = CIRCLE ( 'NONE', #3961, 0.1716571428571428970 ) ;
#3489 = CIRCLE ( 'NONE', #2611, 0.2240000000000000324 ) ;
#3490 = DIRECTION ( 'NONE',  ( 1.000000000000000000, 0.000000000000000000, 0.000000000000000000 ) ) ;
#3491 = DIRECTION ( 'NONE',  ( -1.000000000000000000, 0.000000000000000000, 0.000000000000000000 ) ) ;
#3492 = DIRECTION ( 'NONE',  ( -1.000000000000000000, 0.000000000000000000, 0.000000000000000000 ) ) ;
#3493 = CIRCLE ( 'NONE', #3415, 0.2190000000000000002 ) ;
#3494 = DIRECTION ( 'NONE',  ( 1.000000000000000000, 0.000000000000000000, 0.000000000000000000 ) ) ;
#3495 = DIRECTION ( 'NONE',  ( -0.000000000000000000, -0.000000000000000000, -1.000000000000000000 ) ) ;
#3496 = VERTEX_POINT ( 'NONE', #3216 ) ;
#3497 = DIRECTION ( 'NONE',  ( -1.000000000000000000, 0.000000000000000000, 0.000000000000000000 ) ) ;
#3498 = DIRECTION ( 'NONE',  ( -1.000000000000000000, 0.000000000000000000, 0.000000000000000000 ) ) ;
#3499 = ORIENTED_EDGE ( 'NONE', *, *, #843, .F. ) ;
#3500 = ORIENTED_EDGE ( 'NONE', *, *, #2838, .T. ) ;
#3501 = AXIS2_PLACEMENT_3D ( 'NONE', #1424, #203, #4397 ) ;
#3502 = ADVANCED_FACE ( 'NONE', ( #4346, #953 ), #1109, .F. ) ;
#3503 = ORIENTED_EDGE ( 'NONE', *, *, #4262, .F. ) ;
#3504 = FACE_OUTER_BOUND ( 'NONE', #2215, .T. ) ;
#3505 = VERTEX_POINT ( 'NONE', #1082 ) ;
#3506 = CARTESIAN_POINT ( 'NONE',  ( 0.000000000000000000, 0.000000000000000000, -0.5880000000000000782 ) ) ;
#3507 = CARTESIAN_POINT ( 'NONE',  ( -0.2190000000000000002, 0.000000000000000000, -0.5880000000000000782 ) ) ;
#3508 = ORIENTED_EDGE ( 'NONE', *, *, #3357, .T. ) ;
#3509 = EDGE_CURVE ( 'NONE', #259, #714, #2778, .T. ) ;
#3510 = EDGE_LOOP ( 'NONE', ( #4314, #2058 ) ) ;
#3511 = DIRECTION ( 'NONE',  ( -0.000000000000000000, -0.000000000000000000, -1.000000000000000000 ) ) ;
#3512 = CARTESIAN_POINT ( 'NONE',  ( 0.1499602011100214516, 0.09549711140722297320, -1.042999999999999705 ) ) ;
#3513 = CARTESIAN_POINT ( 'NONE',  ( -0.1164126215248649648, -0.1114231050493681013, -1.431719387040335301 ) ) ;
#3514 = CARTESIAN_POINT ( 'NONE',  ( 0.2240000000000000324, 2.743208830090071273E-17, 0.000000000000000000 ) ) ;
#3515 = CARTESIAN_POINT ( 'NONE',  ( 0.000000000000000000, 0.000000000000000000, -0.03799999999999999906 ) ) ;
#3516 = CARTESIAN_POINT ( 'NONE',  ( 0.000000000000000000, 0.000000000000000000, -0.6640000000000002567 ) ) ;
#3517 = DIRECTION ( 'NONE',  ( -0.000000000000000000, -0.000000000000000000, 1.000000000000000000 ) ) ;
#3518 = FACE_OUTER_BOUND ( 'NONE', #545, .T. ) ;
#3519 = CARTESIAN_POINT ( 'NONE',  ( 0.000000000000000000, 0.000000000000000000, -0.05300000000000001932 ) ) ;
#3520 = VERTEX_POINT ( 'NONE', #4176 ) ;
#3521 = VERTEX_POINT ( 'NONE', #4130 ) ;
#3522 = AXIS2_PLACEMENT_3D ( 'NONE', #543, #522, #1262 ) ;
#3523 = EDGE_LOOP ( 'NONE', ( #4400, #3770, #3446, #1914, #4132 ) ) ;
#3524 = DIRECTION ( 'NONE',  ( -1.000000000000000000, 0.000000000000000000, 0.000000000000000000 ) ) ;
#3525 = LINE ( 'NONE', #919, #1628 ) ;
#3526 = AXIS2_PLACEMENT_3D ( 'NONE', #2885, #975, #4412 ) ;
#3527 = ORIENTED_EDGE ( 'NONE', *, *, #3803, .T. ) ;
#3528 = AXIS2_PLACEMENT_3D ( 'NONE', #3200, #4185, #4211 ) ;
#3529 = CARTESIAN_POINT ( 'NONE',  ( 0.2179999999999999993, 2.669730022141229935E-17, 0.000000000000000000 ) ) ;
#3530 = CARTESIAN_POINT ( 'NONE',  ( 0.1168110236220472470, 0.000000000000000000, -0.05300000000000001932 ) ) ;
#3531 = ORIENTED_EDGE ( 'NONE', *, *, #1268, .F. ) ;
#3532 = VECTOR ( 'NONE', #891, 39.37007874015748143 ) ;
#3533 = VERTEX_POINT ( 'NONE', #2620 ) ;
#3534 = DIRECTION ( 'NONE',  ( 1.000000000000000000, 0.000000000000000000, 0.000000000000000000 ) ) ;
#3535 = DIRECTION ( 'NONE',  ( -1.000000000000000000, 0.000000000000000000, 0.000000000000000000 ) ) ;
#3536 = DIRECTION ( 'NONE',  ( -1.000000000000000000, 0.000000000000000000, 0.000000000000000000 ) ) ;
#3537 = CARTESIAN_POINT ( 'NONE',  ( 0.005545194838543993608, 0.01175691724979135121, -2.208000000000000185 ) ) ;
#3538 = CARTESIAN_POINT ( 'NONE',  ( -0.2240000000000000324, 0.1504621848739496059, -1.131999999999999895 ) ) ;
#3539 = VECTOR ( 'NONE', #2046, 39.37007874015748143 ) ;
#3540 = CARTESIAN_POINT ( 'NONE',  ( -0.1540272494696167671, -0.07231223745764317479, -1.220999999999999863 ) ) ;
#3541 = DIRECTION ( 'NONE',  ( 0.000000000000000000, -1.000000000000000000, 0.000000000000000000 ) ) ;
#3542 = DIRECTION ( 'NONE',  ( -1.000000000000000000, 0.000000000000000000, 0.000000000000000000 ) ) ;
#3543 = ORIENTED_EDGE ( 'NONE', *, *, #4481, .F. ) ;
#3544 = EDGE_LOOP ( 'NONE', ( #3249, #3236 ) ) ;
#3545 = ADVANCED_FACE ( 'NONE', ( #3019 ), #2242, .T. ) ;
#3546 = ADVANCED_FACE ( 'NONE', ( #3765, #1875 ), #1900, .T. ) ;
#3547 = EDGE_CURVE ( 'NONE', #3585, #665, #4524, .T. ) ;
#3548 = EDGE_CURVE ( 'NONE', #4159, #3702, #2222, .T. ) ;
#3549 = ORIENTED_EDGE ( 'NONE', *, *, #3457, .F. ) ;
#3550 = CIRCLE ( 'NONE', #3313, 0.2179999999999999993 ) ;
#3551 = AXIS2_PLACEMENT_3D ( 'NONE', #1593, #1195, #3057 ) ;
#3552 = CARTESIAN_POINT ( 'NONE',  ( 0.04000000000000000083, 4.898587196589413537E-18, -0.1380000000000000115 ) ) ;
#3553 = CARTESIAN_POINT ( 'NONE',  ( -0.2240000000000000324, -0.1000559349366348383, -1.007999999999999785 ) ) ;
#3554 = ORIENTED_EDGE ( 'NONE', *, *, #4443, .F. ) ;
#3555 = ADVANCED_FACE ( 'NONE', ( #1850 ), #4044, .T. ) ;
#3556 = DIRECTION ( 'NONE',  ( -0.000000000000000000, -0.000000000000000000, -1.000000000000000000 ) ) ;
#3557 = DIRECTION ( 'NONE',  ( -0.000000000000000000, -0.000000000000000000, 1.000000000000000000 ) ) ;
#3558 = ORIENTED_EDGE ( 'NONE', *, *, #2773, .T. ) ;
#3559 = ORIENTED_EDGE ( 'NONE', *, *, #3660, .T. ) ;
#3560 = LINE ( 'NONE', #3159, #853 ) ;
#3561 = CARTESIAN_POINT ( 'NONE',  ( 0.000000000000000000, 0.000000000000000000, -0.8630000000000001004 ) ) ;
#3562 = AXIS2_PLACEMENT_3D ( 'NONE', #4035, #4820, #618 ) ;
#3563 = CARTESIAN_POINT ( 'NONE',  ( -0.2190000000000000002, 2.681976490132703440E-17, -0.6970000000000000639 ) ) ;
#3564 = ADVANCED_FACE ( 'NONE', ( #1526 ), #3390, .F. ) ;
#3565 = DIRECTION ( 'NONE',  ( 0.000000000000000000, 0.000000000000000000, 1.000000000000000000 ) ) ;
#3566 = DIRECTION ( 'NONE',  ( -1.000000000000000000, 0.000000000000000000, 0.000000000000000000 ) ) ;
#3567 = LINE ( 'NONE', #4248, #3568 ) ;
#3568 = VECTOR ( 'NONE', #4327, 39.37007874015748143 ) ;
#3569 = CARTESIAN_POINT ( 'NONE',  ( 0.1546283477921912008, -0.06527862401226501576, -1.274999999999999911 ) ) ;
#3570 = LINE ( 'NONE', #838, #2139 ) ;
#3571 = ORIENTED_EDGE ( 'NONE', *, *, #2147, .F. ) ;
#3572 = ADVANCED_FACE ( 'NONE', ( #4880 ), #2690, .T. ) ;
#3573 = CARTESIAN_POINT ( 'NONE',  ( 0.1038771310065983167, -0.1318361344537815893, -1.274999999999999911 ) ) ;
#3574 = CIRCLE ( 'NONE', #4192, 0.1663428571428571257 ) ;
#3575 = VERTEX_POINT ( 'NONE', #3419 ) ;
#3576 = DIRECTION ( 'NONE',  ( -1.000000000000000000, 0.000000000000000000, 0.000000000000000000 ) ) ;
#3577 = DIRECTION ( 'NONE',  ( -0.000000000000000000, -0.000000000000000000, -1.000000000000000000 ) ) ;
#3578 = AXIS2_PLACEMENT_3D ( 'NONE', #784, #3788, #20 ) ;
#3579 = ADVANCED_FACE ( 'NONE', ( #1135 ), #3837, .T. ) ;
#3580 = EDGE_LOOP ( 'NONE', ( #1405, #4072, #2251, #3211 ) ) ;
#3581 = AXIS2_PLACEMENT_3D ( 'NONE', #1204, #4223, #3494 ) ;
#3582 = DIRECTION ( 'NONE',  ( 1.000000000000000000, 0.000000000000000000, 0.000000000000000000 ) ) ;
#3583 = PLANE ( 'NONE',  #1416 ) ;
#3584 = EDGE_LOOP ( 'NONE', ( #1955, #1118, #2176, #3452 ) ) ;
#3585 = VERTEX_POINT ( 'NONE', #762 ) ;
#3586 = CARTESIAN_POINT ( 'NONE',  ( 0.0002500000000000000052, 0.007005446710218416438, -1.457292893218813612 ) ) ;
#3587 = CARTESIAN_POINT ( 'NONE',  ( -0.09431023057885463967, 0.1434285714285714608, -1.185999999999999943 ) ) ;
#3588 = DIRECTION ( 'NONE',  ( 1.000000000000000000, 0.000000000000000000, 0.000000000000000000 ) ) ;
#3589 = ORIENTED_EDGE ( 'NONE', *, *, #124, .T. ) ;
#3590 = CARTESIAN_POINT ( 'NONE',  ( 0.000000000000000000, 0.000000000000000000, -1.399000000000000021 ) ) ;
#3591 = CARTESIAN_POINT ( 'NONE',  ( 0.0002500000000000000594, 0.007005446710218416438, -2.207500000000000018 ) ) ;
#3592 = ADVANCED_FACE ( 'NONE', ( #2266 ), #3065, .F. ) ;
#3593 = CARTESIAN_POINT ( 'NONE',  ( 0.2179999999999999993, 2.669730022141229935E-17, -0.6030000000000000915 ) ) ;
#3594 = ORIENTED_EDGE ( 'NONE', *, *, #2009, .F. ) ;
#3595 = CARTESIAN_POINT ( 'NONE',  ( 0.09832927531376374486, -0.1388697478991597622, -1.220999999999999863 ) ) ;
#3596 =( BOUNDED_CURVE ( )  B_SPLINE_CURVE ( 3, ( #3329, #1389, #1069, #695 ),
 .UNSPECIFIED., .F., .T. ) 
 B_SPLINE_CURVE_WITH_KNOTS ( ( 4, 4 ),
 ( 4.967955339622990962, 4.996775328293031393 ),
 .UNSPECIFIED. ) 
 CURVE ( )  GEOMETRIC_REPRESENTATION_ITEM ( )  RATIONAL_B_SPLINE_CURVE ( ( 1.000000000000000000, 0.9999307852187927503, 0.9999307852187927503, 1.000000000000000000 ) ) 
 REPRESENTATION_ITEM ( '' )  );
#3597 = ORIENTED_EDGE ( 'NONE', *, *, #390, .T. ) ;
#3598 = CARTESIAN_POINT ( 'NONE',  ( -0.1548646245976517122, 0.06071980048285317844, -1.310000000000000053 ) ) ;
#3599 = CARTESIAN_POINT ( 'NONE',  ( 0.07624201275173772552, 0.1598480311855852154, -1.059940921865507590 ) ) ;
#3600 = AXIS2_PLACEMENT_3D ( 'NONE', #3111, #4300, #904 ) ;
#3601 = VERTEX_POINT ( 'NONE', #3367 ) ;
#3602 = AXIS2_PLACEMENT_3D ( 'NONE', #4070, #677, #998 ) ;
#3603 = CARTESIAN_POINT ( 'NONE',  ( -0.2190000000000000002, 2.681976490132703440E-17, -0.5980000000000000870 ) ) ;
#3604 = CARTESIAN_POINT ( 'NONE',  ( 0.000000000000000000, 0.000000000000000000, -0.7200000000000000844 ) ) ;
#3605 = EDGE_LOOP ( 'NONE', ( #2527, #169, #3146, #4319 ) ) ;
#3606 = EDGE_LOOP ( 'NONE', ( #4085, #4725, #2682, #2230, #925, #4482, #3281, #1558 ) ) ;
#3607 = DIRECTION ( 'NONE',  ( 0.000000000000000000, 0.000000000000000000, -1.000000000000000000 ) ) ;
#3608 = CIRCLE ( 'NONE', #1224, 0.2179999999999999993 ) ;
#3609 = EDGE_CURVE ( 'NONE', #631, #1809, #2616, .T. ) ;
#3610 = PLANE ( 'NONE',  #4366 ) ;
#3611 = EDGE_CURVE ( 'NONE', #3258, #2924, #96, .T. ) ;
#3612 = TOROIDAL_SURFACE ( 'NONE', #2971, 0.1899999999999999467, 0.02000000000000000042 ) ;
#3613 = DIRECTION ( 'NONE',  ( 1.000000000000000000, 0.000000000000000000, -0.000000000000000000 ) ) ;
#3614 = ORIENTED_EDGE ( 'NONE', *, *, #1357, .T. ) ;
#3615 = CARTESIAN_POINT ( 'NONE',  ( -0.1504193919682266789, 0.000000000000000000, -1.448000000000000176 ) ) ;
#3616 = CARTESIAN_POINT ( 'NONE',  ( 0.000000000000000000, 0.000000000000000000, 0.3728178745531591232 ) ) ;
#3617 = DIRECTION ( 'NONE',  ( 0.000000000000000000, 0.000000000000000000, -1.000000000000000000 ) ) ;
#3618 = EDGE_CURVE ( 'NONE', #2279, #3071, #3634, .T. ) ;
#3619 = CARTESIAN_POINT ( 'NONE',  ( -0.1546283477921913674, 0.06527862401226496025, -1.274999999999999911 ) ) ;
#3620 = ORIENTED_EDGE ( 'NONE', *, *, #128, .T. ) ;
#3621 = CARTESIAN_POINT ( 'NONE',  ( 0.1167466422136597126, 0.1074928072102494109, -1.454101441283011553 ) ) ;
#3622 = ORIENTED_EDGE ( 'NONE', *, *, #538, .T. ) ;
#3623 = PLANE ( 'NONE',  #2014 ) ;
#3624 = LINE ( 'NONE', #2854, #4732 ) ;
#3625 = VERTEX_POINT ( 'NONE', #4597 ) ;
#3626 = CIRCLE ( 'NONE', #4249, 0.1318110236220472464 ) ;
#3627 = DIRECTION ( 'NONE',  ( 0.000000000000000000, 0.000000000000000000, -1.000000000000000000 ) ) ;
#3628 = CARTESIAN_POINT ( 'NONE',  ( -0.1174615737310078095, -0.1091342860131922360, -1.449291610608395064 ) ) ;
#3629 = ORIENTED_EDGE ( 'NONE', *, *, #4077, .T. ) ;
#3630 = VECTOR ( 'NONE', #2683, 39.37007874015748143 ) ;
#3631 = VERTEX_POINT ( 'NONE', #3915 ) ;
#3632 = FACE_BOUND ( 'NONE', #3920, .T. ) ;
#3633 = CIRCLE ( 'NONE', #4875, 0.2099999999999999922 ) ;
#3634 =( BOUNDED_CURVE ( )  B_SPLINE_CURVE ( 3, ( #3092, #4693, #4618, #932 ),
 .UNSPECIFIED., .F., .T. ) 
 B_SPLINE_CURVE_WITH_KNOTS ( ( 4, 4 ),
 ( 4.824158806431189994, 4.852155933596300486 ),
 .UNSPECIFIED. ) 
 CURVE ( )  GEOMETRIC_REPRESENTATION_ITEM ( )  RATIONAL_B_SPLINE_CURVE ( ( 1.000000000000000000, 0.9999346811392079148, 0.9999346811392079148, 1.000000000000000000 ) ) 
 REPRESENTATION_ITEM ( '' )  );
#3635 = LINE ( 'NONE', #4447, #1241 ) ;
#3636 = EDGE_LOOP ( 'NONE', ( #222, #874, #3023, #1286 ) ) ;
#3637 = CARTESIAN_POINT ( 'NONE',  ( 0.000000000000000000, 0.000000000000000000, -0.6870000000000000551 ) ) ;
#3638 = EDGE_CURVE ( 'NONE', #2297, #4030, #745, .T. ) ;
#3639 = ADVANCED_FACE ( 'NONE', ( #881, #3937 ), #2074, .F. ) ;
#3640 = DIRECTION ( 'NONE',  ( 1.000000000000000000, 0.000000000000000000, 0.000000000000000000 ) ) ;
#3641 = CARTESIAN_POINT ( 'NONE',  ( -0.2240000000000000324, 0.07231223745764311928, -1.220999999999999863 ) ) ;
#3642 = CIRCLE ( 'NONE', #4882, 0.005000000000000014849 ) ;
#3643 = CARTESIAN_POINT ( 'NONE',  ( 0.1524009959533436653, -0.08390467443243311563, -1.131999999999999895 ) ) ;
#3644 = AXIS2_PLACEMENT_3D ( 'NONE', #4586, #2151, #2173 ) ;
#3645 = AXIS2_PLACEMENT_3D ( 'NONE', #966, #2107, #1065 ) ;
#3646 = EDGE_LOOP ( 'NONE', ( #527, #729, #2321, #1366 ) ) ;
#3647 = PLANE ( 'NONE',  #2685 ) ;
#3648 = VECTOR ( 'NONE', #1450, 39.37007874015748143 ) ;
#3649 = ORIENTED_EDGE ( 'NONE', *, *, #4262, .T. ) ;
#3650 = CARTESIAN_POINT ( 'NONE',  ( -0.2240000000000000324, 0.07231223745764311928, -1.220999999999999863 ) ) ;
#3651 = ORIENTED_EDGE ( 'NONE', *, *, #3088, .F. ) ;
#3652 = AXIS2_PLACEMENT_3D ( 'NONE', #1333, #1307, #638 ) ;
#3653 = EDGE_CURVE ( 'NONE', #2782, #1749, #3818, .T. ) ;
#3654 = LINE ( 'NONE', #240, #3808 ) ;
#3655 = DIRECTION ( 'NONE',  ( 1.000000000000000000, 0.000000000000000000, 0.000000000000000000 ) ) ;
#3656 = ORIENTED_EDGE ( 'NONE', *, *, #1331, .F. ) ;
#3657 = EDGE_LOOP ( 'NONE', ( #1169, #3224, #964, #949 ) ) ;
#3658 = CARTESIAN_POINT ( 'NONE',  ( -0.04000000000000000083, 0.000000000000000000, -0.4499999999999999556 ) ) ;
#3659 = VECTOR ( 'NONE', #171, 39.37007874015748143 ) ;
#3660 = EDGE_CURVE ( 'NONE', #719, #4539, #2791, .T. ) ;
#3661 = CARTESIAN_POINT ( 'NONE',  ( -0.1549259135372739182, 0.04912736350806325841, -1.399000000000000021 ) ) ;
#3662 = DIRECTION ( 'NONE',  ( -1.000000000000000000, 0.000000000000000000, 0.000000000000000000 ) ) ;
#3663 = ORIENTED_EDGE ( 'NONE', *, *, #2292, .F. ) ;
#3664 = CARTESIAN_POINT ( 'NONE',  ( 0.1549912924716461693, 0.05216629382191986797, -1.375668857590391259 ) ) ;
#3665 = LINE ( 'NONE', #2543, #3343 ) ;
#3666 = DIRECTION ( 'NONE',  ( 0.000000000000000000, 0.000000000000000000, 1.000000000000000000 ) ) ;
#3667 = AXIS2_PLACEMENT_3D ( 'NONE', #4340, #1238, #3209 ) ;
#3668 = AXIS2_PLACEMENT_3D ( 'NONE', #1038, #2996, #4195 ) ;
#3669 = CARTESIAN_POINT ( 'NONE',  ( -0.1548058280245449281, -0.06224051940676508798, -1.298324803100290081 ) ) ;
#3670 = VERTEX_POINT ( 'NONE', #2392 ) ;
#3671 = DIRECTION ( 'NONE',  ( -0.000000000000000000, -0.000000000000000000, -1.000000000000000000 ) ) ;
#3672 = B_SPLINE_CURVE_WITH_KNOTS ( 'NONE', 3,
 ( #4225, #3020, #736, #2640 ),
 .UNSPECIFIED., .F., .F.,
 ( 4, 4 ),
 ( 0.000000000000000000, 2.211654043343143491E-05 ),
 .UNSPECIFIED. ) ;
#3673 = EDGE_CURVE ( 'NONE', #4761, #3445, #1472, .T. ) ;
#3674 = EDGE_CURVE ( 'NONE', #4611, #2346, #3180, .T. ) ;
#3675 = ORIENTED_EDGE ( 'NONE', *, *, #3869, .T. ) ;
#3676 = CARTESIAN_POINT ( 'NONE',  ( -0.2240000000000000324, 0.1156848739495798528, -1.399000000000000021 ) ) ;
#3677 = DIRECTION ( 'NONE',  ( 1.000000000000000000, 0.000000000000000000, 0.000000000000000000 ) ) ;
#3678 = VERTEX_POINT ( 'NONE', #4669 ) ;
#3679 = AXIS2_PLACEMENT_3D ( 'NONE', #4079, #2591, #1473 ) ;
#3680 = ORIENTED_EDGE ( 'NONE', *, *, #281, .T. ) ;
#3681 = DIRECTION ( 'NONE',  ( -1.000000000000000000, 0.000000000000000000, 0.000000000000000000 ) ) ;
#3682 = ORIENTED_EDGE ( 'NONE', *, *, #4207, .F. ) ;
#3683 = ORIENTED_EDGE ( 'NONE', *, *, #1027, .F. ) ;
#3684 = CARTESIAN_POINT ( 'NONE',  ( 0.000000000000000000, 0.000000000000000000, -0.01000000000000002970 ) ) ;
#3685 = FACE_OUTER_BOUND ( 'NONE', #2855, .T. ) ;
#3686 = VERTEX_POINT ( 'NONE', #2417 ) ;
#3687 = CARTESIAN_POINT ( 'NONE',  ( 0.000000000000000000, 0.000000000000000000, -0.6820000000000001616 ) ) ;
#3688 = TOROIDAL_SURFACE ( 'NONE', #3049, 0.1504193919682266789, 0.01000000000000000021 ) ;
#3689 = DIRECTION ( 'NONE',  ( 0.000000000000000000, -0.1291610608394971327, 0.9916236283806550977 ) ) ;
#3690 = DIRECTION ( 'NONE',  ( -1.000000000000000000, 0.000000000000000000, 0.000000000000000000 ) ) ;
#3691 = CIRCLE ( 'NONE', #3406, 0.004999999999999946328 ) ;
#3692 = DIRECTION ( 'NONE',  ( -0.000000000000000000, -0.000000000000000000, -1.000000000000000000 ) ) ;
#3693 = AXIS2_PLACEMENT_3D ( 'NONE', #1564, #3752, #2608 ) ;
#3694 = LINE ( 'NONE', #1356, #1021 ) ;
#3695 = ORIENTED_EDGE ( 'NONE', *, *, #1588, .F. ) ;
#3696 = FACE_OUTER_BOUND ( 'NONE', #2977, .T. ) ;
#3697 = DIRECTION ( 'NONE',  ( -1.000000000000000000, -1.224646799147346798E-16, 0.000000000000000000 ) ) ;
#3698 = EDGE_LOOP ( 'NONE', ( #2774, #104, #836, #208 ) ) ;
#3699 = EDGE_CURVE ( 'NONE', #2597, #3072, #1835, .T. ) ;
#3700 = EDGE_CURVE ( 'NONE', #2744, #1958, #3436, .T. ) ;
#3701 = EDGE_CURVE ( 'NONE', #309, #4860, #411, .T. ) ;
#3702 = VERTEX_POINT ( 'NONE', #149 ) ;
#3703 = CARTESIAN_POINT ( 'NONE',  ( 0.000000000000000000, 0.000000000000000000, -0.5500000000000000444 ) ) ;
#3704 = CARTESIAN_POINT ( 'NONE',  ( -0.2099999999999999922, 2.571758278209441587E-17, -0.8040000000000000480 ) ) ;
#3705 = ORIENTED_EDGE ( 'NONE', *, *, #393, .F. ) ;
#3706 = ADVANCED_FACE ( 'NONE', ( #3112 ), #2698, .T. ) ;
#3707 = DIRECTION ( 'NONE',  ( 0.000000000000000000, 0.000000000000000000, 1.000000000000000000 ) ) ;
#3708 = LINE ( 'NONE', #1074, #206 ) ;
#3709 = AXIS2_PLACEMENT_3D ( 'NONE', #3909, #901, #507 ) ;
#3710 = DIRECTION ( 'NONE',  ( -0.000000000000000000, -0.000000000000000000, -1.000000000000000000 ) ) ;
#3711 = VERTEX_POINT ( 'NONE', #489 ) ;
#3712 = CARTESIAN_POINT ( 'NONE',  ( -0.1151350563485242645, -0.1038435135125238273, -1.457181793694573679 ) ) ;
#3713 = FACE_OUTER_BOUND ( 'NONE', #1965, .T. ) ;
#3714 = EDGE_CURVE ( 'NONE', #956, #2425, #1627, .T. ) ;
#3715 = DIRECTION ( 'NONE',  ( 0.000000000000000000, -0.1291610608394971604, -0.9916236283806550977 ) ) ;
#3716 = B_SPLINE_CURVE_WITH_KNOTS ( 'NONE', 3,
 ( #1342, #1719, #4779, #3628 ),
 .UNSPECIFIED., .F., .F.,
 ( 4, 4 ),
 ( 6.992893892674702526E-18, 2.211654043343175001E-05 ),
 .UNSPECIFIED. ) ;
#3717 = LINE ( 'NONE', #3275, #1581 ) ;
#3718 = CIRCLE ( 'NONE', #2280, 0.2240000000000000324 ) ;
#3719 = ORIENTED_EDGE ( 'NONE', *, *, #4688, .T. ) ;
#3720 = AXIS2_PLACEMENT_3D ( 'NONE', #1716, #4010, #3697 ) ;
#3721 = CARTESIAN_POINT ( 'NONE',  ( 0.000000000000000000, 0.000000000000000000, 0.000000000000000000 ) ) ;
#3723 = EDGE_CURVE ( 'NONE', #812, #4487, #335, .T. ) ;
#3722 = PLANE ( 'NONE',  #1499 ) ;
#3724 = ORIENTED_EDGE ( 'NONE', *, *, #2536, .T. ) ;
#3725 = CIRCLE ( 'NONE', #3253, 0.1318110236220472464 ) ;
#3726 = ORIENTED_EDGE ( 'NONE', *, *, #3862, .F. ) ;
#3727 = CARTESIAN_POINT ( 'NONE',  ( -0.2190000000000000002, 0.000000000000000000, -0.6209999999999999964 ) ) ;
#3728 = ORIENTED_EDGE ( 'NONE', *, *, #4238, .F. ) ;
#3729 = CIRCLE ( 'NONE', #1111, 0.1792857142857142982 ) ;
#3730 = CARTESIAN_POINT ( 'NONE',  ( 0.000000000000000000, 0.000000000000000000, -0.4499999999999999556 ) ) ;
#3731 = CARTESIAN_POINT ( 'NONE',  ( -0.2190000000000000002, 0.000000000000000000, -0.7150000000000001910 ) ) ;
#3732 = CARTESIAN_POINT ( 'NONE',  ( -0.09832927531376377261, 0.1388697478991597067, -1.220999999999999863 ) ) ;
#3733 = ORIENTED_EDGE ( 'NONE', *, *, #3611, .F. ) ;
#3734 = AXIS2_PLACEMENT_3D ( 'NONE', #434, #1894, #4193 ) ;
#3735 = DIRECTION ( 'NONE',  ( 1.000000000000000000, -0.000000000000000000, -0.000000000000000000 ) ) ;
#3736 = PLANE ( 'NONE',  #2378 ) ;
#3737 = CIRCLE ( 'NONE', #103, 0.2240000000000000324 ) ;
#3738 = DIRECTION ( 'NONE',  ( 0.000000000000000000, 0.000000000000000000, 1.000000000000000000 ) ) ;
#3739 = DIRECTION ( 'NONE',  ( -1.000000000000000000, 0.000000000000000000, 0.000000000000000000 ) ) ;
#3740 = B_SPLINE_CURVE_WITH_KNOTS ( 'NONE', 3,
 ( #4219, #69, #2989, #4194, #1897, #4545 ),
 .UNSPECIFIED., .F., .F.,
 ( 4, 2, 4 ),
 ( -3.676705437102478298E-06, 0.0001898447870865417153, 0.0003833662796101859182 ),
 .UNSPECIFIED. ) ;
#3741 = DIRECTION ( 'NONE',  ( -0.000000000000000000, 0.000000000000000000, -1.000000000000000000 ) ) ;
#3742 = EDGE_CURVE ( 'NONE', #3429, #185, #962, .T. ) ;
#3743 = DIRECTION ( 'NONE',  ( -0.000000000000000000, -0.000000000000000000, -1.000000000000000000 ) ) ;
#3744 = EDGE_LOOP ( 'NONE', ( #4254, #36, #1469, #1112 ) ) ;
#3745 = PLANE ( 'NONE',  #1920 ) ;
#3746 = LENGTH_MEASURE_WITH_UNIT ( LENGTH_MEASURE( 0.02539999999999999897 ), #1529 );
#3747 = ORIENTED_EDGE ( 'NONE', *, *, #663, .F. ) ;
#3748 = VERTEX_POINT ( 'NONE', #907 ) ;
#3749 = CARTESIAN_POINT ( 'NONE',  ( -0.0002500000000000000594, 0.007505446710218416882, -1.458000000000000185 ) ) ;
#3750 = ORIENTED_EDGE ( 'NONE', *, *, #2318, .T. ) ;
#3751 =( BOUNDED_CURVE ( )  B_SPLINE_CURVE ( 3, ( #3598, #965, #1737, #3966 ),
 .UNSPECIFIED., .F., .T. ) 
 B_SPLINE_CURVE_WITH_KNOTS ( ( 4, 4 ),
 ( 4.753309579128503159, 4.781127364972300064 ),
 .UNSPECIFIED. ) 
 CURVE ( )  GEOMETRIC_REPRESENTATION_ITEM ( )  RATIONAL_B_SPLINE_CURVE ( ( 1.000000000000000000, 0.9999355152721591811, 0.9999355152721591811, 1.000000000000000000 ) ) 
 REPRESENTATION_ITEM ( '' )  );
#3752 = DIRECTION ( 'NONE',  ( -0.000000000000000000, 0.000000000000000000, -1.000000000000000000 ) ) ;
#3753 = CARTESIAN_POINT ( 'NONE',  ( -0.1115653416679154158, 0.1202436974789916069, -1.363999999999999879 ) ) ;
#3754 = ORIENTED_EDGE ( 'NONE', *, *, #3757, .T. ) ;
#3755 = VECTOR ( 'NONE', #2945, 39.37007874015748143 ) ;
#3756 = ORIENTED_EDGE ( 'NONE', *, *, #4207, .T. ) ;
#3757 = EDGE_CURVE ( 'NONE', #1115, #234, #177, .T. ) ;
#3758 = EDGE_CURVE ( 'NONE', #4787, #1438, #2762, .T. ) ;
#3759 = CARTESIAN_POINT ( 'NONE',  ( -0.2240000000000000324, -0.1550210084033614155, -1.096999999999999753 ) ) ;
#3760 = EDGE_CURVE ( 'NONE', #91, #3171, #3665, .T. ) ;
#3761 = DIRECTION ( 'NONE',  ( -0.000000000000000000, -0.000000000000000000, -1.000000000000000000 ) ) ;
#3762 = CIRCLE ( 'NONE', #2969, 0.2149999999999999689 ) ;
#3763 = CARTESIAN_POINT ( 'NONE',  ( -0.2190000000000000002, 0.000000000000000000, -0.6870000000000000551 ) ) ;
#3764 = CARTESIAN_POINT ( 'NONE',  ( -0.2240000000000000324, -0.1272773109243697798, -1.310000000000000053 ) ) ;
#3765 = FACE_BOUND ( 'NONE', #1533, .T. ) ;
#3766 = DIRECTION ( 'NONE',  ( 0.000000000000000000, 0.000000000000000000, 1.000000000000000000 ) ) ;
#3767 = ADVANCED_FACE ( 'NONE', ( #3241 ), #3100, .T. ) ;
#3768 = TOROIDAL_SURFACE ( 'NONE', #293, 0.2190000000000000002, 0.005000000000000000104 ) ;
#3769 = DIRECTION ( 'NONE',  ( 0.000000000000000000, -0.000000000000000000, 1.000000000000000000 ) ) ;
#3770 = ORIENTED_EDGE ( 'NONE', *, *, #1634, .F. ) ;
#3771 = EDGE_LOOP ( 'NONE', ( #537, #3680, #2629, #4234 ) ) ;
#3772 = ORIENTED_EDGE ( 'NONE', *, *, #1614, .T. ) ;
#3773 = CARTESIAN_POINT ( 'NONE',  ( 0.000000000000000000, 0.000000000000000000, -0.8000125210645688822 ) ) ;
#3774 = VERTEX_POINT ( 'NONE', #1756 ) ;
#3775 = CARTESIAN_POINT ( 'NONE',  ( 0.2240000000000000324, 2.743208830090071273E-17, 0.000000000000000000 ) ) ;
#3776 = CARTESIAN_POINT ( 'NONE',  ( -0.0002500000000000000052, 0.007505446710218416882, -2.208000000000000185 ) ) ;
#3777 = DIRECTION ( 'NONE',  ( 1.000000000000000000, 0.000000000000000000, 0.000000000000000000 ) ) ;
#3778 = EDGE_LOOP ( 'NONE', ( #3878, #4560, #4358, #3724 ) ) ;
#3779 = VERTEX_POINT ( 'NONE', #3293 ) ;
#3780 = FACE_OUTER_BOUND ( 'NONE', #1017, .T. ) ;
#3781 =( BOUNDED_CURVE ( )  B_SPLINE_CURVE ( 3, ( #4095, #2214, #4588, #3732 ),
 .UNSPECIFIED., .F., .T. ) 
 B_SPLINE_CURVE_WITH_KNOTS ( ( 4, 4 ),
 ( 5.375434790090525716, 5.441106154736340628 ),
 .UNSPECIFIED. ) 
 CURVE ( )  GEOMETRIC_REPRESENTATION_ITEM ( )  RATIONAL_B_SPLINE_CURVE ( ( 1.000000000000000000, 0.9996406382786497957, 0.9996406382786497957, 1.000000000000000000 ) ) 
 REPRESENTATION_ITEM ( '' )  );
#3782 = DIRECTION ( 'NONE',  ( -1.000000000000000000, 0.000000000000000000, 0.000000000000000000 ) ) ;
#3783 = TOROIDAL_SURFACE ( 'NONE', #2270, 0.1654999999999999805, 0.01000000000000000021 ) ;
#3784 = VECTOR ( 'NONE', #2062, 39.37007874015748143 ) ;
#3785 = DIRECTION ( 'NONE',  ( -1.000000000000000000, -1.224646799147346798E-16, 0.000000000000000000 ) ) ;
#3786 = EDGE_CURVE ( 'NONE', #2597, #1840, #4789, .T. ) ;
#3787 = DIRECTION ( 'NONE',  ( -1.000000000000000000, 0.000000000000000000, 0.000000000000000000 ) ) ;
#3788 = DIRECTION ( 'NONE',  ( 0.000000000000000000, 0.000000000000000000, 1.000000000000000000 ) ) ;
#3789 = AXIS2_PLACEMENT_3D ( 'NONE', #2336, #3462, #66 ) ;
#3790 = CARTESIAN_POINT ( 'NONE',  ( -0.2240000000000000324, 0.07687106098705488721, -1.185999999999999943 ) ) ;
#3791 = CIRCLE ( 'NONE', #3154, 0.1663428571428571257 ) ;
#3792 = ORIENTED_EDGE ( 'NONE', *, *, #692, .T. ) ;
#3793 =( BOUNDED_CURVE ( )  B_SPLINE_CURVE ( 3, ( #4744, #611, #1003, #4765 ),
 .UNSPECIFIED., .F., .T. ) 
 B_SPLINE_CURVE_WITH_KNOTS ( ( 4, 4 ),
 ( 0.8420791524432457154, 0.9077505170890608488 ),
 .UNSPECIFIED. ) 
 CURVE ( )  GEOMETRIC_REPRESENTATION_ITEM ( )  RATIONAL_B_SPLINE_CURVE ( ( 1.000000000000000000, 0.9996406382786497957, 0.9996406382786497957, 1.000000000000000000 ) ) 
 REPRESENTATION_ITEM ( '' )  );
#3794 =( NAMED_UNIT ( * ) SI_UNIT ( $, .STERADIAN. ) SOLID_ANGLE_UNIT ( ) );
#3795 = ORIENTED_EDGE ( 'NONE', *, *, #547, .T. ) ;
#3796 = ORIENTED_EDGE ( 'NONE', *, *, #1637, .F. ) ;
#3797 = AXIS2_PLACEMENT_3D ( 'NONE', #166, #1671, #478 ) ;
#3798 = EDGE_LOOP ( 'NONE', ( #1066, #2496, #2471, #3754 ) ) ;
#3799 = CARTESIAN_POINT ( 'NONE',  ( 0.1554999999999999993, 0.000000000000000000, -0.4499999999999999556 ) ) ;
#3800 = EDGE_LOOP ( 'NONE', ( #3867, #382, #479, #4638 ) ) ;
#3801 = AXIS2_PLACEMENT_3D ( 'NONE', #2004, #3517, #2792 ) ;
#3802 = DIRECTION ( 'NONE',  ( -0.000000000000000000, -0.000000000000000000, -1.000000000000000000 ) ) ;
#3803 = EDGE_CURVE ( 'NONE', #2907, #4611, #1350, .T. ) ;
#3804 = CIRCLE ( 'NONE', #4273, 0.2240000000000000324 ) ;
#3805 = CARTESIAN_POINT ( 'NONE',  ( -0.0002500000000000000052, -0.007005446710218416438, -1.458000000000000185 ) ) ;
#3806 = LINE ( 'NONE', #409, #1183 ) ;
#3807 = ORIENTED_EDGE ( 'NONE', *, *, #1378, .F. ) ;
#3808 = VECTOR ( 'NONE', #671, 39.37007874015748143 ) ;
#3809 = EDGE_LOOP ( 'NONE', ( #195, #3351, #1528, #3531, #1838 ) ) ;
#3810 = CARTESIAN_POINT ( 'NONE',  ( -0.2179999999999999993, 0.000000000000000000, 0.000000000000000000 ) ) ;
#3811 = AXIS2_PLACEMENT_3D ( 'NONE', #517, #1285, #2006 ) ;
#3812 = CARTESIAN_POINT ( 'NONE',  ( -0.2240000000000000324, 0.1560227590656505237, -1.399000000000000021 ) ) ;
#3814 = CIRCLE ( 'NONE', #4284, 0.2190000000000000002 ) ;
#3813 = CARTESIAN_POINT ( 'NONE',  ( -0.2240000000000000324, 0.09549711140722297320, -1.042999999999999705 ) ) ;
#3815 = DIRECTION ( 'NONE',  ( 0.000000000000000000, -1.000000000000000000, 0.000000000000000000 ) ) ;
#3816 = DIRECTION ( 'NONE',  ( -1.000000000000000000, 0.000000000000000000, 0.000000000000000000 ) ) ;
#3817 = DIRECTION ( 'NONE',  ( 0.000000000000000000, 0.000000000000000000, 1.000000000000000000 ) ) ;
#3818 = CIRCLE ( 'NONE', #3581, 0.1792857142857142982 ) ;
#3819 = EDGE_CURVE ( 'NONE', #2478, #1954, #4199, .T. ) ;
#3820 = ORIENTED_EDGE ( 'NONE', *, *, #3457, .T. ) ;
#3821 = ADVANCED_FACE ( 'NONE', ( #979 ), #4376, .F. ) ;
#3822 = ADVANCED_FACE ( 'NONE', ( #958 ), #4421, .F. ) ;
#3823 = EDGE_CURVE ( 'NONE', #647, #4448, #1327, .T. ) ;
#3824 = TOROIDAL_SURFACE ( 'NONE', #1519, 0.2190000000000000002, 0.005000000000000000104 ) ;
#3825 = EDGE_LOOP ( 'NONE', ( #1879, #3898, #238, #1814, #2828, #4257 ) ) ;
#3826 = CARTESIAN_POINT ( 'NONE',  ( 0.1174588720341970399, -0.1092467498743631277, -1.448428178383921905 ) ) ;
#3827 = VERTEX_POINT ( 'NONE', #1803 ) ;
#3828 = DIRECTION ( 'NONE',  ( 0.000000000000000000, 0.000000000000000000, 1.000000000000000000 ) ) ;
#3829 = CARTESIAN_POINT ( 'NONE',  ( 0.02343346369627510167, -0.1854882109910378218, -0.8630905091655806105 ) ) ;
#3830 = VERTEX_POINT ( 'NONE', #3317 ) ;
#3831 = ORIENTED_EDGE ( 'NONE', *, *, #2421, .T. ) ;
#3832 = DIRECTION ( 'NONE',  ( 0.000000000000000000, 0.000000000000000000, 1.000000000000000000 ) ) ;
#3833 = CIRCLE ( 'NONE', #1298, 0.1604102209264033352 ) ;
#3834 = DIRECTION ( 'NONE',  ( 0.000000000000000000, 0.000000000000000000, -1.000000000000000000 ) ) ;
#3835 = DIRECTION ( 'NONE',  ( 0.000000000000000000, 0.000000000000000000, 1.000000000000000000 ) ) ;
#3836 = PLANE ( 'NONE',  #2323 ) ;
#3837 = CYLINDRICAL_SURFACE ( 'NONE', #1432, 0.2180000000000000271 ) ;
#3838 = EDGE_LOOP ( 'NONE', ( #4650, #313, #136, #1506, #3499, #3060, #1535, #2159, #4516, #2950, #4489, #1377, #2562, #3328, #3424, #2771, #2777, #1037, #2822, #3263, #1844, #2033, #2326, #3683 ) ) ;
#3839 = DIRECTION ( 'NONE',  ( 0.000000000000000000, 0.000000000000000000, 1.000000000000000000 ) ) ;
#3840 = DIRECTION ( 'NONE',  ( -0.000000000000000000, -0.000000000000000000, -1.000000000000000000 ) ) ;
#3841 = ORIENTED_EDGE ( 'NONE', *, *, #4433, .F. ) ;
#3842 = ORIENTED_EDGE ( 'NONE', *, *, #2987, .F. ) ;
#3843 = AXIS2_PLACEMENT_3D ( 'NONE', #1284, #4304, #1928 ) ;
#3844 = CIRCLE ( 'NONE', #134, 0.2179999999999999993 ) ;
#3845 = EDGE_CURVE ( 'NONE', #3179, #290, #3737, .T. ) ;
#3846 = ORIENTED_EDGE ( 'NONE', *, *, #991, .F. ) ;
#3847 = DIRECTION ( 'NONE',  ( 0.000000000000000000, 0.000000000000000000, -1.000000000000000000 ) ) ;
#3848 = ADVANCED_FACE ( 'NONE', ( #2490 ), #4763, .T. ) ;
#3849 = ORIENTED_EDGE ( 'NONE', *, *, #4112, .T. ) ;
#3850 = EDGE_CURVE ( 'NONE', #3896, #298, #2226, .T. ) ;
#3851 = CARTESIAN_POINT ( 'NONE',  ( -0.1546283477921911731, -0.06527862401226501576, -1.274999999999999911 ) ) ;
#3852 = DIRECTION ( 'NONE',  ( -0.000000000000000000, -0.000000000000000000, -1.000000000000000000 ) ) ;
#3853 = CARTESIAN_POINT ( 'NONE',  ( -0.2240000000000000324, -0.1854999999999999982, -0.8630000000000002114 ) ) ;
#3854 = ORIENTED_EDGE ( 'NONE', *, *, #3845, .T. ) ;
#3855 = VERTEX_POINT ( 'NONE', #2191 ) ;
#3856 = CARTESIAN_POINT ( 'NONE',  ( -0.1141601790024966007, 0.1156848739495798528, -1.399000000000000021 ) ) ;
#3857 = DIRECTION ( 'NONE',  ( -1.000000000000000000, 0.000000000000000000, 0.000000000000000000 ) ) ;
#3858 = DIRECTION ( 'NONE',  ( 0.000000000000000000, -0.1291610608394971327, -0.9916236283806550977 ) ) ;
#3859 = DIRECTION ( 'NONE',  ( -0.000000000000000000, -0.000000000000000000, -1.000000000000000000 ) ) ;
#3860 = CARTESIAN_POINT ( 'NONE',  ( -0.1549940823588926986, -0.05368618703747504717, -1.363999999999999879 ) ) ;
#3861 = AXIS2_PLACEMENT_3D ( 'NONE', #2784, #3511, #117 ) ;
#3862 = EDGE_CURVE ( 'NONE', #2007, #2995, #1052, .T. ) ;
#3863 = ORIENTED_EDGE ( 'NONE', *, *, #2942, .F. ) ;
#3864 = DIRECTION ( 'NONE',  ( -0.000000000000000000, 1.000000000000000000, -0.000000000000000000 ) ) ;
#3865 = DIRECTION ( 'NONE',  ( -1.224646799147353207E-16, 1.000000000000000000, 0.000000000000000000 ) ) ;
#3866 = AXIS2_PLACEMENT_3D ( 'NONE', #3084, #4661, #1221 ) ;
#3867 = ORIENTED_EDGE ( 'NONE', *, *, #2233, .T. ) ;
#3868 = ORIENTED_EDGE ( 'NONE', *, *, #2234, .T. ) ;
#3869 = EDGE_CURVE ( 'NONE', #2931, #4178, #1373, .T. ) ;
#3870 = EDGE_CURVE ( 'NONE', #4677, #2279, #4094, .T. ) ;
#3871 = VERTEX_POINT ( 'NONE', #680 ) ;
#3872 = CARTESIAN_POINT ( 'NONE',  ( -0.2179999999999999993, 0.000000000000000000, -0.6360000000000001208 ) ) ;
#3873 = ORIENTED_EDGE ( 'NONE', *, *, #1358, .T. ) ;
#3874 = AXIS2_PLACEMENT_3D ( 'NONE', #453, #923, #2355 ) ;
#3875 = DIRECTION ( 'NONE',  ( -0.000000000000000000, -0.000000000000000000, -1.000000000000000000 ) ) ;
#3876 = DIRECTION ( 'NONE',  ( 0.000000000000000000, 0.9916236283806552088, 0.1291610608394971604 ) ) ;
#3877 = VECTOR ( 'NONE', #4859, 39.37007874015748143 ) ;
#3878 = ORIENTED_EDGE ( 'NONE', *, *, #2419, .T. ) ;
#3879 = CIRCLE ( 'NONE', #80, 0.005000000000000014849 ) ;
#3880 = AXIS2_PLACEMENT_3D ( 'NONE', #1517, #2307, #895 ) ;
#3881 = ORIENTED_EDGE ( 'NONE', *, *, #4413, .T. ) ;
#3882 = DIRECTION ( 'NONE',  ( 1.000000000000000000, 0.000000000000000000, -0.000000000000000000 ) ) ;
#3883 = LINE ( 'NONE', #458, #3659 ) ;
#3884 = AXIS2_PLACEMENT_3D ( 'NONE', #1950, #1182, #1552 ) ;
#3885 = DIRECTION ( 'NONE',  ( -0.000000000000000000, -0.000000000000000000, -1.000000000000000000 ) ) ;
#3886 = DIRECTION ( 'NONE',  ( 1.000000000000000000, 0.000000000000000000, 0.000000000000000000 ) ) ;
#3887 = PLANE ( 'NONE',  #3439 ) ;
#3888 = AXIS2_PLACEMENT_3D ( 'NONE', #2320, #885, #860 ) ;
#3889 = DIRECTION ( 'NONE',  ( 0.000000000000000000, 0.000000000000000000, 1.000000000000000000 ) ) ;
#3890 = EDGE_CURVE ( 'NONE', #4712, #4367, #2195, .T. ) ;
#3891 = DIRECTION ( 'NONE',  ( -1.000000000000000000, 0.000000000000000000, 0.000000000000000000 ) ) ;
#3892 = DIRECTION ( 'NONE',  ( 1.000000000000000000, 0.000000000000000000, 0.000000000000000000 ) ) ;
#3893 = DIRECTION ( 'NONE',  ( 0.000000000000000000, -1.000000000000000000, 0.000000000000000000 ) ) ;
#3894 = EDGE_CURVE ( 'NONE', #422, #1566, #459, .T. ) ;
#3895 = ORIENTED_EDGE ( 'NONE', *, *, #3786, .F. ) ;
#3896 = VERTEX_POINT ( 'NONE', #4496 ) ;
#3897 = AXIS2_PLACEMENT_3D ( 'NONE', #3062, #3761, #4147 ) ;
#3898 = ORIENTED_EDGE ( 'NONE', *, *, #4527, .T. ) ;
#3899 = ORIENTED_EDGE ( 'NONE', *, *, #4756, .T. ) ;
#3900 = CARTESIAN_POINT ( 'NONE',  ( -0.2099999999999999367, 2.571758278209440971E-17, -0.5450000000000000400 ) ) ;
#3901 = ORIENTED_EDGE ( 'NONE', *, *, #1177, .F. ) ;
#3902 = AXIS2_PLACEMENT_3D ( 'NONE', #3506, #1989, #113 ) ;
#3903 = DIRECTION ( 'NONE',  ( 1.000000000000000000, 0.000000000000000000, 0.000000000000000000 ) ) ;
#3904 = CARTESIAN_POINT ( 'NONE',  ( -0.2240000000000000324, 0.000000000000000000, 0.000000000000000000 ) ) ;
#3905 = ORIENTED_EDGE ( 'NONE', *, *, #3199, .T. ) ;
#3906 = ORIENTED_EDGE ( 'NONE', *, *, #2939, .T. ) ;
#3907 = CYLINDRICAL_SURFACE ( 'NONE', #3861, 0.2240000000000000324 ) ;
#3908 = CARTESIAN_POINT ( 'NONE',  ( 0.08973968314012394087, -0.1482081964947037089, -1.149304814008404119 ) ) ;
#3909 = CARTESIAN_POINT ( 'NONE',  ( 0.000000000000000000, -0.2240000000000000324, -0.6030000000000000915 ) ) ;
#3910 = ADVANCED_FACE ( 'NONE', ( #1846 ), #4852, .F. ) ;
#3911 = DIRECTION ( 'NONE',  ( -0.000000000000000000, -0.000000000000000000, -1.000000000000000000 ) ) ;
#3912 = CARTESIAN_POINT ( 'NONE',  ( 0.0002500000000000000052, -0.007005446710218416438, -1.458000000000000185 ) ) ;
#3913 = ADVANCED_FACE ( 'NONE', ( #3780 ), #1329, .T. ) ;
#3914 = EDGE_CURVE ( 'NONE', #967, #2532, #3282, .T. ) ;
#3915 = CARTESIAN_POINT ( 'NONE',  ( -0.2240000000000000324, 0.000000000000000000, -0.7200000000000000844 ) ) ;
#3916 = DIRECTION ( 'NONE',  ( -0.000000000000000000, -0.000000000000000000, -1.000000000000000000 ) ) ;
#3917 = DIRECTION ( 'NONE',  ( 0.000000000000000000, 0.000000000000000000, -1.000000000000000000 ) ) ;
#3918 = CARTESIAN_POINT ( 'NONE',  ( 0.1540272494696167671, -0.07231223745764317479, -1.220999999999999863 ) ) ;
#3919 = ORIENTED_EDGE ( 'NONE', *, *, #1313, .T. ) ;
#3920 = EDGE_LOOP ( 'NONE', ( #679, #1977 ) ) ;
#3921 = EDGE_CURVE ( 'NONE', #1666, #4637, #3471, .T. ) ;
#3922 = VECTOR ( 'NONE', #4383, 39.37007874015748143 ) ;
#3923 = ORIENTED_EDGE ( 'NONE', *, *, #1219, .F. ) ;
#3924 = LINE ( 'NONE', #617, #1375 ) ;
#3925 = DIRECTION ( 'NONE',  ( -1.224646799147353207E-16, 1.000000000000000000, 0.000000000000000000 ) ) ;
#3926 = VECTOR ( 'NONE', #299, 39.37007874015748143 ) ;
#3927 = VERTEX_POINT ( 'NONE', #4832 ) ;
#3928 = CIRCLE ( 'NONE', #1384, 0.2179999999999999993 ) ;
#3929 = CARTESIAN_POINT ( 'NONE',  ( -0.1174588720341970399, -0.1092467498743630860, -1.448428178383922349 ) ) ;
#3930 = DIRECTION ( 'NONE',  ( -1.000000000000000000, 0.000000000000000000, 0.000000000000000000 ) ) ;
#3931 = ORIENTED_EDGE ( 'NONE', *, *, #2680, .T. ) ;
#3932 = ORIENTED_EDGE ( 'NONE', *, *, #602, .F. ) ;
#3933 = DIRECTION ( 'NONE',  ( -1.000000000000000000, 0.000000000000000000, 0.000000000000000000 ) ) ;
#3934 = CARTESIAN_POINT ( 'NONE',  ( -0.2240000000000000324, 0.000000000000000000, -0.5650000000000000577 ) ) ;
#3935 = CARTESIAN_POINT ( 'NONE',  ( 0.08973968314012396863, 0.1482081964947036534, -1.149304814008404563 ) ) ;
#3936 = FACE_OUTER_BOUND ( 'NONE', #1647, .T. ) ;
#3937 = FACE_BOUND ( 'NONE', #2276, .T. ) ;
#3938 = DIRECTION ( 'NONE',  ( -0.000000000000000000, -0.000000000000000000, -1.000000000000000000 ) ) ;
#3939 = ADVANCED_FACE ( 'NONE', ( #3039 ), #2613, .T. ) ;
#3940 = CARTESIAN_POINT ( 'NONE',  ( 0.2190000000000000002, 2.681976490132703440E-17, -0.6540000000000000258 ) ) ;
#3941 = CARTESIAN_POINT ( 'NONE',  ( 0.09832927531376374486, -0.1388697478991597622, -1.220999999999999863 ) ) ;
#3942 = ORIENTED_EDGE ( 'NONE', *, *, #3701, .F. ) ;
#3943 = LINE ( 'NONE', #427, #2895 ) ;
#3944 = VERTEX_POINT ( 'NONE', #702 ) ;
#3945 = AXIS2_PLACEMENT_3D ( 'NONE', #173, #2069, #2045 ) ;
#3946 = DIRECTION ( 'NONE',  ( 0.000000000000000000, 0.000000000000000000, 1.000000000000000000 ) ) ;
#3947 = CARTESIAN_POINT ( 'NONE',  ( -0.1038771310065983167, -0.1318361344537815893, -1.274999999999999911 ) ) ;
#3948 = EDGE_LOOP ( 'NONE', ( #2882, #4551, #469, #1150 ) ) ;
#3949 = CARTESIAN_POINT ( 'NONE',  ( -0.2180000000000000826, 0.000000000000000000, -0.7020000000000000684 ) ) ;
#3950 = FACE_OUTER_BOUND ( 'NONE', #2204, .T. ) ;
#3951 = VERTEX_POINT ( 'NONE', #3340 ) ;
#3952 = ADVANCED_FACE ( 'NONE', ( #1547, #4563 ), #779, .F. ) ;
#3953 = EDGE_LOOP ( 'NONE', ( #3360, #2077, #3120, #4161 ) ) ;
#3954 = DIRECTION ( 'NONE',  ( 0.000000000000000000, 0.000000000000000000, 1.000000000000000000 ) ) ;
#3955 = CARTESIAN_POINT ( 'NONE',  ( -0.1130564995388950167, 0.09921804972938565170, -1.458000000000000185 ) ) ;
#3956 = VECTOR ( 'NONE', #3577, 39.37007874015748143 ) ;
#3957 = AXIS2_PLACEMENT_3D ( 'NONE', #4046, #2561, #2935 ) ;
#3958 = EDGE_LOOP ( 'NONE', ( #4822, #1930 ) ) ;
#3959 = CARTESIAN_POINT ( 'NONE',  ( 0.2179999999999999993, 2.669730022141229935E-17, 0.000000000000000000 ) ) ;
#3960 = CARTESIAN_POINT ( 'NONE',  ( -0.1164126215248649648, 0.1114231050493680875, -1.431719387040335523 ) ) ;
#3961 = AXIS2_PLACEMENT_3D ( 'NONE', #794, #568, #449 ) ;
#3962 = CARTESIAN_POINT ( 'NONE',  ( -0.1534829458819514936, 0.07687106098705488721, -1.185999999999999943 ) ) ;
#3963 = EDGE_LOOP ( 'NONE', ( #4342, #1801, #420, #1832 ) ) ;
#3964 = DIRECTION ( 'NONE',  ( -1.000000000000000000, 0.000000000000000000, 0.000000000000000000 ) ) ;
#3965 = VERTEX_POINT ( 'NONE', #320 ) ;
#3966 = CARTESIAN_POINT ( 'NONE',  ( -0.1546283477921913674, 0.06527862401226496025, -1.274999999999999911 ) ) ;
#3967 = DIRECTION ( 'NONE',  ( -0.000000000000000000, -0.000000000000000000, 1.000000000000000000 ) ) ;
#3968 = VERTEX_POINT ( 'NONE', #1171 ) ;
#3969 = EDGE_CURVE ( 'NONE', #2883, #2333, #363, .T. ) ;
#3970 = EDGE_CURVE ( 'NONE', #3158, #2373, #2121, .T. ) ;
#3971 = EDGE_CURVE ( 'NONE', #1734, #1954, #2282, .T. ) ;
#3972 = VECTOR ( 'NONE', #3270, 39.37007874015748143 ) ;
#3973 = CARTESIAN_POINT ( 'NONE',  ( -0.2240000000000000324, -0.08390467443243311563, -1.131999999999999895 ) ) ;
#3974 = CARTESIAN_POINT ( 'NONE',  ( 0.000000000000000000, 0.000000000000000000, -0.7350000000000000977 ) ) ;
#3975 = VERTEX_POINT ( 'NONE', #802 ) ;
#3976 = EDGE_LOOP ( 'NONE', ( #1455, #2580 ) ) ;
#3977 = DIRECTION ( 'NONE',  ( 0.000000000000000000, 0.000000000000000000, -1.000000000000000000 ) ) ;
#3978 = CARTESIAN_POINT ( 'NONE',  ( 0.000000000000000000, 0.000000000000000000, -0.1380000000000000115 ) ) ;
#3979 = ORIENTED_EDGE ( 'NONE', *, *, #4590, .F. ) ;
#3980 = DIRECTION ( 'NONE',  ( 0.000000000000000000, -1.000000000000000000, 0.000000000000000000 ) ) ;
#3981 = CARTESIAN_POINT ( 'NONE',  ( 0.09500000000000001499, 0.000000000000000000, -2.208000000000000185 ) ) ;
#3982 = FACE_OUTER_BOUND ( 'NONE', #3125, .T. ) ;
#3983 = ORIENTED_EDGE ( 'NONE', *, *, #1634, .T. ) ;
#3984 = DIRECTION ( 'NONE',  ( -1.000000000000000000, 0.000000000000000000, 0.000000000000000000 ) ) ;
#3985 = ORIENTED_EDGE ( 'NONE', *, *, #218, .T. ) ;
#3986 = CARTESIAN_POINT ( 'NONE',  ( -0.2240000000000000324, 0.1550210084033614155, -1.096999999999999753 ) ) ;
#3987 = CARTESIAN_POINT ( 'NONE',  ( 0.000000000000000000, 0.000000000000000000, 0.000000000000000000 ) ) ;
#3988 = CIRCLE ( 'NONE', #981, 0.2084707873325980509 ) ;
#3989 = ORIENTED_EDGE ( 'NONE', *, *, #3181, .F. ) ;
#3990 = EDGE_CURVE ( 'NONE', #4712, #3278, #1869, .T. ) ;
#3991 = EDGE_CURVE ( 'NONE', #131, #412, #3252, .T. ) ;
#3992 = DIRECTION ( 'NONE',  ( 0.000000000000000000, 0.9916236283806550977, 0.1291610608394978543 ) ) ;
#3993 = DIRECTION ( 'NONE',  ( 0.000000000000000000, 0.000000000000000000, 1.000000000000000000 ) ) ;
#3994 = EDGE_LOOP ( 'NONE', ( #2833, #2557, #4842, #4501 ) ) ;
#3995 = VERTEX_POINT ( 'NONE', #16 ) ;
#3996 = CYLINDRICAL_SURFACE ( 'NONE', #214, 0.04549999999999999878 ) ;
#3997 = VECTOR ( 'NONE', #3864, 39.37007874015748143 ) ;
#3998 = AXIS2_PLACEMENT_3D ( 'NONE', #4605, #1959, #1236 ) ;
#3999 = DIRECTION ( 'NONE',  ( -1.000000000000000000, 0.000000000000000000, 0.000000000000000000 ) ) ;
#4000 = ORIENTED_EDGE ( 'NONE', *, *, #2509, .T. ) ;
#4001 = LINE ( 'NONE', #2072, #205 ) ;
#4002 = DIRECTION ( 'NONE',  ( -0.000000000000000000, 0.000000000000000000, -1.000000000000000000 ) ) ;
#4003 = DIRECTION ( 'NONE',  ( 1.000000000000000000, 0.000000000000000000, 0.000000000000000000 ) ) ;
#4004 = CARTESIAN_POINT ( 'NONE',  ( -0.1548646245976513514, -0.06071980048285321313, -1.310000000000000053 ) ) ;
#4005 = ORIENTED_EDGE ( 'NONE', *, *, #1330, .F. ) ;
#4006 = EDGE_CURVE ( 'NONE', #4335, #3975, #1521, .T. ) ;
#4007 = DIRECTION ( 'NONE',  ( -0.000000000000000000, -0.000000000000000000, -1.000000000000000000 ) ) ;
#4008 = ORIENTED_EDGE ( 'NONE', *, *, #1847, .T. ) ;
#4009 = FACE_OUTER_BOUND ( 'NONE', #4061, .T. ) ;
#4010 = DIRECTION ( 'NONE',  ( -1.224646799147353207E-16, 1.000000000000000000, 0.000000000000000000 ) ) ;
#4011 = EDGE_LOOP ( 'NONE', ( #4697, #977 ) ) ;
#4012 = EDGE_CURVE ( 'NONE', #65, #4145, #2196, .T. ) ;
#4013 = CIRCLE ( 'NONE', #1402, 0.1625285714285714112 ) ;
#4014 = DIRECTION ( 'NONE',  ( 0.000000000000000000, 0.000000000000000000, 1.000000000000000000 ) ) ;
#4015 = CARTESIAN_POINT ( 'NONE',  ( -0.08733377858618666945, 0.1504621848739496059, -1.131999999999999895 ) ) ;
#4016 = EDGE_LOOP ( 'NONE', ( #4528, #639, #2504, #4864 ) ) ;
#4017 = ORIENTED_EDGE ( 'NONE', *, *, #1845, .F. ) ;
#4018 = CARTESIAN_POINT ( 'NONE',  ( -0.08973968314012395475, -0.1482081964947037089, -1.149304814008404341 ) ) ;
#4019 = AXIS2_PLACEMENT_3D ( 'NONE', #3089, #879, #3163 ) ;
#4020 = EDGE_CURVE ( 'NONE', #1695, #4761, #505, .T. ) ;
#4021 = CARTESIAN_POINT ( 'NONE',  ( -0.1549940823588926708, 0.05368618703747503329, -1.363999999999999879 ) ) ;
#4022 = CARTESIAN_POINT ( 'NONE',  ( 0.000000000000000000, 0.000000000000000000, -1.448000000000000176 ) ) ;
#4023 = EDGE_LOOP ( 'NONE', ( #1696, #3305, #2088, #3383, #518, #4440 ) ) ;
#4024 = CARTESIAN_POINT ( 'NONE',  ( 0.000000000000000000, 0.000000000000000000, -0.5500000000000000444 ) ) ;
#4025 = DIRECTION ( 'NONE',  ( 1.000000000000000000, 5.329070518200752183E-15, 0.000000000000000000 ) ) ;
#4026 = DIRECTION ( 'NONE',  ( -1.000000000000000000, 0.000000000000000000, 0.000000000000000000 ) ) ;
#4027 = CIRCLE ( 'NONE', #1174, 0.01500000000000000291 ) ;
#4028 = DIRECTION ( 'NONE',  ( 1.000000000000000000, 0.000000000000000000, 0.000000000000000000 ) ) ;
#4029 = AXIS2_PLACEMENT_3D ( 'NONE', #3225, #3828, #4720 ) ;
#4030 = VERTEX_POINT ( 'NONE', #3856 ) ;
#4031 = FACE_OUTER_BOUND ( 'NONE', #1365, .T. ) ;
#4032 = AXIS2_PLACEMENT_3D ( 'NONE', #681, #2469, #4811 ) ;
#4033 = EDGE_LOOP ( 'NONE', ( #4660, #912, #446 ) ) ;
#4034 = CARTESIAN_POINT ( 'NONE',  ( 0.000000000000000000, 0.000000000000000000, -0.6310000000000002274 ) ) ;
#4035 = CARTESIAN_POINT ( 'NONE',  ( 0.000000000000000000, 0.000000000000000000, -0.03799999999999997824 ) ) ;
#4036 = EDGE_LOOP ( 'NONE', ( #1413, #115 ) ) ;
#4037 = AXIS2_PLACEMENT_3D ( 'NONE', #1760, #3247, #658 ) ;
#4038 = ORIENTED_EDGE ( 'NONE', *, *, #218, .F. ) ;
#4039 = CARTESIAN_POINT ( 'NONE',  ( 0.000000000000000000, 0.000000000000000000, -0.8000125210645688822 ) ) ;
#4040 = DIRECTION ( 'NONE',  ( 0.000000000000000000, 0.000000000000000000, -1.000000000000000000 ) ) ;
#4041 = ORIENTED_EDGE ( 'NONE', *, *, #950, .T. ) ;
#4042 = VERTEX_POINT ( 'NONE', #851 ) ;
#4043 = FACE_OUTER_BOUND ( 'NONE', #3778, .T. ) ;
#4044 = CONICAL_SURFACE ( 'NONE', #1911, 0.1600000000000000033, 0.04283093266872733257 ) ;
#4045 = CARTESIAN_POINT ( 'NONE',  ( 0.000000000000000000, 0.000000000000000000, -0.8630000000000001004 ) ) ;
#4046 = CARTESIAN_POINT ( 'NONE',  ( 0.000000000000000000, 0.000000000000000000, 0.1131370849898476472 ) ) ;
#4047 = EDGE_LOOP ( 'NONE', ( #4632, #1868 ) ) ;
#4048 = DIRECTION ( 'NONE',  ( -0.000000000000000000, -0.000000000000000000, -1.000000000000000000 ) ) ;
#4049 = DIRECTION ( 'NONE',  ( 0.000000000000000000, 0.000000000000000000, 1.000000000000000000 ) ) ;
#4050 = CIRCLE ( 'NONE', #651, 0.005000000000000014849 ) ;
#4051 = EDGE_CURVE ( 'NONE', #4552, #4125, #4871, .T. ) ;
#4052 = EDGE_CURVE ( 'NONE', #825, #1261, #4492, .T. ) ;
#4053 = ADVANCED_FACE ( 'NONE', ( #2708 ), #1967, .T. ) ;
#4054 = ADVANCED_FACE ( 'NONE', ( #875 ), #3484, .T. ) ;
#4055 = DIRECTION ( 'NONE',  ( -1.000000000000000000, 0.000000000000000000, 0.000000000000000000 ) ) ;
#4056 = CARTESIAN_POINT ( 'NONE',  ( -0.1180508365069896648, -0.09921804972938565170, -1.458000000000000185 ) ) ;
#4057 = ORIENTED_EDGE ( 'NONE', *, *, #4051, .F. ) ;
#4058 = FACE_OUTER_BOUND ( 'NONE', #248, .T. ) ;
#4059 = EDGE_CURVE ( 'NONE', #3748, #521, #2992, .T. ) ;
#4060 = CYLINDRICAL_SURFACE ( 'NONE', #2, 0.2179999999999999993 ) ;
#4061 = EDGE_LOOP ( 'NONE', ( #1748, #3733, #3919, #3047 ) ) ;
#4062 = AXIS2_PLACEMENT_3D ( 'NONE', #3441, #4569, #4196 ) ;
#4063 = ORIENTED_EDGE ( 'NONE', *, *, #4711, .T. ) ;
#4064 = LINE ( 'NONE', #4438, #3398 ) ;
#4065 = CARTESIAN_POINT ( 'NONE',  ( 0.2190000000000000002, 2.712592660111387510E-17, -0.7479999999999999982 ) ) ;
#4066 = EDGE_LOOP ( 'NONE', ( #2505, #4190, #1825, #2539, #2898, #1163, #74, #2356, #4109, #330, #4138, #2039, #2717 ) ) ;
#4067 = VERTEX_POINT ( 'NONE', #4639 ) ;
#4068 = DIRECTION ( 'NONE',  ( -0.000000000000000000, -0.000000000000000000, -1.000000000000000000 ) ) ;
#4069 = ADVANCED_FACE ( 'NONE', ( #144 ), #4612, .T. ) ;
#4070 = CARTESIAN_POINT ( 'NONE',  ( 0.000000000000000000, 0.000000000000000000, -0.5980000000000000870 ) ) ;
#4071 = DIRECTION ( 'NONE',  ( -0.000000000000000000, -0.000000000000000000, -1.000000000000000000 ) ) ;
#4072 = ORIENTED_EDGE ( 'NONE', *, *, #392, .F. ) ;
#4073 = AXIS2_PLACEMENT_3D ( 'NONE', #3311, #1697, #3237 ) ;
#4074 = DIRECTION ( 'NONE',  ( -1.000000000000000000, -4.440892098500626162E-15, 0.000000000000000000 ) ) ;
#4075 = LINE ( 'NONE', #657, #399 ) ;
#4076 = CIRCLE ( 'NONE', #2810, 0.004999999999999946328 ) ;
#4077 = EDGE_CURVE ( 'NONE', #2865, #1761, #3560, .T. ) ;
#4078 = AXIS2_PLACEMENT_3D ( 'NONE', #1443, #4118, #4466 ) ;
#4079 = CARTESIAN_POINT ( 'NONE',  ( 0.000000000000000000, 0.000000000000000000, -0.6209999999999999964 ) ) ;
#4080 = DIRECTION ( 'NONE',  ( -0.000000000000000000, -0.000000000000000000, -1.000000000000000000 ) ) ;
#4081 = ADVANCED_FACE ( 'NONE', ( #1275 ), #4241, .F. ) ;
#4082 = VERTEX_POINT ( 'NONE', #2382 ) ;
#4083 = DIRECTION ( 'NONE',  ( 1.000000000000000000, 0.000000000000000000, 0.000000000000000000 ) ) ;
#4084 = DIRECTION ( 'NONE',  ( 1.000000000000000000, 0.000000000000000000, -0.000000000000000000 ) ) ;
#4085 = ORIENTED_EDGE ( 'NONE', *, *, #263, .T. ) ;
#4086 = VERTEX_POINT ( 'NONE', #481 ) ;
#4087 = EDGE_LOOP ( 'NONE', ( #63, #1237, #2131, #2797 ) ) ;
#4088 = CARTESIAN_POINT ( 'NONE',  ( 0.2190000000000000002, 0.000000000000000000, -0.6310000000000002274 ) ) ;
#4089 = EDGE_LOOP ( 'NONE', ( #3107, #4837, #1641, #1993 ) ) ;
#4090 = DIRECTION ( 'NONE',  ( -0.000000000000000000, -0.000000000000000000, -1.000000000000000000 ) ) ;
#4091 = AXIS2_PLACEMENT_3D ( 'NONE', #557, #1651, #3588 ) ;
#4092 =( BOUNDED_CURVE ( )  B_SPLINE_CURVE ( 3, ( #3272, #1733, #3669, #4004 ),
 .UNSPECIFIED., .F., .T. ) 
 B_SPLINE_CURVE_WITH_KNOTS ( ( 4, 4 ),
 ( 1.502057942207283725, 1.529875728051080630 ),
 .UNSPECIFIED. ) 
 CURVE ( )  GEOMETRIC_REPRESENTATION_ITEM ( )  RATIONAL_B_SPLINE_CURVE ( ( 1.000000000000000000, 0.9999355152721591811, 0.9999355152721591811, 1.000000000000000000 ) ) 
 REPRESENTATION_ITEM ( '' )  );
#4093 = FACE_BOUND ( 'NONE', #3106, .T. ) ;
#4094 = CIRCLE ( 'NONE', #1962, 0.1701571428571428679 ) ;
#4095 = CARTESIAN_POINT ( 'NONE',  ( -0.1038771310065983305, 0.1318361344537815338, -1.274999999999999911 ) ) ;
#4096 = ADVANCED_FACE ( 'NONE', ( #1994 ), #3907, .T. ) ;
#4097 = ORIENTED_EDGE ( 'NONE', *, *, #1905, .F. ) ;
#4098 = PLANE ( 'NONE',  #4124 ) ;
#4099 =( NAMED_UNIT ( * ) PLANE_ANGLE_UNIT ( ) SI_UNIT ( $, .RADIAN. ) );
#4100 = CARTESIAN_POINT ( 'NONE',  ( -0.2179999999999999993, 0.000000000000000000, -0.6820000000000001616 ) ) ;
#4101 = CARTESIAN_POINT ( 'NONE',  ( 0.000000000000000000, 0.09921804972938565170, -1.448000000000000176 ) ) ;
#4102 = DIRECTION ( 'NONE',  ( -1.000000000000000000, 0.000000000000000000, 0.000000000000000000 ) ) ;
#4103 = VECTOR ( 'NONE', #872, 39.37007874015748143 ) ;
#4104 = ORIENTED_EDGE ( 'NONE', *, *, #2189, .T. ) ;
#4105 = VECTOR ( 'NONE', #4652, 39.37007874015748143 ) ;
#4106 = CIRCLE ( 'NONE', #4504, 0.2240000000000000324 ) ;
#4107 = CARTESIAN_POINT ( 'NONE',  ( -0.2240000000000000324, 0.1388697478991597067, -1.220999999999999863 ) ) ;
#4108 = ORIENTED_EDGE ( 'NONE', *, *, #2310, .F. ) ;
#4109 = ORIENTED_EDGE ( 'NONE', *, *, #1847, .F. ) ;
#4110 = AXIS2_PLACEMENT_3D ( 'NONE', #1808, #4478, #4102 ) ;
#4111 = AXIS2_PLACEMENT_3D ( 'NONE', #121, #3135, #1248 ) ;
#4112 = EDGE_CURVE ( 'NONE', #1184, #3711, #3153, .T. ) ;
#4113 = EDGE_LOOP ( 'NONE', ( #215, #4610 ) ) ;
#4114 = CARTESIAN_POINT ( 'NONE',  ( -0.1118110236220472287, 0.000000000000000000, -0.4499999999999999556 ) ) ;
#4115 = ORIENTED_EDGE ( 'NONE', *, *, #3674, .T. ) ;
#4116 = EDGE_CURVE ( 'NONE', #1493, #599, #2807, .T. ) ;
#4117 = CIRCLE ( 'NONE', #257, 0.005740131578947354346 ) ;
#4118 = DIRECTION ( 'NONE',  ( 0.000000000000000000, 0.000000000000000000, 1.000000000000000000 ) ) ;
#4119 = ADVANCED_BREP_SHAPE_REPRESENTATION ( 'Wired Barrel Jack 5.68mm', ( #1430, #786 ), #2129 ) ;
#4120 = FACE_BOUND ( 'NONE', #4066, .T. ) ;
#4121 = CARTESIAN_POINT ( 'NONE',  ( -0.1174588720341970399, 0.1092467498743631277, -1.448428178383921905 ) ) ;
#4122 = ORIENTED_EDGE ( 'NONE', *, *, #4877, .F. ) ;
#4123 = ADVANCED_FACE ( 'NONE', ( #3087 ), #2263, .F. ) ;
#4124 = AXIS2_PLACEMENT_3D ( 'NONE', #4169, #3437, #4542 ) ;
#4125 = VERTEX_POINT ( 'NONE', #1201 ) ;
#4126 = DIRECTION ( 'NONE',  ( 0.000000000000000000, -0.1291610608394971327, -0.9916236283806550977 ) ) ;
#4127 = FACE_OUTER_BOUND ( 'NONE', #1128, .T. ) ;
#4128 = VECTOR ( 'NONE', #250, 39.37007874015748143 ) ;
#4129 = CARTESIAN_POINT ( 'NONE',  ( 0.0002500000000000000052, -0.007005446710218416438, -1.458000000000000185 ) ) ;
#4130 = CARTESIAN_POINT ( 'NONE',  ( -0.1554999999999999993, 1.904325772674134335E-17, -0.01000000000000002970 ) ) ;
#4131 = CARTESIAN_POINT ( 'NONE',  ( 0.1180508365069896370, 0.09921804972938565170, -1.458000000000000185 ) ) ;
#4132 = ORIENTED_EDGE ( 'NONE', *, *, #992, .F. ) ;
#4133 =( BOUNDED_CURVE ( )  B_SPLINE_CURVE ( 3, ( #2414, #3192, #3513, #120 ),
 .UNSPECIFIED., .F., .T. ) 
 B_SPLINE_CURVE_WITH_KNOTS ( ( 4, 4 ),
 ( 1.047425081491192067, 1.099909927952688493 ),
 .UNSPECIFIED. ) 
 CURVE ( )  GEOMETRIC_REPRESENTATION_ITEM ( )  RATIONAL_B_SPLINE_CURVE ( ( 1.000000000000000000, 0.9997704582478896818, 0.9997704582478896818, 1.000000000000000000 ) ) 
 REPRESENTATION_ITEM ( '' )  );
#4134 = DIRECTION ( 'NONE',  ( -0.000000000000000000, -0.000000000000000000, -1.000000000000000000 ) ) ;
#4135 = ORIENTED_EDGE ( 'NONE', *, *, #3145, .T. ) ;
#4136 = ORIENTED_EDGE ( 'NONE', *, *, #1569, .F. ) ;
#4137 = FACE_OUTER_BOUND ( 'NONE', #2348, .T. ) ;
#4138 = ORIENTED_EDGE ( 'NONE', *, *, #1476, .F. ) ;
#4139 = DIRECTION ( 'NONE',  ( 1.000000000000000000, 0.000000000000000000, 0.000000000000000000 ) ) ;
#4140 = ADVANCED_FACE ( 'NONE', ( #829 ), #3147, .T. ) ;
#4141 = EDGE_CURVE ( 'NONE', #1493, #4766, #1005, .T. ) ;
#4142 = CARTESIAN_POINT ( 'NONE',  ( -0.2240000000000000324, -0.1504621848739496059, -1.131999999999999895 ) ) ;
#4143 = CARTESIAN_POINT ( 'NONE',  ( 0.000000000000000000, 0.000000000000000000, -1.458000000000000185 ) ) ;
#4144 = ORIENTED_EDGE ( 'NONE', *, *, #400, .F. ) ;
#4145 = VERTEX_POINT ( 'NONE', #4522 ) ;
#4146 = CARTESIAN_POINT ( 'NONE',  ( 0.1547270640103155515, -0.06376022524771993161, -1.286657384063281784 ) ) ;
#4147 = DIRECTION ( 'NONE',  ( -1.000000000000000000, 0.000000000000000000, 0.000000000000000000 ) ) ;
#4148 = VECTOR ( 'NONE', #4748, 39.37007874015748143 ) ;
#4149 = AXIS2_PLACEMENT_3D ( 'NONE', #1727, #1755, #4351 ) ;
#4150 = DIRECTION ( 'NONE',  ( 0.000000000000000000, -0.000000000000000000, 1.000000000000000000 ) ) ;
#4151 = CARTESIAN_POINT ( 'NONE',  ( 0.000000000000000000, 0.000000000000000000, -0.5880000000000000782 ) ) ;
#4152 = DIRECTION ( 'NONE',  ( -0.000000000000000000, -0.000000000000000000, -1.000000000000000000 ) ) ;
#4153 = LINE ( 'NONE', #1527, #395 ) ;
#4154 = AXIS2_PLACEMENT_3D ( 'NONE', #2138, #3954, #2836 ) ;
#4155 = ORIENTED_EDGE ( 'NONE', *, *, #1269, .F. ) ;
#4156 = AXIS2_PLACEMENT_3D ( 'NONE', #374, #4488, #1534 ) ;
#4157 = FILL_AREA_STYLE ('',( #1856 ) ) ;
#4158 = EDGE_CURVE ( 'NONE', #4792, #896, #2040, .T. ) ;
#4159 = VERTEX_POINT ( 'NONE', #3417 ) ;
#4160 = ORIENTED_EDGE ( 'NONE', *, *, #1478, .F. ) ;
#4161 = ORIENTED_EDGE ( 'NONE', *, *, #4653, .T. ) ;
#4162 = ORIENTED_EDGE ( 'NONE', *, *, #2147, .T. ) ;
#4163 = CARTESIAN_POINT ( 'NONE',  ( -0.1554999999999999993, 1.904325772674134335E-17, -0.4499999999999999556 ) ) ;
#4164 = LINE ( 'NONE', #452, #3453 ) ;
#4165 = CARTESIAN_POINT ( 'NONE',  ( -0.2240000000000000324, 0.000000000000000000, -0.6640000000000002567 ) ) ;
#4166 = ORIENTED_EDGE ( 'NONE', *, *, #109, .F. ) ;
#4167 = VERTEX_POINT ( 'NONE', #4593 ) ;
#4168 = CARTESIAN_POINT ( 'NONE',  ( 0.1180508365069896370, -0.1091342860131922360, -1.449291610608395064 ) ) ;
#4169 = CARTESIAN_POINT ( 'NONE',  ( -0.2240000000000000324, 0.09549711140722297320, -1.042999999999999705 ) ) ;
#4170 = TOROIDAL_SURFACE ( 'NONE', #152, 0.2149999999999999689, 0.005000000000000000104 ) ;
#4171 = VECTOR ( 'NONE', #775, 39.37007874015748143 ) ;
#4172 = CYLINDRICAL_SURFACE ( 'NONE', #3231, 0.2240000000000000324 ) ;
#4173 = EDGE_CURVE ( 'NONE', #4860, #2357, #43, .T. ) ;
#4174 = EDGE_CURVE ( 'NONE', #30, #4552, #455, .T. ) ;
#4175 = CARTESIAN_POINT ( 'NONE',  ( 0.1540272494696167949, 0.07231223745764311928, -1.220999999999999863 ) ) ;
#4176 = CARTESIAN_POINT ( 'NONE',  ( 0.1534829458819509107, -0.07687106098705495660, -1.185999999999999943 ) ) ;
#4177 = CARTESIAN_POINT ( 'NONE',  ( 0.09500000000000001499, 0.000000000000000000, -2.208000000000000185 ) ) ;
#4178 = VERTEX_POINT ( 'NONE', #415 ) ;
#4179 = ORIENTED_EDGE ( 'NONE', *, *, #3425, .T. ) ;
#4180 = VECTOR ( 'NONE', #2081, 39.37007874015748143 ) ;
#4181 = VERTEX_POINT ( 'NONE', #2686 ) ;
#4182 = CARTESIAN_POINT ( 'NONE',  ( 0.000000000000000000, 0.000000000000000000, -0.7730000000000000204 ) ) ;
#4183 = VERTEX_POINT ( 'NONE', #4568 ) ;
#4184 = TOROIDAL_SURFACE ( 'NONE', #1661, 0.1999999999999999556, 0.01000000000000000021 ) ;
#4185 = DIRECTION ( 'NONE',  ( -0.000000000000000000, -0.000000000000000000, -1.000000000000000000 ) ) ;
#4186 = TOROIDAL_SURFACE ( 'NONE', #4508, 0.2190000000000000002, 0.005000000000000000104 ) ;
#4187 = DIRECTION ( 'NONE',  ( -1.000000000000000000, 0.000000000000000000, 0.000000000000000000 ) ) ;
#4188 = DIRECTION ( 'NONE',  ( -1.000000000000000000, 0.000000000000000000, 0.000000000000000000 ) ) ;
#4189 = VERTEX_POINT ( 'NONE', #2637 ) ;
#4190 = ORIENTED_EDGE ( 'NONE', *, *, #263, .F. ) ;
#4191 = DIRECTION ( 'NONE',  ( -0.000000000000000000, -0.000000000000000000, -1.000000000000000000 ) ) ;
#4192 = AXIS2_PLACEMENT_3D ( 'NONE', #2917, #1034, #2494 ) ;
#4193 = DIRECTION ( 'NONE',  ( 1.000000000000000000, 0.000000000000000000, 0.000000000000000000 ) ) ;
#4194 = CARTESIAN_POINT ( 'NONE',  ( 0.1167466422136596849, -0.1074928072102494109, -1.454101441283011553 ) ) ;
#4195 = DIRECTION ( 'NONE',  ( -1.000000000000000000, 1.224646799147346798E-16, 0.000000000000000000 ) ) ;
#4196 = DIRECTION ( 'NONE',  ( 1.000000000000000000, 0.000000000000000000, 0.000000000000000000 ) ) ;
#4197 = CARTESIAN_POINT ( 'NONE',  ( 0.1071001038576073483, 0.1272773109243697798, -1.310000000000000053 ) ) ;
#4198 = DIRECTION ( 'NONE',  ( -1.000000000000000000, 0.000000000000000000, 0.000000000000000000 ) ) ;
#4199 = CIRCLE ( 'NONE', #183, 0.1678428571428571270 ) ;
#4200 = EDGE_CURVE ( 'NONE', #3496, #4363, #934, .T. ) ;
#4201 = EDGE_CURVE ( 'NONE', #4405, #3278, #3740, .T. ) ;
#4202 = ADVANCED_FACE ( 'NONE', ( #436 ), #1924, .F. ) ;
#4203 = CARTESIAN_POINT ( 'NONE',  ( 0.000000000000000000, 0.000000000000000000, -0.5880000000000000782 ) ) ;
#4204 = CARTESIAN_POINT ( 'NONE',  ( 0.2190000000000000002, 2.681976490132703440E-17, -0.6209999999999999964 ) ) ;
#4205 = ORIENTED_EDGE ( 'NONE', *, *, #1509, .F. ) ;
#4206 = ORIENTED_EDGE ( 'NONE', *, *, #3131, .T. ) ;
#4207 = EDGE_CURVE ( 'NONE', #844, #4181, #1086, .T. ) ;
#4208 = FACE_OUTER_BOUND ( 'NONE', #920, .T. ) ;
#4209 = DIRECTION ( 'NONE',  ( -0.000000000000000000, -0.000000000000000000, 1.000000000000000000 ) ) ;
#4210 = EDGE_LOOP ( 'NONE', ( #917, #641, #4797, #2498 ) ) ;
#4211 = DIRECTION ( 'NONE',  ( -1.000000000000000000, 0.000000000000000000, 0.000000000000000000 ) ) ;
#4212 = CARTESIAN_POINT ( 'NONE',  ( -0.2180000000000000271, 0.000000000000000000, -0.7479999999999999982 ) ) ;
#4213 = DIRECTION ( 'NONE',  ( -0.000000000000000000, -0.000000000000000000, -1.000000000000000000 ) ) ;
#4214 = VERTEX_POINT ( 'NONE', #3042 ) ;
#4215 = EDGE_CURVE ( 'NONE', #465, #4465, #1165, .T. ) ;
#4216 = ORIENTED_EDGE ( 'NONE', *, *, #2660, .T. ) ;
#4217 = CARTESIAN_POINT ( 'NONE',  ( -0.1604102209264033352, 0.000000000000000000, -1.448428178383922349 ) ) ;
#4218 = CIRCLE ( 'NONE', #4620, 0.1625285714285714112 ) ;
#4219 = CARTESIAN_POINT ( 'NONE',  ( 0.1130564995388950167, -0.09921804972938565170, -1.458000000000000185 ) ) ;
#4220 = DIRECTION ( 'NONE',  ( 0.000000000000000000, 0.000000000000000000, 1.000000000000000000 ) ) ;
#4221 = DIRECTION ( 'NONE',  ( -1.000000000000000000, 0.000000000000000000, 0.000000000000000000 ) ) ;
#4222 = AXIS2_PLACEMENT_3D ( 'NONE', #3684, #1394, #2909 ) ;
#4223 = DIRECTION ( 'NONE',  ( -0.000000000000000000, 0.000000000000000000, -1.000000000000000000 ) ) ;
#4224 = ADVANCED_FACE ( 'NONE', ( #1154 ), #4644, .T. ) ;
#4225 = CARTESIAN_POINT ( 'NONE',  ( 0.1174615737310077540, -0.1091342860131922360, -1.449291610608395064 ) ) ;
#4226 = ADVANCED_FACE ( 'NONE', ( #804 ), #4172, .T. ) ;
#4227 = CIRCLE ( 'NONE', #1536, 0.004999999999999946328 ) ;
#4228 = DIRECTION ( 'NONE',  ( -1.000000000000000000, 1.224646799147354933E-16, 0.000000000000000000 ) ) ;
#4229 = DIRECTION ( 'NONE',  ( 0.000000000000000000, 0.000000000000000000, 1.000000000000000000 ) ) ;
#4230 = ORIENTED_EDGE ( 'NONE', *, *, #4020, .F. ) ;
#4231 = EDGE_LOOP ( 'NONE', ( #3234, #4591 ) ) ;
#4232 = AXIS2_PLACEMENT_3D ( 'NONE', #837, #4251, #75 ) ;
#4233 = AXIS2_PLACEMENT_3D ( 'NONE', #4865, #352, #4843 ) ;
#4234 = ORIENTED_EDGE ( 'NONE', *, *, #2110, .F. ) ;
#4235 = EDGE_LOOP ( 'NONE', ( #4000, #3675, #2228, #2259 ) ) ;
#4236 = DIRECTION ( 'NONE',  ( 1.000000000000000000, 0.000000000000000000, 0.000000000000000000 ) ) ;
#4237 = CARTESIAN_POINT ( 'NONE',  ( 0.2190000000000000002, 2.712592660111387510E-17, -0.6160000000000001030 ) ) ;
#4238 = EDGE_CURVE ( 'NONE', #2649, #809, #4133, .T. ) ;
#4239 = ORIENTED_EDGE ( 'NONE', *, *, #2600, .F. ) ;
#4240 = EDGE_LOOP ( 'NONE', ( #519, #1000 ) ) ;
#4241 = PLANE ( 'NONE',  #1245 ) ;
#4242 = DIRECTION ( 'NONE',  ( 1.000000000000000000, 0.000000000000000000, 0.000000000000000000 ) ) ;
#4243 = EDGE_CURVE ( 'NONE', #1749, #502, #4250, .T. ) ;
#4244 = DIRECTION ( 'NONE',  ( 0.000000000000000000, 0.000000000000000000, 1.000000000000000000 ) ) ;
#4245 = LINE ( 'NONE', #1202, #1287 ) ;
#4246 = DIRECTION ( 'NONE',  ( 0.000000000000000000, 0.000000000000000000, 1.000000000000000000 ) ) ;
#4247 = CARTESIAN_POINT ( 'NONE',  ( 0.000000000000000000, 0.000000000000000000, -0.6690000000000001501 ) ) ;
#4248 = CARTESIAN_POINT ( 'NONE',  ( -0.2240000000000000324, 0.1000559349366347411, -1.007999999999999785 ) ) ;
#4249 = AXIS2_PLACEMENT_3D ( 'NONE', #2736, #1996, #4322 ) ;
#4250 =( BOUNDED_CURVE ( )  B_SPLINE_CURVE ( 3, ( #3134, #4615, #2812, #4275 ),
 .UNSPECIFIED., .F., .T. ) 
 B_SPLINE_CURVE_WITH_KNOTS ( ( 4, 4 ),
 ( 5.756912905094763389, 6.283185307179586232 ),
 .UNSPECIFIED. ) 
 CURVE ( )  GEOMETRIC_REPRESENTATION_ITEM ( )  RATIONAL_B_SPLINE_CURVE ( ( 1.000000000000000000, 0.9770526470511896600, 0.9770526470511896600, 1.000000000000000000 ) ) 
 REPRESENTATION_ITEM ( '' )  );
#4251 = DIRECTION ( 'NONE',  ( 0.000000000000000000, -1.000000000000000000, 0.000000000000000000 ) ) ;
#4252 = DIRECTION ( 'NONE',  ( -0.000000000000000000, -0.000000000000000000, -1.000000000000000000 ) ) ;
#4253 = AXIS2_PLACEMENT_3D ( 'NONE', #1243, #1649, #4271 ) ;
#4254 = ORIENTED_EDGE ( 'NONE', *, *, #27, .T. ) ;
#4255 = EDGE_LOOP ( 'NONE', ( #951, #750, #138, #986, #3370, #553, #333, #1214, #2531, #1567, #4395, #266, #2699, #285, #3027, #2031, #2427, #4460, #3807, #4005, #2136, #2487, #2783, #4675 ) ) ;
#4256 = AXIS2_PLACEMENT_3D ( 'NONE', #3603, #2729, #2354 ) ;
#4257 = ORIENTED_EDGE ( 'NONE', *, *, #3277, .T. ) ;
#4258 = CARTESIAN_POINT ( 'NONE',  ( 0.000000000000000000, 0.000000000000000000, -0.6970000000000000639 ) ) ;
#4259 = ORIENTED_EDGE ( 'NONE', *, *, #1056, .T. ) ;
#4260 = EDGE_CURVE ( 'NONE', #3429, #3944, #232, .T. ) ;
#4261 = EDGE_CURVE ( 'NONE', #2207, #4611, #2434, .T. ) ;
#4262 = EDGE_CURVE ( 'NONE', #259, #3384, #2590, .T. ) ;
#4263 = EDGE_CURVE ( 'NONE', #4511, #3871, #849, .T. ) ;
#4264 = CARTESIAN_POINT ( 'NONE',  ( -0.2240000000000000324, 0.04912736350806325841, -1.399000000000000021 ) ) ;
#4265 = CARTESIAN_POINT ( 'NONE',  ( -0.1168110236220472470, 1.522370971774711642E-17, -0.03799999999999999906 ) ) ;
#4266 = AXIS2_PLACEMENT_3D ( 'NONE', #1404, #3671, #661 ) ;
#4267 = EDGE_LOOP ( 'NONE', ( #4166, #404, #2549, #1274 ) ) ;
#4268 = CIRCLE ( 'NONE', #785, 0.004999999999999946328 ) ;
#4269 = AXIS2_PLACEMENT_3D ( 'NONE', #776, #1147, #2235 ) ;
#4270 = EDGE_LOOP ( 'NONE', ( #4374, #4320, #1788, #2582 ) ) ;
#4271 = DIRECTION ( 'NONE',  ( -1.000000000000000000, 0.000000000000000000, 0.000000000000000000 ) ) ;
#4272 = CARTESIAN_POINT ( 'NONE',  ( 0.2179999999999999993, 2.669730022141229935E-17, 0.000000000000000000 ) ) ;
#4273 = AXIS2_PLACEMENT_3D ( 'NONE', #2098, #3294, #2894 ) ;
#4274 = ADVANCED_FACE ( 'NONE', ( #2759 ), #4349, .F. ) ;
#4275 = CARTESIAN_POINT ( 'NONE',  ( 0.000000000000000000, 0.1854999999999999705, -0.8630000000000003224 ) ) ;
#4276 = CARTESIAN_POINT ( 'NONE',  ( 0.2240000000000000324, 2.743208830090071273E-17, -0.5880000000000000782 ) ) ;
#4277 = CARTESIAN_POINT ( 'NONE',  ( 0.000000000000000000, 0.000000000000000000, -1.448428178383922349 ) ) ;
#4278 = VECTOR ( 'NONE', #4357, 39.37007874015748143 ) ;
#4279 = DIRECTION ( 'NONE',  ( 1.000000000000000000, 0.000000000000000000, 0.000000000000000000 ) ) ;
#4280 = DIRECTION ( 'NONE',  ( 0.000000000000000000, 1.000000000000000000, 0.000000000000000000 ) ) ;
#4281 = DIRECTION ( 'NONE',  ( 1.000000000000000000, 8.881784197001252323E-16, 0.000000000000000000 ) ) ;
#4282 = EDGE_LOOP ( 'NONE', ( #162, #2930, #4561, #1613 ) ) ;
#4283 = ORIENTED_EDGE ( 'NONE', *, *, #3152, .T. ) ;
#4284 = AXIS2_PLACEMENT_3D ( 'NONE', #2411, #4613, #2735 ) ;
#4285 = ORIENTED_EDGE ( 'NONE', *, *, #2205, .T. ) ;
#4286 = DIRECTION ( 'NONE',  ( 1.000000000000000000, 0.000000000000000000, 0.000000000000000000 ) ) ;
#4287 = ORIENTED_EDGE ( 'NONE', *, *, #3028, .T. ) ;
#4288 = AXIS2_PLACEMENT_3D ( 'NONE', #4264, #2831, #1643 ) ;
#4289 = AXIS2_PLACEMENT_3D ( 'NONE', #1811, #1480, #1855 ) ;
#4290 = DIRECTION ( 'NONE',  ( -1.000000000000000000, 0.000000000000000000, 0.000000000000000000 ) ) ;
#4291 = CARTESIAN_POINT ( 'NONE',  ( 0.08221136903435510845, 0.1550210084033614155, -1.096999999999999753 ) ) ;
#4292 =( BOUNDED_CURVE ( )  B_SPLINE_CURVE ( 3, ( #2143, #3664, #3291, #2047 ),
 .UNSPECIFIED., .F., .T. ) 
 B_SPLINE_CURVE_WITH_KNOTS ( ( 4, 4 ),
 ( 1.572740139634732026, 1.600519601653680235 ),
 .UNSPECIFIED. ) 
 CURVE ( )  GEOMETRIC_REPRESENTATION_ITEM ( )  RATIONAL_B_SPLINE_CURVE ( ( 1.000000000000000000, 0.9999356928247078447, 0.9999356928247078447, 1.000000000000000000 ) ) 
 REPRESENTATION_ITEM ( '' )  );
#4293 = ORIENTED_EDGE ( 'NONE', *, *, #1665, .F. ) ;
#4294 = ORIENTED_EDGE ( 'NONE', *, *, #3921, .F. ) ;
#4295 = DIRECTION ( 'NONE',  ( 0.000000000000000000, 0.000000000000000000, -1.000000000000000000 ) ) ;
#4296 = EDGE_CURVE ( 'NONE', #2936, #1666, #3626, .T. ) ;
#4297 = CARTESIAN_POINT ( 'NONE',  ( 0.000000000000000000, 0.000000000000000000, -0.7530000000000000027 ) ) ;
#4298 = DIRECTION ( 'NONE',  ( -1.000000000000000000, 1.224646799147346798E-16, 0.000000000000000000 ) ) ;
#4299 = CARTESIAN_POINT ( 'NONE',  ( -0.2190000000000000002, 2.681976490132703440E-17, -0.5650000000000000577 ) ) ;
#4300 = DIRECTION ( 'NONE',  ( -0.000000000000000000, -0.000000000000000000, 1.000000000000000000 ) ) ;
#4301 = DIRECTION ( 'NONE',  ( 1.000000000000000000, 0.000000000000000000, 0.000000000000000000 ) ) ;
#4302 = CARTESIAN_POINT ( 'NONE',  ( 0.000000000000000000, 0.000000000000000000, -0.6360000000000001208 ) ) ;
#4303 = CIRCLE ( 'NONE', #280, 0.004999999999999946328 ) ;
#4304 = DIRECTION ( 'NONE',  ( -0.000000000000000000, -0.000000000000000000, -1.000000000000000000 ) ) ;
#4305 = DIRECTION ( 'NONE',  ( -1.000000000000000000, 0.000000000000000000, 0.000000000000000000 ) ) ;
#4306 = VERTEX_POINT ( 'NONE', #2022 ) ;
#4307 = DIRECTION ( 'NONE',  ( 0.000000000000000000, 0.000000000000000000, 1.000000000000000000 ) ) ;
#4308 = TOROIDAL_SURFACE ( 'NONE', #2404, 0.2190000000000000002, 0.005000000000000000104 ) ;
#4309 = ORIENTED_EDGE ( 'NONE', *, *, #4869, .F. ) ;
#4310 = EDGE_CURVE ( 'NONE', #956, #91, #3467, .T. ) ;
#4311 = DIRECTION ( 'NONE',  ( -1.000000000000000000, 0.000000000000000000, 0.000000000000000000 ) ) ;
#4312 = LINE ( 'NONE', #544, #3956 ) ;
#4313 = CIRCLE ( 'NONE', #3292, 0.2190000000000000002 ) ;
#4314 = ORIENTED_EDGE ( 'NONE', *, *, #689, .T. ) ;
#4315 = CIRCLE ( 'NONE', #2249, 0.2190000000000000002 ) ;
#4316 = CARTESIAN_POINT ( 'NONE',  ( 0.000000000000000000, 0.000000000000000000, -1.007999999999999785 ) ) ;
#4317 = AXIS2_PLACEMENT_3D ( 'NONE', #2704, #3852, #4187 ) ;
#4318 = CARTESIAN_POINT ( 'NONE',  ( 0.000000000000000000, 0.000000000000000000, -0.5880000000000000782 ) ) ;
#4319 = ORIENTED_EDGE ( 'NONE', *, *, #3862, .T. ) ;
#4320 = ORIENTED_EDGE ( 'NONE', *, *, #1177, .T. ) ;
#4321 = CARTESIAN_POINT ( 'NONE',  ( -0.2240000000000000324, 0.000000000000000000, -0.6970000000000000639 ) ) ;
#4322 = DIRECTION ( 'NONE',  ( 1.000000000000000000, 0.000000000000000000, 0.000000000000000000 ) ) ;
#4323 = CARTESIAN_POINT ( 'NONE',  ( -0.2240000000000000324, 0.000000000000000000, -0.6310000000000002274 ) ) ;
#4324 = CARTESIAN_POINT ( 'NONE',  ( 0.000000000000000000, 0.000000000000000000, -1.448000000000000176 ) ) ;
#4325 = CIRCLE ( 'NONE', #1393, 0.005740131578947353479 ) ;
#4326 = CARTESIAN_POINT ( 'NONE',  ( -0.1174588720341970399, 0.1092467498743631277, -1.448428178383921905 ) ) ;
#4327 = DIRECTION ( 'NONE',  ( 1.000000000000000000, -0.000000000000000000, -0.000000000000000000 ) ) ;
#4328 = ADVANCED_FACE ( 'NONE', ( #1970, #2389 ), #4665, .F. ) ;
#4329 = ADVANCED_FACE ( 'NONE', ( #146 ), #1323, .T. ) ;
#4330 = ADVANCED_FACE ( 'NONE', ( #3109 ), #1723, .T. ) ;
#4331 = CARTESIAN_POINT ( 'NONE',  ( 0.000000000000000000, 0.000000000000000000, 0.000000000000000000 ) ) ;
#4332 = ORIENTED_EDGE ( 'NONE', *, *, #297, .F. ) ;
#4333 = AXIS2_PLACEMENT_3D ( 'NONE', #2409, #1620, #1297 ) ;
#4334 = DIRECTION ( 'NONE',  ( 1.000000000000000000, 0.000000000000000000, 0.000000000000000000 ) ) ;
#4335 = VERTEX_POINT ( 'NONE', #2361 ) ;
#4336 = VECTOR ( 'NONE', #366, 39.37007874015748143 ) ;
#4337 = PLANE ( 'NONE',  #589 ) ;
#4338 = CARTESIAN_POINT ( 'NONE',  ( 0.2190000000000000002, 0.000000000000000000, -0.6360000000000001208 ) ) ;
#4339 = VERTEX_POINT ( 'NONE', #854 ) ;
#4340 = CARTESIAN_POINT ( 'NONE',  ( -0.2240000000000000324, -0.09921804972938565170, -1.448000000000000176 ) ) ;
#4341 = FACE_OUTER_BOUND ( 'NONE', #649, .T. ) ;
#4342 = ORIENTED_EDGE ( 'NONE', *, *, #2554, .F. ) ;
#4343 = VERTEX_POINT ( 'NONE', #3934 ) ;
#4344 = DIRECTION ( 'NONE',  ( -1.000000000000000000, 0.000000000000000000, 0.000000000000000000 ) ) ;
#4345 = VECTOR ( 'NONE', #4213, 39.37007874015748143 ) ;
#4346 = FACE_BOUND ( 'NONE', #3544, .T. ) ;
#4347 = AXIS2_PLACEMENT_3D ( 'NONE', #3422, #396, #370 ) ;
#4348 = CIRCLE ( 'NONE', #4269, 0.2180000000000000271 ) ;
#4349 = CYLINDRICAL_SURFACE ( 'NONE', #1646, 0.1554999999999999993 ) ;
#4350 = VERTEX_POINT ( 'NONE', #3218 ) ;
#4351 = DIRECTION ( 'NONE',  ( 0.000000000000000000, 0.000000000000000000, -1.000000000000000000 ) ) ;
#4352 = DIRECTION ( 'NONE',  ( 0.000000000000000000, -0.1291610608394971327, -0.9916236283806550977 ) ) ;
#4353 = CIRCLE ( 'NONE', #948, 0.2180000000000000271 ) ;
#4354 = LINE ( 'NONE', #4716, #2929 ) ;
#4355 = AXIS2_PLACEMENT_3D ( 'NONE', #4759, #629, #1684 ) ;
#4356 = AXIS2_PLACEMENT_3D ( 'NONE', #536, #1685, #443 ) ;
#4357 = DIRECTION ( 'NONE',  ( -0.000000000000000000, -0.000000000000000000, -1.000000000000000000 ) ) ;
#4358 = ORIENTED_EDGE ( 'NONE', *, *, #3371, .F. ) ;
#4359 = EDGE_CURVE ( 'NONE', #3171, #2425, #1563, .T. ) ;
#4360 = CARTESIAN_POINT ( 'NONE',  ( 0.1130564995388950167, 0.09921804972938565170, -1.458000000000000185 ) ) ;
#4361 = EDGE_CURVE ( 'NONE', #3686, #4787, #2745, .T. ) ;
#4362 = ADVANCED_FACE ( 'NONE', ( #2840 ), #3783, .T. ) ;
#4363 = VERTEX_POINT ( 'NONE', #955 ) ;
#4364 = FACE_OUTER_BOUND ( 'NONE', #1319, .T. ) ;
#4365 = DIRECTION ( 'NONE',  ( 0.3835036352954675487, 0.000000000000000000, 0.9235393666299021032 ) ) ;
#4366 = AXIS2_PLACEMENT_3D ( 'NONE', #1322, #224, #2837 ) ;
#4367 = VERTEX_POINT ( 'NONE', #4394 ) ;
#4368 = AXIS2_PLACEMENT_3D ( 'NONE', #1228, #1282, #2739 ) ;
#4369 = CYLINDRICAL_SURFACE ( 'NONE', #2290, 0.2099999999999999367 ) ;
#4370 = VERTEX_POINT ( 'NONE', #1368 ) ;
#4371 = ORIENTED_EDGE ( 'NONE', *, *, #4201, .F. ) ;
#4372 = DIRECTION ( 'NONE',  ( -0.000000000000000000, -0.000000000000000000, -1.000000000000000000 ) ) ;
#4373 = EDGE_CURVE ( 'NONE', #2748, #3496, #3069, .T. ) ;
#4374 = ORIENTED_EDGE ( 'NONE', *, *, #4564, .F. ) ;
#4375 = DIRECTION ( 'NONE',  ( 0.000000000000000000, 0.000000000000000000, -1.000000000000000000 ) ) ;
#4376 = PLANE ( 'NONE',  #1436 ) ;
#4377 = DIRECTION ( 'NONE',  ( 0.000000000000000000, 0.000000000000000000, 1.000000000000000000 ) ) ;
#4378 = CARTESIAN_POINT ( 'NONE',  ( -0.06620670031167967540, 0.1666134453781513147, -1.007999999999999785 ) ) ;
#4379 = ORIENTED_EDGE ( 'NONE', *, *, #540, .F. ) ;
#4380 = ADVANCED_FACE ( 'NONE', ( #2093 ), #4170, .F. ) ;
#4381 = CARTESIAN_POINT ( 'NONE',  ( 0.04949999999999999539, 0.000000000000000000, -2.208000000000000185 ) ) ;
#4382 = ORIENTED_EDGE ( 'NONE', *, *, #689, .F. ) ;
#4383 = DIRECTION ( 'NONE',  ( 1.000000000000000000, 0.000000000000000000, 0.000000000000000000 ) ) ;
#4384 = CARTESIAN_POINT ( 'NONE',  ( 0.1538659093782344667, 0.07383448533813685710, -1.209313064659435222 ) ) ;
#4385 = ORIENTED_EDGE ( 'NONE', *, *, #2472, .T. ) ;
#4386 = TOROIDAL_SURFACE ( 'NONE', #3843, 0.2190000000000000002, 0.005000000000000000104 ) ;
#4387 = FACE_OUTER_BOUND ( 'NONE', #3201, .T. ) ;
#4388 = ORIENTED_EDGE ( 'NONE', *, *, #3115, .F. ) ;
#4389 = ORIENTED_EDGE ( 'NONE', *, *, #4626, .F. ) ;
#4390 = FACE_OUTER_BOUND ( 'NONE', #2036, .T. ) ;
#4391 = VECTOR ( 'NONE', #772, 39.37007874015748143 ) ;
#4392 = AXIS2_PLACEMENT_3D ( 'NONE', #2857, #2111, #970 ) ;
#4393 = CARTESIAN_POINT ( 'NONE',  ( 0.000000000000000000, 0.000000000000000000, 0.1131370849898476472 ) ) ;
#4394 = CARTESIAN_POINT ( 'NONE',  ( -0.1130564995388950167, -0.09921804972938565170, -1.458000000000000185 ) ) ;
#4395 = ORIENTED_EDGE ( 'NONE', *, *, #1701, .F. ) ;
#4396 = DIRECTION ( 'NONE',  ( -1.000000000000000000, 0.000000000000000000, 0.000000000000000000 ) ) ;
#4397 = DIRECTION ( 'NONE',  ( -1.000000000000000000, -1.224646799147346798E-16, 0.000000000000000000 ) ) ;
#4398 = CYLINDRICAL_SURFACE ( 'NONE', #3330, 0.2180000000000000826 ) ;
#4399 = DIRECTION ( 'NONE',  ( -1.000000000000000000, 0.000000000000000000, 0.000000000000000000 ) ) ;
#4400 = ORIENTED_EDGE ( 'NONE', *, *, #2146, .F. ) ;
#4401 = CARTESIAN_POINT ( 'NONE',  ( -0.2240000000000000324, 0.000000000000000000, -0.6540000000000000258 ) ) ;
#4402 = ORIENTED_EDGE ( 'NONE', *, *, #4562, .F. ) ;
#4403 = DIRECTION ( 'NONE',  ( -1.000000000000000000, 0.000000000000000000, 0.000000000000000000 ) ) ;
#4404 = DIRECTION ( 'NONE',  ( -1.000000000000000000, 1.224646799147346798E-16, 0.000000000000000000 ) ) ;
#4405 = VERTEX_POINT ( 'NONE', #4828 ) ;
#4406 = AXIS2_PLACEMENT_3D ( 'NONE', #1600, #3885, #3536 ) ;
#4407 = VECTOR ( 'NONE', #2753, 39.37007874015748143 ) ;
#4408 = DIRECTION ( 'NONE',  ( 0.000000000000000000, -1.000000000000000000, 0.000000000000000000 ) ) ;
#4409 = CARTESIAN_POINT ( 'NONE',  ( -0.07311675417812021904, 0.1620546218487395607, -1.042999999999999705 ) ) ;
#4410 = ORIENTED_EDGE ( 'NONE', *, *, #1205, .T. ) ;
#4411 = ORIENTED_EDGE ( 'NONE', *, *, #928, .F. ) ;
#4412 = DIRECTION ( 'NONE',  ( -1.000000000000000000, 0.000000000000000000, 0.000000000000000000 ) ) ;
#4413 = EDGE_CURVE ( 'NONE', #3625, #4637, #2910, .T. ) ;
#4414 = EDGE_CURVE ( 'NONE', #4183, #2974, #296, .T. ) ;
#4415 = EDGE_CURVE ( 'NONE', #3142, #2649, #3635, .T. ) ;
#4416 = ADVANCED_FACE ( 'NONE', ( #3685 ), #1753, .F. ) ;
#4417 = FACE_OUTER_BOUND ( 'NONE', #2947, .T. ) ;
#4418 = CYLINDRICAL_SURFACE ( 'NONE', #3957, 0.04000000000000000083 ) ;
#4419 = ORIENTED_EDGE ( 'NONE', *, *, #3395, .T. ) ;
#4420 = DIRECTION ( 'NONE',  ( 0.000000000000000000, -0.1291610608394973825, -0.9916236283806550977 ) ) ;
#4421 = PLANE ( 'NONE',  #1198 ) ;
#4422 = CARTESIAN_POINT ( 'NONE',  ( 0.2240000000000000324, 2.743208830090071273E-17, -0.6310000000000002274 ) ) ;
#4423 = EDGE_CURVE ( 'NONE', #1210, #3975, #3550, .T. ) ;
#4424 = AXIS2_PLACEMENT_3D ( 'NONE', #4802, #4754, #1364 ) ;
#4425 = CARTESIAN_POINT ( 'NONE',  ( 0.1521343974586220060, -0.08542853503571157248, -1.120300683110313722 ) ) ;
#4426 = AXIS2_PLACEMENT_3D ( 'NONE', #2714, #2993, #4198 ) ;
#4427 = CARTESIAN_POINT ( 'NONE',  ( 0.000000000000000000, 0.01324013157894735580, -2.208000000000000185 ) ) ;
#4428 = CIRCLE ( 'NONE', #1425, 0.2240000000000000324 ) ;
#4429 = ORIENTED_EDGE ( 'NONE', *, *, #60, .F. ) ;
#4430 = DIRECTION ( 'NONE',  ( 1.000000000000000000, 0.000000000000000000, -0.000000000000000000 ) ) ;
#4431 = CIRCLE ( 'NONE', #1266, 0.1168110236220472470 ) ;
#4432 = DIRECTION ( 'NONE',  ( -1.000000000000000000, 0.000000000000000000, 0.000000000000000000 ) ) ;
#4433 = EDGE_CURVE ( 'NONE', #474, #2649, #4013, .T. ) ;
#4434 = VERTEX_POINT ( 'NONE', #2486 ) ;
#4435 = AXIS2_PLACEMENT_3D ( 'NONE', #492, #2821, #4399 ) ;
#4436 = VECTOR ( 'NONE', #3487, 39.37007874015748143 ) ;
#4437 = ORIENTED_EDGE ( 'NONE', *, *, #1805, .F. ) ;
#4438 = CARTESIAN_POINT ( 'NONE',  ( 0.2180000000000000826, 2.669730022141230551E-17, 0.000000000000000000 ) ) ;
#4439 = CARTESIAN_POINT ( 'NONE',  ( 0.0002500000000000000594, -0.007005446710218422510, -2.207500000000000018 ) ) ;
#4440 = ORIENTED_EDGE ( 'NONE', *, *, #4415, .T. ) ;
#4441 = VERTEX_POINT ( 'NONE', #2513 ) ;
#4442 = PLANE ( 'NONE',  #676 ) ;
#4443 = EDGE_CURVE ( 'NONE', #3871, #4511, #1877, .T. ) ;
#4444 = VECTOR ( 'NONE', #2941, 39.37007874015748143 ) ;
#4445 =( BOUNDED_CURVE ( )  B_SPLINE_CURVE ( 3, ( #145, #2709, #3908, #118 ),
 .UNSPECIFIED., .F., .T. ) 
 B_SPLINE_CURVE_WITH_KNOTS ( ( 4, 4 ),
 ( 5.485793414285217828, 5.558892601374291864 ),
 .UNSPECIFIED. ) 
 CURVE ( )  GEOMETRIC_REPRESENTATION_ITEM ( )  RATIONAL_B_SPLINE_CURVE ( ( 1.000000000000000000, 0.9995547586393720429, 0.9995547586393720429, 1.000000000000000000 ) ) 
 REPRESENTATION_ITEM ( '' )  );
#4446 = DIRECTION ( 'NONE',  ( -1.000000000000000000, -1.224646799147346798E-16, 0.000000000000000000 ) ) ;
#4447 = CARTESIAN_POINT ( 'NONE',  ( -0.2240000000000000324, -0.1156848739495798528, -1.399000000000000021 ) ) ;
#4448 = VERTEX_POINT ( 'NONE', #604 ) ;
#4449 = DIRECTION ( 'NONE',  ( -1.000000000000000000, 0.000000000000000000, 0.000000000000000000 ) ) ;
#4450 = ADVANCED_FACE ( 'NONE', ( #4469 ), #2116, .T. ) ;
#4451 = CARTESIAN_POINT ( 'NONE',  ( -0.2240000000000000324, 0.1854999999999999982, -0.8630000000000002114 ) ) ;
#4452 = FACE_OUTER_BOUND ( 'NONE', #3001, .T. ) ;
#4453 = VECTOR ( 'NONE', #4503, 39.37007874015748143 ) ;
#4454 = APPLICATION_PROTOCOL_DEFINITION ( 'draft international standard', 'automotive_design', 1998, #832 ) ;
#4455 = DIRECTION ( 'NONE',  ( 0.000000000000000000, 0.000000000000000000, -1.000000000000000000 ) ) ;
#4456 = CARTESIAN_POINT ( 'NONE',  ( 0.2099999999999999367, 0.000000000000000000, -0.01000000000000002970 ) ) ;
#4457 = EDGE_LOOP ( 'NONE', ( #2308, #3527, #4115, #1904 ) ) ;
#4458 = PLANE ( 'NONE',  #888 ) ;
#4459 = CARTESIAN_POINT ( 'NONE',  ( 0.000000000000000000, 0.000000000000000000, -0.8630000000000001004 ) ) ;
#4460 = ORIENTED_EDGE ( 'NONE', *, *, #2233, .F. ) ;
#4461 = ADVANCED_FACE ( 'NONE', ( #4807 ), #323, .T. ) ;
#4462 = AXIS2_PLACEMENT_3D ( 'NONE', #1081, #2241, #3018 ) ;
#4463 = ORIENTED_EDGE ( 'NONE', *, *, #1729, .T. ) ;
#4464 = DIRECTION ( 'NONE',  ( 0.000000000000000000, 0.000000000000000000, 1.000000000000000000 ) ) ;
#4465 = VERTEX_POINT ( 'NONE', #274 ) ;
#4466 = DIRECTION ( 'NONE',  ( -1.000000000000000000, 0.000000000000000000, 0.000000000000000000 ) ) ;
#4467 = AXIS2_PLACEMENT_3D ( 'NONE', #2454, #262, #3576 ) ;
#4468 = CARTESIAN_POINT ( 'NONE',  ( 0.1554999999999999993, 0.000000000000000000, -0.01000000000000002970 ) ) ;
#4469 = FACE_OUTER_BOUND ( 'NONE', #2407, .T. ) ;
#4470 = ORIENTED_EDGE ( 'NONE', *, *, #503, .F. ) ;
#4471 = CIRCLE ( 'NONE', #4149, 0.004999999999999946328 ) ;
#4472 = DIRECTION ( 'NONE',  ( -1.000000000000000000, 0.000000000000000000, 0.000000000000000000 ) ) ;
#4473 = CARTESIAN_POINT ( 'NONE',  ( 0.1546283477921913674, 0.06527862401226496025, -1.274999999999999911 ) ) ;
#4474 = CIRCLE ( 'NONE', #3297, 0.2179999999999999993 ) ;
#4475 = UNCERTAINTY_MEASURE_WITH_UNIT (LENGTH_MEASURE( 1.000000000000000082E-05 ), #2953, 'distance_accuracy_value', 'NONE');
#4476 = DIRECTION ( 'NONE',  ( -1.000000000000000000, 0.000000000000000000, 0.000000000000000000 ) ) ;
#4477 = DIRECTION ( 'NONE',  ( -1.000000000000000000, 0.000000000000000000, 0.000000000000000000 ) ) ;
#4478 = DIRECTION ( 'NONE',  ( 0.000000000000000000, 0.000000000000000000, 1.000000000000000000 ) ) ;
#4479 = EDGE_CURVE ( 'NONE', #3702, #4159, #1500, .T. ) ;
#4480 = ADVANCED_FACE ( 'NONE', ( #2911 ), #4418, .T. ) ;
#4481 = EDGE_CURVE ( 'NONE', #972, #3461, #945, .T. ) ;
#4482 = ORIENTED_EDGE ( 'NONE', *, *, #1369, .T. ) ;
#4483 =( BOUNDED_CURVE ( )  B_SPLINE_CURVE ( 3, ( #3366, #1828, #3344, #2990 ),
 .UNSPECIFIED., .F., .T. ) 
 B_SPLINE_CURVE_WITH_KNOTS ( ( 4, 4 ),
 ( 1.286409978886555061, 1.315229967556595492 ),
 .UNSPECIFIED. ) 
 CURVE ( )  GEOMETRIC_REPRESENTATION_ITEM ( )  RATIONAL_B_SPLINE_CURVE ( ( 1.000000000000000000, 0.9999307852187927503, 0.9999307852187927503, 1.000000000000000000 ) ) 
 REPRESENTATION_ITEM ( '' )  );
#4484 = FACE_OUTER_BOUND ( 'NONE', #1344, .T. ) ;
#4485 = ORIENTED_EDGE ( 'NONE', *, *, #1123, .T. ) ;
#4486 = ORIENTED_EDGE ( 'NONE', *, *, #3349, .T. ) ;
#4487 = VERTEX_POINT ( 'NONE', #2188 ) ;
#4488 = DIRECTION ( 'NONE',  ( 0.000000000000000000, 0.000000000000000000, 1.000000000000000000 ) ) ;
#4489 = ORIENTED_EDGE ( 'NONE', *, *, #3970, .F. ) ;
#4490 = DIRECTION ( 'NONE',  ( -0.000000000000000000, 0.000000000000000000, -1.000000000000000000 ) ) ;
#4491 = AXIS2_PLACEMENT_3D ( 'NONE', #1871, #3017, #18 ) ;
#4492 = CIRCLE ( 'NONE', #2750, 0.2190000000000000002 ) ;
#4493 = FACE_OUTER_BOUND ( 'NONE', #3580, .T. ) ;
#4494 = ORIENTED_EDGE ( 'NONE', *, *, #2727, .F. ) ;
#4495 = VERTEX_POINT ( 'NONE', #1075 ) ;
#4496 = CARTESIAN_POINT ( 'NONE',  ( 0.2190000000000000002, 2.712592660111387510E-17, -0.5830000000000000737 ) ) ;
#4497 = CARTESIAN_POINT ( 'NONE',  ( -0.1515401985390432138, 0.08846349796184481418, -1.096999999999999753 ) ) ;
#4498 = DIRECTION ( 'NONE',  ( -1.000000000000000000, 0.000000000000000000, 0.000000000000000000 ) ) ;
#4499 = DIRECTION ( 'NONE',  ( 0.000000000000000000, 0.9916236283806552088, 0.1291610608394971882 ) ) ;
#4500 = CARTESIAN_POINT ( 'NONE',  ( 0.1554999999999999993, 0.000000000000000000, -0.4499999999999999556 ) ) ;
#4501 = ORIENTED_EDGE ( 'NONE', *, *, #37, .T. ) ;
#4502 = CIRCLE ( 'NONE', #3327, 0.1754714285714285560 ) ;
#4503 = DIRECTION ( 'NONE',  ( 1.000000000000000000, -0.000000000000000000, -0.000000000000000000 ) ) ;
#4504 = AXIS2_PLACEMENT_3D ( 'NONE', #4318, #1239, #3930 ) ;
#4505 = ORIENTED_EDGE ( 'NONE', *, *, #3969, .F. ) ;
#4506 = EDGE_CURVE ( 'NONE', #91, #4839, #81, .T. ) ;
#4507 = ADVANCED_FACE ( 'NONE', ( #4493 ), #2653, .F. ) ;
#4508 = AXIS2_PLACEMENT_3D ( 'NONE', #1426, #4764, #4026 ) ;
#4509 = VERTEX_POINT ( 'NONE', #4165 ) ;
#4510 = CARTESIAN_POINT ( 'NONE',  ( 0.09431023057885465355, 0.1434285714285714886, -1.185999999999999943 ) ) ;
#4511 = VERTEX_POINT ( 'NONE', #1843 ) ;
#4512 = AXIS2_PLACEMENT_3D ( 'NONE', #3470, #3096, #1608 ) ;
#4513 = CARTESIAN_POINT ( 'NONE',  ( 0.000000000000000000, 0.000000000000000000, -0.6640000000000002567 ) ) ;
#4514 = CARTESIAN_POINT ( 'NONE',  ( 0.000000000000000000, 0.000000000000000000, -0.5830000000000000737 ) ) ;
#4515 = CARTESIAN_POINT ( 'NONE',  ( -0.2240000000000000324, 0.000000000000000000, -0.6870000000000000551 ) ) ;
#4516 = ORIENTED_EDGE ( 'NONE', *, *, #1022, .F. ) ;
#4517 = AXIS2_PLACEMENT_3D ( 'NONE', #2615, #2261, #1078 ) ;
#4518 = ORIENTED_EDGE ( 'NONE', *, *, #3456, .T. ) ;
#4519 = CARTESIAN_POINT ( 'NONE',  ( -0.1173181792747342578, -0.1088053231821082406, -1.451817196214782113 ) ) ;
#4520 = CARTESIAN_POINT ( 'NONE',  ( 0.000000000000000000, 0.000000000000000000, -0.6970000000000000639 ) ) ;
#4521 = EDGE_CURVE ( 'NONE', #4860, #2782, #1915, .T. ) ;
#4522 = CARTESIAN_POINT ( 'NONE',  ( 0.1604102209264033352, 0.000000000000000000, -1.448428178383922349 ) ) ;
#4523 = CIRCLE ( 'NONE', #856, 0.004999999999999946328 ) ;
#4524 = LINE ( 'NONE', #4858, #1194 ) ;
#4525 = CARTESIAN_POINT ( 'NONE',  ( 0.000000000000000000, 0.000000000000000000, -0.05300000000000001932 ) ) ;
#4527 = EDGE_CURVE ( 'NONE', #4761, #2297, #659, .T. ) ;
#4526 = CARTESIAN_POINT ( 'NONE',  ( -0.2240000000000000324, 0.08846349796184481418, -1.096999999999999753 ) ) ;
#4528 = ORIENTED_EDGE ( 'NONE', *, *, #3548, .F. ) ;
#4529 = EDGE_LOOP ( 'NONE', ( #1836, #23, #1508, #2795 ) ) ;
#4530 = LINE ( 'NONE', #1140, #3208 ) ;
#4531 = CARTESIAN_POINT ( 'NONE',  ( 0.000000000000000000, 0.000000000000000000, 0.000000000000000000 ) ) ;
#4532 = ORIENTED_EDGE ( 'NONE', *, *, #1509, .T. ) ;
#4533 = EDGE_CURVE ( 'NONE', #665, #4539, #4348, .T. ) ;
#4534 = LINE ( 'NONE', #4163, #4391 ) ;
#4535 = EDGE_CURVE ( 'NONE', #4350, #528, #1400, .T. ) ;
#4536 = EDGE_CURVE ( 'NONE', #2695, #4181, #3806, .T. ) ;
#4537 = CARTESIAN_POINT ( 'NONE',  ( 6.270002573497202090E-05, -0.1854999999999999982, -0.8630000000000002114 ) ) ;
#4538 = CARTESIAN_POINT ( 'NONE',  ( -0.1495837840720270484, 0.09702272663179213608, -1.031287212146855925 ) ) ;
#4539 = VERTEX_POINT ( 'NONE', #1918 ) ;
#4540 = ORIENTED_EDGE ( 'NONE', *, *, #4361, .F. ) ;
#4541 = CARTESIAN_POINT ( 'NONE',  ( -0.2240000000000000324, 0.06527862401226496025, -1.274999999999999911 ) ) ;
#4542 = DIRECTION ( 'NONE',  ( 0.000000000000000000, -0.1291610608394971604, -0.9916236283806550977 ) ) ;
#4543 = AXIS2_PLACEMENT_3D ( 'NONE', #4769, #716, #2224 ) ;
#4544 = AXIS2_PLACEMENT_3D ( 'NONE', #910, #1952, #4228 ) ;
#4545 = CARTESIAN_POINT ( 'NONE',  ( 0.1174615737310077540, -0.1091342860131922360, -1.449291610608395064 ) ) ;
#4546 = FACE_OUTER_BOUND ( 'NONE', #2958, .T. ) ;
#4547 = DIRECTION ( 'NONE',  ( 0.000000000000000000, -0.000000000000000000, 1.000000000000000000 ) ) ;
#4548 = LINE ( 'NONE', #1157, #3877 ) ;
#4549 = AXIS2_PLACEMENT_3D ( 'NONE', #32, #3006, #1124 ) ;
#4550 = PLANE ( 'NONE',  #4347 ) ;
#4551 = ORIENTED_EDGE ( 'NONE', *, *, #308, .T. ) ;
#4552 = VERTEX_POINT ( 'NONE', #4515 ) ;
#4553 = ORIENTED_EDGE ( 'NONE', *, *, #1728, .F. ) ;
#4554 = DIRECTION ( 'NONE',  ( -0.000000000000000000, -0.000000000000000000, -1.000000000000000000 ) ) ;
#4555 = VECTOR ( 'NONE', #3911, 39.37007874015748143 ) ;
#4556 = ORIENTED_EDGE ( 'NONE', *, *, #1540, .T. ) ;
#4557 = CARTESIAN_POINT ( 'NONE',  ( 0.1487688718478925587, -0.1000559349366348383, -1.007999999999999785 ) ) ;
#4558 = CARTESIAN_POINT ( 'NONE',  ( 0.2099999999999999922, 2.571758278209441587E-17, 0.000000000000000000 ) ) ;
#4559 = DIRECTION ( 'NONE',  ( 0.000000000000000000, 0.000000000000000000, 1.000000000000000000 ) ) ;
#4560 = ORIENTED_EDGE ( 'NONE', *, *, #3037, .F. ) ;
#4561 = ORIENTED_EDGE ( 'NONE', *, *, #4734, .T. ) ;
#4562 = EDGE_CURVE ( 'NONE', #1566, #422, #1822, .T. ) ;
#4563 = FACE_BOUND ( 'NONE', #4036, .T. ) ;
#4564 = EDGE_CURVE ( 'NONE', #4465, #465, #3250, .T. ) ;
#4565 = ADVANCED_FACE ( 'NONE', ( #3058 ), #1579, .T. ) ;
#4566 = CARTESIAN_POINT ( 'NONE',  ( -0.2099999999999999367, 2.571758278209440971E-17, -0.5500000000000000444 ) ) ;
#4567 = AXIS2_PLACEMENT_3D ( 'NONE', #200, #4710, #1324 ) ;
#4568 = CARTESIAN_POINT ( 'NONE',  ( -0.1115653416679154158, -0.1202436974789916485, -1.363999999999999879 ) ) ;
#4569 = DIRECTION ( 'NONE',  ( 0.000000000000000000, 0.000000000000000000, 1.000000000000000000 ) ) ;
#4570 = CARTESIAN_POINT ( 'NONE',  ( 0.000000000000000000, 0.000000000000000000, -0.6490000000000001323 ) ) ;
#4571 = DIRECTION ( 'NONE',  ( 1.000000000000000000, 0.000000000000000000, -0.000000000000000000 ) ) ;
#4572 = ADVANCED_FACE ( 'NONE', ( #359 ), #3432, .T. ) ;
#4573 = ORIENTED_EDGE ( 'NONE', *, *, #3991, .T. ) ;
#4574 = DIRECTION ( 'NONE',  ( 1.224646799147353207E-16, 1.000000000000000000, -0.000000000000000000 ) ) ;
#4575 = DIRECTION ( 'NONE',  ( -0.000000000000000000, -0.000000000000000000, -1.000000000000000000 ) ) ;
#4576 = ORIENTED_EDGE ( 'NONE', *, *, #4690, .T. ) ;
#4577 = ORIENTED_EDGE ( 'NONE', *, *, #1269, .T. ) ;
#4578 = AXIS2_PLACEMENT_3D ( 'NONE', #1746, #1770, #2184 ) ;
#4579 = AXIS2_PLACEMENT_3D ( 'NONE', #1039, #2949, #4404 ) ;
#4580 = AXIS2_PLACEMENT_3D ( 'NONE', #999, #2141, #3314 ) ;
#4581 = ADVANCED_FACE ( 'NONE', ( #2677 ), #1467, .T. ) ;
#4582 = ORIENTED_EDGE ( 'NONE', *, *, #3246, .T. ) ;
#4583 = DIRECTION ( 'NONE',  ( -0.000000000000000000, -0.000000000000000000, -1.000000000000000000 ) ) ;
#4584 = ORIENTED_EDGE ( 'NONE', *, *, #782, .T. ) ;
#4585 = AXIS2_PLACEMENT_3D ( 'NONE', #2568, #2548, #1783 ) ;
#4586 = CARTESIAN_POINT ( 'NONE',  ( 0.000000000000000000, 0.000000000000000000, 0.000000000000000000 ) ) ;
#4587 = PLANE ( 'NONE',  #2819 ) ;
#4588 = CARTESIAN_POINT ( 'NONE',  ( -0.1002509391112689913, 0.1365899460810389432, -1.238502994603636775 ) ) ;
#4589 = ORIENTED_EDGE ( 'NONE', *, *, #992, .T. ) ;
#4590 = EDGE_CURVE ( 'NONE', #3379, #4677, #3781, .T. ) ;
#4591 = ORIENTED_EDGE ( 'NONE', *, *, #390, .F. ) ;
#4592 = CARTESIAN_POINT ( 'NONE',  ( -0.1999999999999999556, 2.449293598294705921E-17, -0.01000000000000002970 ) ) ;
#4594 = AXIS2_PLACEMENT_3D ( 'NONE', #4689, #3133, #3857 ) ;
#4593 = CARTESIAN_POINT ( 'NONE',  ( -0.0002500000000000000594, -0.007005446710218422510, -2.207500000000000018 ) ) ;
#4595 = CARTESIAN_POINT ( 'NONE',  ( 0.000000000000000000, 0.000000000000000000, -0.03799999999999997824 ) ) ;
#4596 = DIRECTION ( 'NONE',  ( 1.000000000000000000, 0.000000000000000000, 0.000000000000000000 ) ) ;
#4597 = CARTESIAN_POINT ( 'NONE',  ( 0.1168110236220472470, 0.000000000000000000, -0.03799999999999999906 ) ) ;
#4598 = PLANE ( 'NONE',  #1185 ) ;
#4599 = AXIS2_PLACEMENT_3D ( 'NONE', #511, #3195, #1654 ) ;
#4600 = PLANE ( 'NONE',  #3447 ) ;
#4601 = CARTESIAN_POINT ( 'NONE',  ( -0.0002500000000000000052, 0.007005446710218416438, -1.458000000000000185 ) ) ;
#4602 = ORIENTED_EDGE ( 'NONE', *, *, #2722, .T. ) ;
#4603 = VERTEX_POINT ( 'NONE', #2585 ) ;
#4604 = ORIENTED_EDGE ( 'NONE', *, *, #2542, .F. ) ;
#4605 = CARTESIAN_POINT ( 'NONE',  ( 0.000000000000000000, 0.000000000000000000, -1.274999999999999911 ) ) ;
#4606 = ORIENTED_EDGE ( 'NONE', *, *, #795, .T. ) ;
#4607 = ADVANCED_FACE ( 'NONE', ( #3359 ), #2368, .T. ) ;
#4608 = DIRECTION ( 'NONE',  ( -0.000000000000000000, -0.000000000000000000, -1.000000000000000000 ) ) ;
#4609 = LINE ( 'NONE', #89, #4103 ) ;
#4610 = ORIENTED_EDGE ( 'NONE', *, *, #3088, .T. ) ;
#4611 = VERTEX_POINT ( 'NONE', #727 ) ;
#4612 = CYLINDRICAL_SURFACE ( 'NONE', #4253, 0.2240000000000000324 ) ;
#4613 = DIRECTION ( 'NONE',  ( 0.000000000000000000, 0.000000000000000000, 1.000000000000000000 ) ) ;
#4614 = AXIS2_PLACEMENT_3D ( 'NONE', #2567, #416, #4476 ) ;
#4615 = CARTESIAN_POINT ( 'NONE',  ( -0.04597962464005383998, 0.1790566233546542207, -0.9124685045674935102 ) ) ;
#4616 = CARTESIAN_POINT ( 'NONE',  ( 0.000000000000000000, 0.000000000000000000, -0.7479999999999999982 ) ) ;
#4617 = DIRECTION ( 'NONE',  ( -1.000000000000000000, 0.000000000000000000, 0.000000000000000000 ) ) ;
#4618 = CARTESIAN_POINT ( 'NONE',  ( -0.1536844629971417797, 0.07535419244681115791, -1.197645635889613036 ) ) ;
#4619 = CARTESIAN_POINT ( 'NONE',  ( 0.000000000000000000, 0.000000000000000000, -1.220999999999999863 ) ) ;
#4620 = AXIS2_PLACEMENT_3D ( 'NONE', #3590, #606, #2467 ) ;
#4621 = CARTESIAN_POINT ( 'NONE',  ( 0.1115653416679154575, -0.1202436974789916485, -1.363999999999999879 ) ) ;
#4622 = CARTESIAN_POINT ( 'NONE',  ( 0.000000000000000000, 0.000000000000000000, -1.448428178383922349 ) ) ;
#4623 = ORIENTED_EDGE ( 'NONE', *, *, #3921, .T. ) ;
#4624 = EDGE_LOOP ( 'NONE', ( #2295, #1495, #3310, #4747, #4781 ) ) ;
#4625 = CIRCLE ( 'NONE', #4777, 0.005000000000000014849 ) ;
#4626 = EDGE_CURVE ( 'NONE', #480, #424, #1340, .T. ) ;
#4627 = EDGE_CURVE ( 'NONE', #298, #2268, #4106, .T. ) ;
#4628 = ADVANCED_FACE ( 'NONE', ( #1617 ), #1217, .F. ) ;
#4629 = TOROIDAL_SURFACE ( 'NONE', #440, 0.2190000000000000002, 0.005000000000000000104 ) ;
#4630 = ORIENTED_EDGE ( 'NONE', *, *, #3455, .F. ) ;
#4631 = CARTESIAN_POINT ( 'NONE',  ( -0.1021008891434418281, -0.1342445654258833942, -1.256509465439991979 ) ) ;
#4632 = ORIENTED_EDGE ( 'NONE', *, *, #4479, .T. ) ;
#4633 = ADVANCED_FACE ( 'NONE', ( #4657 ), #2754, .F. ) ;
#4634 = LINE ( 'NONE', #139, #4407 ) ;
#4635 = CARTESIAN_POINT ( 'NONE',  ( 0.000000000000000000, -0.01324013157894735580, -2.208000000000000185 ) ) ;
#4636 =( BOUNDED_CURVE ( )  B_SPLINE_CURVE ( 3, ( #2367, #3138, #2027, #178 ),
 .UNSPECIFIED., .F., .T. ) 
 B_SPLINE_CURVE_WITH_KNOTS ( ( 4, 4 ),
 ( 1.359282303335202835, 1.387608140424093195 ),
 .UNSPECIFIED. ) 
 CURVE ( )  GEOMETRIC_REPRESENTATION_ITEM ( )  RATIONAL_B_SPLINE_CURVE ( ( 1.000000000000000000, 0.9999331383637506399, 0.9999331383637506399, 1.000000000000000000 ) ) 
 REPRESENTATION_ITEM ( '' )  );
#4637 = VERTEX_POINT ( 'NONE', #4265 ) ;
#4638 = ORIENTED_EDGE ( 'NONE', *, *, #124, .F. ) ;
#4639 = CARTESIAN_POINT ( 'NONE',  ( 0.2190000000000000002, 2.712592660111387510E-17, -0.5500000000000000444 ) ) ;
#4640 = DIRECTION ( 'NONE',  ( -1.000000000000000000, 0.000000000000000000, 0.000000000000000000 ) ) ;
#4641 = CARTESIAN_POINT ( 'NONE',  ( 0.0002500000000000000052, -0.007505446710218416882, -2.208000000000000185 ) ) ;
#4642 = CARTESIAN_POINT ( 'NONE',  ( -0.04000000000000000083, 0.000000000000000000, 0.1131370849898476472 ) ) ;
#4643 = DIRECTION ( 'NONE',  ( -1.000000000000000000, 0.000000000000000000, 0.000000000000000000 ) ) ;
#4644 = TOROIDAL_SURFACE ( 'NONE', #2115, 0.1168110236220472470, 0.01499999999999999944 ) ;
#4645 = LINE ( 'NONE', #2344, #3997 ) ;
#4646 = DIRECTION ( 'NONE',  ( -0.000000000000000000, -0.000000000000000000, -1.000000000000000000 ) ) ;
#4647 = AXIS2_PLACEMENT_3D ( 'NONE', #1674, #2043, #93 ) ;
#4648 = ORIENTED_EDGE ( 'NONE', *, *, #3723, .F. ) ;
#4649 = ORIENTED_EDGE ( 'NONE', *, *, #3030, .T. ) ;
#4650 = ORIENTED_EDGE ( 'NONE', *, *, #4012, .T. ) ;
#4651 = DIRECTION ( 'NONE',  ( -0.000000000000000000, -0.000000000000000000, -1.000000000000000000 ) ) ;
#4652 = DIRECTION ( 'NONE',  ( 1.000000000000000000, -0.000000000000000000, -0.000000000000000000 ) ) ;
#4653 = EDGE_CURVE ( 'NONE', #528, #631, #4609, .T. ) ;
#4654 = ORIENTED_EDGE ( 'NONE', *, *, #4006, .F. ) ;
#4655 = AXIS2_PLACEMENT_3D ( 'NONE', #3604, #289, #2161 ) ;
#4656 = CARTESIAN_POINT ( 'NONE',  ( 0.000000000000000000, 0.000000000000000000, -0.6640000000000002567 ) ) ;
#4657 = FACE_OUTER_BOUND ( 'NONE', #2298, .T. ) ;
#4658 = AXIS2_PLACEMENT_3D ( 'NONE', #4525, #3420, #3066 ) ;
#4659 = ORIENTED_EDGE ( 'NONE', *, *, #2918, .F. ) ;
#4660 = ORIENTED_EDGE ( 'NONE', *, *, #1909, .T. ) ;
#4661 = DIRECTION ( 'NONE',  ( -0.000000000000000000, -0.000000000000000000, -1.000000000000000000 ) ) ;
#4662 = CARTESIAN_POINT ( 'NONE',  ( 0.000000000000000000, 0.000000000000000000, -0.5830000000000000737 ) ) ;
#4663 = AXIS2_PLACEMENT_3D ( 'NONE', #2962, #1031, #2544 ) ;
#4664 = CIRCLE ( 'NONE', #2533, 0.2099999999999999922 ) ;
#4665 = PLANE ( 'NONE',  #3709 ) ;
#4666 = DIRECTION ( 'NONE',  ( -0.000000000000000000, 1.000000000000000000, 0.000000000000000000 ) ) ;
#4667 = DIRECTION ( 'NONE',  ( -0.000000000000000000, -0.000000000000000000, 1.000000000000000000 ) ) ;
#4668 = VECTOR ( 'NONE', #3692, 39.37007874015748143 ) ;
#4669 = CARTESIAN_POINT ( 'NONE',  ( 0.0002500000000000000052, 0.007505446710218416882, -1.458000000000000185 ) ) ;
#4670 = CARTESIAN_POINT ( 'NONE',  ( 0.2179999999999999993, 2.669730022141229935E-17, -0.6690000000000001501 ) ) ;
#4671 = EDGE_CURVE ( 'NONE', #956, #4839, #319, .T. ) ;
#4672 = VECTOR ( 'NONE', #1300, 39.37007874015748143 ) ;
#4673 = DIRECTION ( 'NONE',  ( 0.000000000000000000, 0.9916236283806552088, 0.1291610608394971604 ) ) ;
#4674 = CYLINDRICAL_SURFACE ( 'NONE', #476, 0.1318110236220472464 ) ;
#4675 = ORIENTED_EDGE ( 'NONE', *, *, #2352, .T. ) ;
#4676 = FACE_OUTER_BOUND ( 'NONE', #2302, .T. ) ;
#4677 = VERTEX_POINT ( 'NONE', #3210 ) ;
#4678 = CARTESIAN_POINT ( 'NONE',  ( 0.1548646245976513514, -0.06071980048285321313, -1.310000000000000053 ) ) ;
#4679 = DIRECTION ( 'NONE',  ( -0.000000000000000000, -0.000000000000000000, -1.000000000000000000 ) ) ;
#4680 = VERTEX_POINT ( 'NONE', #2705 ) ;
#4681 = CIRCLE ( 'NONE', #4289, 0.2099999999999999922 ) ;
#4682 = LINE ( 'NONE', #1670, #3784 ) ;
#4683 = CARTESIAN_POINT ( 'NONE',  ( 0.000000000000000000, 0.000000000000000000, -0.1380000000000000115 ) ) ;
#4684 = EDGE_CURVE ( 'NONE', #2907, #1983, #3000, .T. ) ;
#4685 = VERTEX_POINT ( 'NONE', #4237 ) ;
#4686 = ORIENTED_EDGE ( 'NONE', *, *, #1176, .F. ) ;
#4687 = DIRECTION ( 'NONE',  ( -0.000000000000000000, -0.000000000000000000, -1.000000000000000000 ) ) ;
#4688 = EDGE_CURVE ( 'NONE', #2723, #4509, #2379, .T. ) ;
#4689 = CARTESIAN_POINT ( 'NONE',  ( 0.000000000000000000, 0.000000000000000000, 0.000000000000000000 ) ) ;
#4690 = EDGE_CURVE ( 'NONE', #3533, #4405, #470, .T. ) ;
#4691 = DIRECTION ( 'NONE',  ( 0.000000000000000000, 0.000000000000000000, 1.000000000000000000 ) ) ;
#4692 = DIRECTION ( 'NONE',  ( -1.000000000000000000, 0.000000000000000000, 0.000000000000000000 ) ) ;
#4693 = CARTESIAN_POINT ( 'NONE',  ( -0.1538659093782344667, 0.07383448533813684322, -1.209313064659435222 ) ) ;
#4694 = DIRECTION ( 'NONE',  ( -1.000000000000000000, 0.000000000000000000, 0.000000000000000000 ) ) ;
#4695 = TOROIDAL_SURFACE ( 'NONE', #1931, 0.2149999999999999689, 0.005000000000000000104 ) ;
#4696 = CARTESIAN_POINT ( 'NONE',  ( -0.0002500000000000131241, -0.007505446710218416882, -2.208000000000000185 ) ) ;
#4697 = ORIENTED_EDGE ( 'NONE', *, *, #2661, .T. ) ;
#4698 = DIRECTION ( 'NONE',  ( 0.04281783839218585019, 0.000000000000000000, 0.9990828958176697361 ) ) ;
#4699 = ORIENTED_EDGE ( 'NONE', *, *, #4200, .F. ) ;
#4700 = CARTESIAN_POINT ( 'NONE',  ( 0.000000000000000000, 0.000000000000000000, -0.8000125210645688822 ) ) ;
#4701 = AXIS2_PLACEMENT_3D ( 'NONE', #51, #3839, #3497 ) ;
#4702 = ORIENTED_EDGE ( 'NONE', *, *, #3401, .T. ) ;
#4703 = CIRCLE ( 'NONE', #4392, 0.1640285714285714402 ) ;
#4704 = CARTESIAN_POINT ( 'NONE',  ( -0.2240000000000000324, 0.000000000000000000, -0.5980000000000000870 ) ) ;
#4705 = CARTESIAN_POINT ( 'NONE',  ( 0.000000000000000000, 0.000000000000000000, -0.6310000000000002274 ) ) ;
#4706 = ORIENTED_EDGE ( 'NONE', *, *, #450, .T. ) ;
#4707 = VERTEX_POINT ( 'NONE', #3186 ) ;
#4708 = CYLINDRICAL_SURFACE ( 'NONE', #1067, 0.2179999999999999993 ) ;
#4709 = FACE_OUTER_BOUND ( 'NONE', #615, .T. ) ;
#4710 = DIRECTION ( 'NONE',  ( 0.000000000000000000, 0.000000000000000000, -1.000000000000000000 ) ) ;
#4711 = EDGE_CURVE ( 'NONE', #2695, #4214, #1659, .T. ) ;
#4712 = VERTEX_POINT ( 'NONE', #847 ) ;
#4713 = FACE_OUTER_BOUND ( 'NONE', #1130, .T. ) ;
#4714 = ADVANCED_FACE ( 'NONE', ( #1694 ), #3583, .F. ) ;
#4715 = EDGE_CURVE ( 'NONE', #714, #259, #1100, .T. ) ;
#4716 = CARTESIAN_POINT ( 'NONE',  ( -0.005545194838544003149, 0.01175691724979139458, -2.208000000000000185 ) ) ;
#4717 = DIRECTION ( 'NONE',  ( -0.000000000000000000, -0.000000000000000000, -1.000000000000000000 ) ) ;
#4718 = EDGE_LOOP ( 'NONE', ( #1714, #1796, #2668, #1391 ) ) ;
#4719 = AXIS2_PLACEMENT_3D ( 'NONE', #3763, #1133, #3834 ) ;
#4720 = DIRECTION ( 'NONE',  ( 1.000000000000000000, 0.000000000000000000, -0.000000000000000000 ) ) ;
#4721 = EDGE_LOOP ( 'NONE', ( #2870, #426, #3143, #2573 ) ) ;
#4722 = AXIS2_PLACEMENT_3D ( 'NONE', #2960, #2217, #3362 ) ;
#4723 = DIRECTION ( 'NONE',  ( -1.000000000000000000, 0.000000000000000000, 0.000000000000000000 ) ) ;
#4724 = CARTESIAN_POINT ( 'NONE',  ( -0.1854999999999999982, 2.412375318322143866E-17, -0.8630000000000001004 ) ) ;
#4725 = ORIENTED_EDGE ( 'NONE', *, *, #1117, .T. ) ;
#4726 = EDGE_CURVE ( 'NONE', #4434, #896, #3718, .T. ) ;
#4727 = CARTESIAN_POINT ( 'NONE',  ( -0.2190000000000000002, 0.000000000000000000, -0.7479999999999999982 ) ) ;
#4728 = CARTESIAN_POINT ( 'NONE',  ( -0.2190000000000000002, 0.000000000000000000, -0.5500000000000000444 ) ) ;
#4729 = EDGE_LOOP ( 'NONE', ( #3094, #2999, #24, #3906 ) ) ;
#4730 = EDGE_LOOP ( 'NONE', ( #4285, #741 ) ) ;
#4731 = CARTESIAN_POINT ( 'NONE',  ( 0.000000000000000000, 0.000000000000000000, 0.000000000000000000 ) ) ;
#4732 = VECTOR ( 'NONE', #4365, 39.37007874015748854 ) ;
#4733 = ADVANCED_FACE ( 'NONE', ( #3950 ), #550, .F. ) ;
#4734 = EDGE_CURVE ( 'NONE', #590, #2268, #3642, .T. ) ;
#4735 = DIRECTION ( 'NONE',  ( 0.000000000000000000, -0.000000000000000000, 1.000000000000000000 ) ) ;
#4736 = EDGE_LOOP ( 'NONE', ( #3480, #351, #143, #3116 ) ) ;
#4737 = PLANE ( 'NONE',  #3369 ) ;
#4738 = DIRECTION ( 'NONE',  ( -1.000000000000000000, 0.000000000000000000, 0.000000000000000000 ) ) ;
#4739 = AXIS2_PLACEMENT_3D ( 'NONE', #2691, #3817, #1851 ) ;
#4740 = CARTESIAN_POINT ( 'NONE',  ( -0.0002500000000000000052, 0.007005446710218416438, -1.457292893218813612 ) ) ;
#4741 = VECTOR ( 'NONE', #147, 39.37007874015748143 ) ;
#4742 = SHAPE_DEFINITION_REPRESENTATION ( #2986, #4119 ) ;
#4743 = VECTOR ( 'NONE', #3840, 39.37007874015748143 ) ;
#4744 = CARTESIAN_POINT ( 'NONE',  ( 0.09832927531376374486, 0.1388697478991597067, -1.220999999999999863 ) ) ;
#4745 = ORIENTED_EDGE ( 'NONE', *, *, #255, .T. ) ;
#4746 = DIRECTION ( 'NONE',  ( -0.000000000000000000, -0.000000000000000000, 1.000000000000000000 ) ) ;
#4747 = ORIENTED_EDGE ( 'NONE', *, *, #1981, .T. ) ;
#4748 = DIRECTION ( 'NONE',  ( -1.000000000000000000, 0.000000000000000000, 0.000000000000000000 ) ) ;
#4749 = CARTESIAN_POINT ( 'NONE',  ( -0.2190000000000000002, 0.000000000000000000, -0.6540000000000000258 ) ) ;
#4750 = VECTOR ( 'NONE', #3535, 39.37007874015748143 ) ;
#4751 = ORIENTED_EDGE ( 'NONE', *, *, #3618, .F. ) ;
#4752 =( BOUNDED_CURVE ( )  B_SPLINE_CURVE ( 3, ( #1411, #2458, #2134, #4409 ),
 .UNSPECIFIED., .F., .T. ) 
 B_SPLINE_CURVE_WITH_KNOTS ( ( 4, 4 ),
 ( 5.609664416122655872, 5.695134176570989304 ),
 .UNSPECIFIED. ) 
 CURVE ( )  GEOMETRIC_REPRESENTATION_ITEM ( )  RATIONAL_B_SPLINE_CURVE ( ( 1.000000000000000000, 0.9993913359779373895, 0.9993913359779373895, 1.000000000000000000 ) ) 
 REPRESENTATION_ITEM ( '' )  );
#4753 = CARTESIAN_POINT ( 'NONE',  ( -0.1515401985390432693, -0.08846349796184491132, -1.096999999999999753 ) ) ;
#4754 = DIRECTION ( 'NONE',  ( 0.000000000000000000, 0.9916236283806552088, 0.1291610608394971604 ) ) ;
#4755 = ORIENTED_EDGE ( 'NONE', *, *, #1486, .F. ) ;
#4756 = EDGE_CURVE ( 'NONE', #2936, #3625, #4027, .T. ) ;
#4757 = ORIENTED_EDGE ( 'NONE', *, *, #4536, .F. ) ;
#4758 = DIRECTION ( 'NONE',  ( -1.000000000000000000, 0.000000000000000000, 0.000000000000000000 ) ) ;
#4759 = CARTESIAN_POINT ( 'NONE',  ( 0.000000000000000000, -0.2240000000000000324, -0.6360000000000001208 ) ) ;
#4760 = DIRECTION ( 'NONE',  ( -0.000000000000000000, -0.000000000000000000, -1.000000000000000000 ) ) ;
#4761 = VERTEX_POINT ( 'NONE', #1272 ) ;
#4762 = DIRECTION ( 'NONE',  ( -1.000000000000000000, 0.000000000000000000, 0.000000000000000000 ) ) ;
#4763 = CYLINDRICAL_SURFACE ( 'NONE', #725, 0.1318110236220472464 ) ;
#4764 = DIRECTION ( 'NONE',  ( -0.000000000000000000, -0.000000000000000000, -1.000000000000000000 ) ) ;
#4765 = CARTESIAN_POINT ( 'NONE',  ( 0.1038771310065983167, 0.1318361344537815338, -1.274999999999999911 ) ) ;
#4766 = VERTEX_POINT ( 'NONE', #2780 ) ;
#4767 = CARTESIAN_POINT ( 'NONE',  ( -0.2240000000000000324, -0.04912736350806327923, -1.399000000000000021 ) ) ;
#4768 = EDGE_LOOP ( 'NONE', ( #924, #2926 ) ) ;
#4769 = CARTESIAN_POINT ( 'NONE',  ( -0.2240000000000000324, -0.1388697478991597622, -1.220999999999999863 ) ) ;
#4770 = CARTESIAN_POINT ( 'NONE',  ( 0.000000000000000000, 0.000000000000000000, -0.6640000000000002567 ) ) ;
#4771 = VERTEX_POINT ( 'NONE', #4291 ) ;
#4772 = ADVANCED_FACE ( 'NONE', ( #2406 ), #3077, .T. ) ;
#4773 = EDGE_CURVE ( 'NONE', #1396, #1345, #2529, .T. ) ;
#4774 = ADVANCED_FACE ( 'NONE', ( #3261 ), #3283, .T. ) ;
#4775 = ADVANCED_FACE ( 'NONE', ( #4341 ), #3402, .T. ) ;
#4776 = AXIS2_PLACEMENT_3D ( 'NONE', #918, #3946, #1690 ) ;
#4777 = AXIS2_PLACEMENT_3D ( 'NONE', #883, #4574, #2394 ) ;
#4778 = DIRECTION ( 'NONE',  ( 0.000000000000000000, 0.000000000000000000, 1.000000000000000000 ) ) ;
#4779 = CARTESIAN_POINT ( 'NONE',  ( -0.1174778889207218346, -0.1091717148729781511, -1.449004253555845390 ) ) ;
#4780 = ORIENTED_EDGE ( 'NONE', *, *, #753, .T. ) ;
#4781 = ORIENTED_EDGE ( 'NONE', *, *, #4684, .T. ) ;
#4782 = EDGE_CURVE ( 'NONE', #3461, #972, #1969, .T. ) ;
#4783 = VECTOR ( 'NONE', #4090, 39.37007874015748143 ) ;
#4784 = CIRCLE ( 'NONE', #2026, 0.04000000000000000083 ) ;
#4785 = DIRECTION ( 'NONE',  ( 1.000000000000000000, 0.000000000000000000, 0.000000000000000000 ) ) ;
#4786 = CARTESIAN_POINT ( 'NONE',  ( -0.2240000000000000324, 0.06527862401226496025, -1.274999999999999911 ) ) ;
#4787 = VERTEX_POINT ( 'NONE', #2556 ) ;
#4788 = DIRECTION ( 'NONE',  ( -0.000000000000000000, 1.000000000000000000, -0.000000000000000000 ) ) ;
#4789 = LINE ( 'NONE', #2097, #1355 ) ;
#4790 = PLANE ( 'NONE',  #4032 ) ;
#4791 = FACE_OUTER_BOUND ( 'NONE', #327, .T. ) ;
#4792 = VERTEX_POINT ( 'NONE', #4065 ) ;
#4793 = CARTESIAN_POINT ( 'NONE',  ( -0.1487688718478926142, 0.1000559349366347411, -1.007999999999999785 ) ) ;
#4794 = ORIENTED_EDGE ( 'NONE', *, *, #3890, .T. ) ;
#4795 = FACE_OUTER_BOUND ( 'NONE', #3744, .T. ) ;
#4796 = DIRECTION ( 'NONE',  ( -0.000000000000000000, -0.000000000000000000, -1.000000000000000000 ) ) ;
#4797 = ORIENTED_EDGE ( 'NONE', *, *, #2110, .T. ) ;
#4798 = AXIS2_PLACEMENT_3D ( 'NONE', #1246, #4691, #1278 ) ;
#4799 = EDGE_CURVE ( 'NONE', #30, #1076, #3161, .T. ) ;
#4800 = ORIENTED_EDGE ( 'NONE', *, *, #4726, .F. ) ;
#4801 = CARTESIAN_POINT ( 'NONE',  ( -0.1499602011100213961, -0.09549711140722307035, -1.042999999999999705 ) ) ;
#4802 = CARTESIAN_POINT ( 'NONE',  ( -0.2240000000000000324, -0.1854999999999999982, -0.8630000000000002114 ) ) ;
#4803 = ORIENTED_EDGE ( 'NONE', *, *, #601, .T. ) ;
#4804 = ORIENTED_EDGE ( 'NONE', *, *, #3870, .F. ) ;
#4805 = PLANE ( 'NONE',  #4154 ) ;
#4806 = LINE ( 'NONE', #1799, #2853 ) ;
#4807 = FACE_OUTER_BOUND ( 'NONE', #3523, .T. ) ;
#4808 = ORIENTED_EDGE ( 'NONE', *, *, #4653, .F. ) ;
#4809 = CYLINDRICAL_SURFACE ( 'NONE', #2892, 0.2179999999999999993 ) ;
#4810 = DIRECTION ( 'NONE',  ( -0.000000000000000000, -0.000000000000000000, -1.000000000000000000 ) ) ;
#4811 = DIRECTION ( 'NONE',  ( 0.000000000000000000, -0.1291610608394971327, -0.9916236283806550977 ) ) ;
#4812 = AXIS2_PLACEMENT_3D ( 'NONE', #3177, #4679, #1291 ) ;
#4813 = AXIS2_PLACEMENT_3D ( 'NONE', #1795, #4040, #1016 ) ;
#4814 = LINE ( 'NONE', #4835, #3755 ) ;
#4815 = CIRCLE ( 'NONE', #863, 0.2240000000000000324 ) ;
#4816 = EDGE_CURVE ( 'NONE', #809, #4712, #3716, .T. ) ;
#4817 = DIRECTION ( 'NONE',  ( 0.000000000000000000, 0.9916236283806552088, 0.1291610608394971882 ) ) ;
#4818 = AXIS2_PLACEMENT_3D ( 'NONE', #636, #3666, #2943 ) ;
#4819 = DIRECTION ( 'NONE',  ( 1.000000000000000000, 0.000000000000000000, 0.000000000000000000 ) ) ;
#4820 = DIRECTION ( 'NONE',  ( 0.000000000000000000, 0.000000000000000000, 1.000000000000000000 ) ) ;
#4821 = VERTEX_POINT ( 'NONE', #4728 ) ;
#4822 = ORIENTED_EDGE ( 'NONE', *, *, #158, .F. ) ;
#4823 = CARTESIAN_POINT ( 'NONE',  ( -0.2240000000000000324, -0.06071980048285321313, -1.310000000000000053 ) ) ;
#4824 =( LENGTH_UNIT ( ) NAMED_UNIT ( * ) SI_UNIT ( $, .METRE. ) );
#4825 = ORIENTED_EDGE ( 'NONE', *, *, #77, .T. ) ;
#4826 = DIRECTION ( 'NONE',  ( -0.000000000000000000, -0.000000000000000000, 1.000000000000000000 ) ) ;
#4827 = AXIS2_PLACEMENT_3D ( 'NONE', #2818, #3889, #1576 ) ;
#4828 = CARTESIAN_POINT ( 'NONE',  ( 0.1130564995388950167, -0.09921804972938565170, -1.458000000000000185 ) ) ;
#4829 = ORIENTED_EDGE ( 'NONE', *, *, #4243, .F. ) ;
#4830 = EDGE_CURVE ( 'NONE', #3472, #4707, #1252, .T. ) ;
#4831 = EDGE_CURVE ( 'NONE', #3944, #3429, #701, .T. ) ;
#4832 = CARTESIAN_POINT ( 'NONE',  ( 0.09832927531376374486, 0.1388697478991597067, -1.220999999999999863 ) ) ;
#4833 = ADVANCED_FACE ( 'NONE', ( #597 ), #2503, .T. ) ;
#4834 = PLANE ( 'NONE',  #2369 ) ;
#4835 = CARTESIAN_POINT ( 'NONE',  ( -0.2240000000000000324, 0.08390467443243304624, -1.131999999999999895 ) ) ;
#4836 = CARTESIAN_POINT ( 'NONE',  ( 0.1518474458011311312, 0.08694824448910939974, -1.108633236339065187 ) ) ;
#4837 = ORIENTED_EDGE ( 'NONE', *, *, #3131, .F. ) ;
#4838 = DIRECTION ( 'NONE',  ( 0.000000000000000000, 0.9916236283806550977, 0.1291610608394976323 ) ) ;
#4839 = VERTEX_POINT ( 'NONE', #2906 ) ;
#4840 = ORIENTED_EDGE ( 'NONE', *, *, #4012, .F. ) ;
#4841 = AXIS2_PLACEMENT_3D ( 'NONE', #2444, #4717, #4055 ) ;
#4842 = ORIENTED_EDGE ( 'NONE', *, *, #4590, .T. ) ;
#4843 = DIRECTION ( 'NONE',  ( 1.000000000000000000, 0.000000000000000000, 0.000000000000000000 ) ) ;
#4844 = AXIS2_PLACEMENT_3D ( 'NONE', #4393, #3287, #295 ) ;
#4845 = ORIENTED_EDGE ( 'NONE', *, *, #905, .F. ) ;
#4846 = DIRECTION ( 'NONE',  ( 1.000000000000000000, 0.000000000000000000, 0.000000000000000000 ) ) ;
#4847 = CIRCLE ( 'NONE', #3522, 0.2190000000000000002 ) ;
#4848 = DIRECTION ( 'NONE',  ( 1.000000000000000000, 0.000000000000000000, 0.000000000000000000 ) ) ;
#4849 = CARTESIAN_POINT ( 'NONE',  ( 0.000000000000000000, 0.000000000000000000, -0.6490000000000001323 ) ) ;
#4850 = ORIENTED_EDGE ( 'NONE', *, *, #2830, .T. ) ;
#4851 = AXIS2_PLACEMENT_3D ( 'NONE', #292, #3607, #1722 ) ;
#4852 = PLANE ( 'NONE',  #68 ) ;
#4853 = AXIS2_PLACEMENT_3D ( 'NONE', #2827, #2776, #187 ) ;
#4854 = DIRECTION ( 'NONE',  ( -0.000000000000000000, -0.000000000000000000, -1.000000000000000000 ) ) ;
#4855 = ADVANCED_FACE ( 'NONE', ( #574 ), #3233, .F. ) ;
#4856 = EDGE_CURVE ( 'NONE', #3321, #231, #2881, .T. ) ;
#4857 = DIRECTION ( 'NONE',  ( 0.000000000000000000, -1.000000000000000000, 0.000000000000000000 ) ) ;
#4858 = CARTESIAN_POINT ( 'NONE',  ( -0.2180000000000000271, 0.000000000000000000, 0.000000000000000000 ) ) ;
#4859 = DIRECTION ( 'NONE',  ( 1.000000000000000000, -0.000000000000000000, -0.000000000000000000 ) ) ;
#4860 = VERTEX_POINT ( 'NONE', #1818 ) ;
#4861 = DIRECTION ( 'NONE',  ( -0.000000000000000000, -0.000000000000000000, -1.000000000000000000 ) ) ;
#4862 = SURFACE_STYLE_FILL_AREA ( #4157 ) ;
#4863 = ORIENTED_EDGE ( 'NONE', *, *, #29, .F. ) ;
#4864 = ORIENTED_EDGE ( 'NONE', *, *, #1798, .F. ) ;
#4865 = CARTESIAN_POINT ( 'NONE',  ( 0.000000000000000000, 0.000000000000000000, -1.096999999999999753 ) ) ;
#4866 = EDGE_LOOP ( 'NONE', ( #787, #4332, #3468, #3549 ) ) ;
#4867 = CARTESIAN_POINT ( 'NONE',  ( 0.000000000000000000, -0.01324013157894735580, -1.458000000000000185 ) ) ;
#4868 = AXIS2_PLACEMENT_3D ( 'NONE', #1624, #4244, #3490 ) ;
#4869 = EDGE_CURVE ( 'NONE', #3965, #309, #4752, .T. ) ;
#4870 = CARTESIAN_POINT ( 'NONE',  ( 0.1318110236220472464, 1.614219481710762929E-17, 0.3728178745531591232 ) ) ;
#4871 = CIRCLE ( 'NONE', #3866, 0.2240000000000000324 ) ;
#4872 = ORIENTED_EDGE ( 'NONE', *, *, #3757, .F. ) ;
#4873 = CIRCLE ( 'NONE', #3393, 0.005000000000000014849 ) ;
#4874 = ORIENTED_EDGE ( 'NONE', *, *, #715, .T. ) ;
#4875 = AXIS2_PLACEMENT_3D ( 'NONE', #2405, #894, #3582 ) ;
#4876 = DIRECTION ( 'NONE',  ( -1.000000000000000000, 0.000000000000000000, 0.000000000000000000 ) ) ;
#4877 = EDGE_CURVE ( 'NONE', #290, #3179, #2443, .T. ) ;
#4878 = CARTESIAN_POINT ( 'NONE',  ( 0.2190000000000000002, 2.681976490132703440E-17, -0.7530000000000000027 ) ) ;
#4879 = CARTESIAN_POINT ( 'NONE',  ( 0.1538659093782338283, -0.07383448533813687098, -1.209313064659435444 ) ) ;
#4880 = FACE_OUTER_BOUND ( 'NONE', #3083, .T. ) ;
#4881 = FACE_OUTER_BOUND ( 'NONE', #2903, .T. ) ;
#4882 = AXIS2_PLACEMENT_3D ( 'NONE', #3507, #114, #3128 ) ;
#4883 = VERTEX_POINT ( 'NONE', #4439 ) ;
ENDSEC;
END-ISO-10303-21;
